y,is_multi,region_id,statut_id,categ_id
81.93,1,15,3,1
90.51,1,18,2,1
60.02,1,8,2,1
43.67,1,18,2,1
42.9,1,18,2,1
94.65,1,6,2,1
65.61,1,8,2,1
86.03,1,7,2,1
66.31,0,7,2,1
66.48,1,8,2,1
91.27,0,18,2,1
82.36,1,9,2,1
92.01,1,9,2,1
88.82,0,9,2,1
95.83,1,9,2,1
93.98,1,9,2,1
91.38,1,1,2,1
74.43,1,1,2,1
80.47,1,8,2,1
79.16,1,1,2,1
58.1,1,8,2,1
72.23,1,8,2,1
65.19,1,9,2,1
94.91,1,10,2,1
82.16,1,10,2,1
88.88,1,11,2,1
76.39,1,12,2,1
87.78,1,14,2,1
81.38,1,14,2,1
81.98,1,14,2,1
73.96,1,14,2,1
78.64,1,14,2,1
73.7,1,14,2,1
83.57,0,16,2,1
72.2,0,15,2,1
76.28,0,11,2,1
94.7,1,16,2,1
96.64,1,16,2,1
85.22,1,16,2,1
98.83,1,16,2,1
86.8,1,14,2,1
83.78,1,14,2,1
81.04,1,2,2,1
90.16,1,4,2,1
91.49,1,1,2,1
97.93,1,1,2,1
94.07,1,2,2,1
84.22,1,3,2,1
91.32,1,2,2,1
90.06,1,9,2,1
61.26,1,3,2,1
61.74,1,10,2,1
86.5,1,4,2,1
90.83,1,2,2,1
90.83,1,2,2,1
68.57,0,3,2,1
85.67,1,3,2,1
86.28,1,3,2,1
82.07,1,3,2,1
88.24,1,3,2,1
88.24,1,3,2,1
88.24,1,3,2,1
88.24,1,3,2,1
91.99,1,4,2,1
91.99,1,4,2,1
75.09,1,2,2,1
86.76,0,4,2,1
88.23,1,3,2,1
85.09,1,5,2,1
79.91,1,3,2,1
98.46,1,6,2,1
81.47,1,17,2,1
89.63,1,18,2,1
70.66,1,18,2,1
83.55,1,18,2,1
87.1,1,18,2,1
51.76,1,6,2,1
98.9,1,18,2,1
90.78,1,18,2,1
82.13,1,18,2,1
99.35,1,18,2,1
89.58,1,18,2,1
87.9,1,18,2,1
83.19,1,18,2,1
86.94,1,15,2,1
85.46,1,15,2,1
87.35,1,15,2,1
78.69,1,15,2,1
96.04,1,15,2,1
95.75,1,15,2,1
99.34,0,15,2,1
81.83,1,15,2,1
97.5,1,15,2,1
62.72,1,15,2,1
98.44,1,15,2,1
98.44,1,15,2,1
98.44,1,15,2,1
71.19,1,15,2,1
96.97,1,17,2,1
73.9,0,5,3,1
92.71,1,15,3,1
40.33,1,1,2,1
98.16,1,1,2,1
78.43,1,1,2,1
83.85,1,1,2,1
97.16,1,1,2,1
89.81,0,9,2,1
94.19,1,10,2,1
61.44,1,10,2,1
71.1,1,10,2,1
67.4,1,1,2,1
73.93,1,1,2,1
73.93,1,1,2,1
99.44,1,1,2,1
43.86,0,9,2,1
79.76,1,8,2,2
76.71,1,9,2,2
72.81,1,9,2,2
62.2,1,9,2,2
77.04,1,1,2,2
89.74,1,9,2,2
72.81,1,9,2,2
77.04,1,1,2,2
72.81,1,9,2,2
90.44,1,6,2,2
72.81,1,9,2,2
76.39,1,9,2,2
79.35,1,10,2,2
91.76,1,16,2,2
85.57,1,9,2,2
56.83,1,3,2,2
77.14,1,3,2,2
74.79,1,2,2,2
56.83,1,3,2,2
57.36,1,6,2,2
77.82,0,15,2,2
82.47,1,6,3,2
87.8,1,10,3,2
36.42,1,10,2,2
82.24,1,1,2,3
97.55,1,2,2,3
76.0,1,10,2,3
92.78,1,2,2,3
95.49,0,2,2,3
96.11,1,6,2,3
96.48,1,10,2,3
76.65,0,9,2,4
88.95,1,14,2,4
88.96,1,14,2,4
92.55,1,10,2,4
96.51,1,10,2,4
96.26,1,10,2,4
56.48,1,6,2,4
99.7,0,18,2,4
42.23,1,10,2,4
78.54,1,9,1,5
71.91,1,17,1,5
75.11,1,6,1,5
73.68,1,1,1,5
52.53,1,1,1,5
85.24,1,1,1,5
76.55,1,1,1,5
75.77,1,1,1,5
69.07,1,10,1,5
72.83,1,18,1,5
92.57,1,10,1,5
57.22,1,10,1,5
81.03,1,10,1,5
80.2,1,10,1,5
73.53,1,18,1,5
79.13,1,16,1,5
84.66,1,2,1,5
90.47,1,2,1,5
85.7,1,6,1,5
92.9,1,6,1,5
60.2,1,4,1,5
83.0,1,3,1,5
79.02,1,4,1,5
77.98,1,4,1,5
78.29,1,17,1,5
68.14,1,18,1,5
82.35,1,15,1,5
77.07,1,16,1,5
67.78,1,9,2,5
87.65,1,9,2,5
94.45,1,9,2,5
86.98,1,9,2,5
99.78,1,9,2,5
92.02,1,9,2,5
97.76,1,9,2,5
92.33,1,9,2,5
65.77,1,1,2,5
81.75,0,1,2,5
80.8,1,9,2,5
74.29,1,6,2,5
83.82,1,6,2,5
97.02,1,9,2,5
73.6,1,6,2,5
69.76,1,6,2,5
46.22,1,6,2,5
72.33,1,6,2,5
96.68,1,1,2,5
75.57,1,6,2,5
90.37,1,1,2,5
88.47,1,9,2,5
54.93,1,16,2,5
89.26,1,10,2,5
58.49,1,15,2,5
96.62,1,10,2,5
83.56,1,16,2,5
78.05,1,16,2,5
70.9,1,16,2,5
61.42,1,16,2,5
90.55,1,10,2,5
97.85,1,10,2,5
60.28,1,16,2,5
79.46,1,14,2,5
97.49,1,16,2,5
85.74,1,10,2,5
66.67,1,16,2,5
90.47,1,16,2,5
81.4,1,10,2,5
78.11,1,16,2,5
82.34,1,14,2,5
72.47,1,16,2,5
71.94,1,14,2,5
88.2,1,16,2,5
92.07,1,16,2,5
91.2,1,16,2,5
94.09,1,16,2,5
88.84,1,10,2,5
73.49,1,14,2,5
94.0,1,10,2,5
77.82,1,16,2,5
81.08,1,16,2,5
69.27,0,10,2,5
51.56,1,16,2,5
96.49,1,16,2,5
95.56,1,16,2,5
91.28,1,16,2,5
62.84,1,16,2,5
93.68,1,10,2,5
80.15,1,16,2,5
64.04,1,14,2,5
83.07,1,10,2,5
67.07,1,3,2,5
80.68,1,3,2,5
90.85,1,2,2,5
90.85,1,2,2,5
77.99,1,2,2,5
70.74,1,2,2,5
78.37,1,2,2,5
60.72,1,10,2,5
90.85,1,2,2,5
97.69,1,2,2,5
83.86,1,2,2,5
72.88,1,3,2,5
86.83,1,2,2,5
86.23,1,2,2,5
80.02,1,3,2,5
42.33,1,1,2,5
90.14,1,2,2,5
99.19,1,1,2,5
85.48,1,2,2,5
95.41,1,2,2,5
84.3,1,3,2,5
71.54,1,10,2,5
95.92,1,2,2,5
73.2,1,2,2,5
69.91,0,10,2,5
67.19,1,3,2,5
81.32,1,3,2,5
78.43,1,10,2,5
63.78,1,6,2,5
77.1,1,3,2,5
70.68,1,3,2,5
60.35,1,1,2,5
97.47,1,6,2,5
98.16,1,6,2,5
78.27,1,6,2,5
60.16,1,18,2,5
39.15,1,18,2,5
90.5,1,6,2,5
87.37,1,17,2,5
74.9,1,18,2,5
90.7,1,4,2,5
66.74,1,18,2,5
73.44,1,18,2,5
73.1,1,4,2,5
83.18,1,3,2,5
81.19,1,3,2,5
98.16,1,6,2,5
51.63,1,17,2,5
68.68,1,4,2,5
66.37,1,4,2,5
83.13,1,17,2,5
99.89,1,18,2,5
71.88,1,18,2,5
81.92,1,17,2,5
89.3,1,3,2,5
78.47,1,17,2,5
74.76,1,17,2,5
91.55,1,6,2,5
77.65,1,17,2,5
71.1,1,17,2,5
73.65,1,17,2,5
74.76,1,17,2,5
88.67,1,17,2,5
66.77,1,3,2,5
65.89,1,3,2,5
70.63,1,6,2,5
92.17,1,6,2,5
89.77,1,6,2,5
73.4,1,4,2,5
90.6,1,6,2,5
89.23,1,6,2,5
94.02,1,6,2,5
93.51,1,6,2,5
95.34,1,6,2,5
32.6,1,4,2,5
63.21,1,17,2,5
92.08,1,6,2,5
82.23,1,15,2,5
75.53,1,15,2,5
46.44,1,15,2,5
91.22,1,15,2,5
71.03,1,10,2,5
73.68,1,15,2,5
94.27,1,15,2,5
86.96,1,18,2,5
77.83,1,10,2,5
84.16,1,14,2,5
83.39,1,15,2,5
70.0,1,18,2,5
85.23,1,10,2,5
81.43,1,15,2,5
85.96,1,17,2,5
70.86,1,10,2,5
66.03,1,15,2,5
70.94,1,17,2,5
98.19,1,15,2,5
89.43,1,10,2,5
85.56,1,14,2,5
91.06,1,18,2,5
83.29,1,18,2,5
85.49,1,18,2,5
84.74,1,10,2,5
68.61,1,15,2,5
86.47,1,15,2,5
96.28,1,15,2,5
80.22,1,14,2,5
86.34,1,15,2,5
77.86,1,18,2,5
70.63,0,15,2,5
99.72,1,18,2,5
68.28,1,15,2,5
86.02,1,15,2,5
89.48,1,10,2,5
75.78,1,17,2,5
87.11,1,16,2,5
71.01,1,16,2,5
81.39,1,6,3,5
85.01,1,6,3,5
77.25,1,1,2,5
98.16,1,10,2,5
82.67,1,9,2,5
60.58,1,1,2,5
91.3,1,9,2,5
49.8,1,1,2,5
41.9,1,1,2,5
94.77,1,9,2,5
83.81,1,10,2,5
88.86,0,1,2,5
74.12,1,1,2,5
77.81,1,1,2,5
70.09,1,1,2,5
80.05,1,1,2,5
92.37,1,10,2,5
52.88,1,1,2,5
72.37,1,1,2,5
77.41,1,1,2,5
80.07,1,1,2,5
72.23,1,1,2,5
79.98,1,9,2,5
85.41,1,9,2,5
65.41,1,1,2,5
77.68,1,9,2,5
93.01,1,10,2,5
82.51,1,1,2,5
55.7,1,1,2,5
93.32,1,10,2,5
91.89,1,10,2,5
88.07,1,16,3,6
84.17,1,16,3,6
94.48,1,9,2,6
68.4,1,6,2,6
92.83,1,9,2,6
74.9,1,18,2,6
78.32,1,18,2,6
90.34,1,1,2,6
89.41,1,9,2,6
100.0,1,18,2,6
92.27,1,9,2,6
89.64,1,9,2,6
100.0,1,18,2,6
100.0,1,18,2,6
90.34,1,1,2,6
92.87,1,9,2,6
89.22,0,1,2,6
92.46,1,9,2,6
97.3,1,1,2,6
97.3,1,1,2,6
85.55,1,1,2,6
97.3,1,1,2,6
77.37,1,6,2,6
89.3,1,1,2,6
97.3,1,1,2,6
94.62,1,1,2,6
87.66,1,7,2,6
93.07,1,1,2,6
92.11,1,9,2,6
93.29,1,6,2,6
93.54,1,6,2,6
93.07,1,6,2,6
91.84,1,6,2,6
91.32,1,6,2,6
98.13,1,6,2,6
88.51,1,11,2,6
61.07,1,14,2,6
93.51,1,14,2,6
65.61,1,10,2,6
83.01,1,14,2,6
91.18,1,14,2,6
96.79,1,14,2,6
88.87,1,14,2,6
93.35,1,16,2,6
93.35,1,16,2,6
83.98,1,16,2,6
99.41,1,16,2,6
87.44,1,16,2,6
95.76,1,16,2,6
91.33,1,14,2,6
89.92,1,14,2,6
92.22,1,14,2,6
89.92,1,14,2,6
89.92,1,14,2,6
65.95,1,14,2,6
93.11,1,14,2,6
96.27,1,10,2,6
88.22,1,2,2,6
84.2,1,10,2,6
88.22,1,2,2,6
88.22,1,2,2,6
97.31,1,2,2,6
88.22,1,2,2,6
88.22,1,2,2,6
90.93,1,10,2,6
98.92,1,3,2,6
88.22,1,2,2,6
88.22,1,2,2,6
74.79,1,2,2,6
85.48,1,1,2,6
74.79,1,2,2,6
77.63,1,1,2,6
98.73,1,3,2,6
84.63,1,3,2,6
74.79,1,2,2,6
74.79,1,2,2,6
97.29,1,1,2,6
97.29,1,1,2,6
94.92,1,1,2,6
93.85,1,10,2,6
97.29,1,1,2,6
83.65,1,10,2,6
91.17,1,9,2,6
92.61,1,3,2,6
93.11,1,1,2,6
88.22,1,2,2,6
88.22,1,2,2,6
84.49,0,3,2,6
93.27,1,10,2,6
91.31,1,10,2,6
88.22,1,2,2,6
83.08,1,6,2,6
98.15,1,6,2,6
78.68,1,6,2,6
79.3,1,6,2,6
93.73,1,6,2,6
90.89,1,5,2,6
97.8,1,6,2,6
81.14,1,6,2,6
90.02,1,5,2,6
82.06,1,6,2,6
80.59,1,17,2,6
55.13,0,17,2,6
77.54,0,17,2,6
95.2,1,18,2,6
91.33,1,17,2,6
84.1,1,15,2,6
81.25,1,18,2,6
81.3,1,10,2,6
77.22,1,18,2,6
90.71,1,10,2,6
92.06,1,15,2,6
95.57,1,10,2,6
82.09,1,15,2,6
76.51,1,18,2,6
86.84,1,15,2,6
84.28,1,10,2,6
91.11,1,15,2,6
87.44,1,10,2,6
89.82,1,14,2,6
92.04,1,15,2,6
85.96,1,15,2,6
94.89,1,15,2,6
62.05,1,10,3,6
90.3,1,1,3,6
61.69,1,10,3,6
70.7,1,10,3,6
89.58,1,10,3,6
91.57,1,9,3,6
74.71,1,9,3,6
91.28,1,9,3,6
97.43,1,18,3,6
84.44,1,6,3,6
92.87,1,6,3,6
68.24,1,10,3,6
93.24,1,7,3,6
77.42,1,9,3,6
92.14,1,9,3,6
82.85,1,15,2,6
98.08,1,18,3,6
98.5,1,10,3,6
88.62,1,1,3,6
95.95,1,7,3,6
85.43,1,3,3,6
89.13,1,3,3,6
93.82,1,4,3,6
99.86,1,14,3,6
86.96,1,18,3,6
81.92,1,18,3,6
85.34,1,18,3,6
97.89,1,4,3,6
98.7,1,3,3,6
71.59,1,18,3,6
82.55,1,18,3,6
76.82,1,18,3,6
93.86,1,18,3,6
100.0,1,18,3,6
78.39,1,18,3,6
89.49,1,4,3,6
89.49,1,4,3,6
97.82,1,4,3,6
85.77,1,18,3,6
86.81,1,3,3,6
93.22,1,14,3,6
89.34,1,6,3,6
98.41,1,4,3,6
67.11,1,15,3,6
92.91,1,15,3,6
87.68,1,14,3,6
80.27,1,18,3,6
90.61,1,9,2,6
90.52,1,9,2,6
96.61,1,1,2,6
96.2,1,1,2,6
92.34,1,10,2,6
98.13,1,1,2,6
82.2,1,1,2,6
86.44,1,1,2,6
89.04,1,1,2,6
88.24,1,1,2,6
87.29,1,1,2,6
72.99,1,1,2,6
99.03,1,10,2,6
75.99,1,1,2,6
72.14,1,1,2,6
75.97,1,1,2,6
73.6,1,1,2,6
85.98,1,1,2,6
94.73,1,1,2,6
71.69,1,1,2,6
87.88,1,10,2,6
95.16,1,10,2,6
94.8,1,9,2,6
8.36,1,1,3,7
95.86,1,16,3,8
58.31,1,15,3,8
95.04,0,18,2,8
90.97,1,10,1,8
61.24,1,10,1,8
78.78,1,6,2,8
94.42,1,9,2,8
79.74,1,6,2,8
88.9,1,1,2,8
85.55,1,6,2,8
77.04,1,1,2,8
71.17,1,1,2,8
85.19,1,18,2,8
79.35,1,9,2,8
92.63,1,6,2,8
72.84,1,18,2,8
90.16,1,9,2,8
88.4,1,6,2,8
94.75,1,6,2,8
72.81,1,9,2,8
85.25,1,8,2,8
82.92,1,9,2,8
65.68,1,1,2,8
85.45,1,6,2,8
85.55,1,6,2,8
89.73,1,6,2,8
68.3,1,1,2,8
70.83,1,1,2,8
92.51,1,6,2,8
83.19,1,1,2,8
72.81,1,9,2,8
79.91,0,1,2,8
72.81,1,9,2,8
92.24,1,6,2,8
76.71,1,9,2,8
94.81,1,9,2,8
66.4,1,6,2,8
94.38,1,18,2,8
88.1,1,6,2,8
66.14,1,1,2,8
88.62,1,9,2,8
74.85,1,9,2,8
79.76,1,9,2,8
88.62,1,6,2,8
76.39,1,9,2,8
86.74,1,9,2,8
74.33,1,6,2,8
91.88,1,9,2,8
53.32,1,9,2,8
93.47,1,9,2,8
98.04,1,9,2,8
78.46,1,1,2,8
63.1,1,18,2,8
86.12,1,18,2,8
54.83,0,9,2,8
68.66,1,9,2,8
72.12,1,9,2,8
91.96,1,6,2,8
95.33,1,9,2,8
85.42,1,1,2,8
87.92,1,6,2,8
80.58,1,9,2,8
85.55,1,6,2,8
85.36,1,6,2,8
82.12,1,8,2,8
63.37,1,9,2,8
94.96,1,9,2,8
46.47,1,1,2,8
75.81,1,9,2,8
82.79,1,1,2,8
72.81,1,9,2,8
92.14,1,9,2,8
61.85,1,9,2,8
91.95,1,6,2,8
53.32,1,16,2,8
92.42,1,10,2,8
82.56,1,16,2,8
60.95,1,10,2,8
91.68,1,16,2,8
83.41,0,10,2,8
77.31,1,16,2,8
85.68,1,16,2,8
97.64,1,16,2,8
96.63,1,16,2,8
79.47,1,12,2,8
64.5,1,16,2,8
94.66,1,12,2,8
80.45,1,10,2,8
80.97,1,16,2,8
92.33,1,16,2,8
93.62,1,11,2,8
83.61,1,16,2,8
65.59,0,15,2,8
86.25,1,16,2,8
77.0,1,15,2,8
62.77,1,16,2,8
81.16,1,16,2,8
82.16,1,16,2,8
88.51,1,16,2,8
58.99,1,10,2,8
92.9,1,16,2,8
70.15,1,10,2,8
87.25,1,10,2,8
84.75,1,16,2,8
75.23,1,16,2,8
61.71,1,16,2,8
85.19,1,16,2,8
88.39,1,14,2,8
82.53,1,14,2,8
50.7,1,16,2,8
85.59,1,10,2,8
65.37,1,16,2,8
94.51,1,10,2,8
65.37,1,16,2,8
62.47,1,16,2,8
95.54,1,10,2,8
66.12,1,10,2,8
88.16,1,14,2,8
81.41,1,10,2,8
74.14,1,10,2,8
93.01,1,10,2,8
75.4,1,14,2,8
86.39,1,16,2,8
70.29,1,16,2,8
78.11,1,14,2,8
69.24,1,16,2,8
86.41,1,10,2,8
72.54,1,10,2,8
80.47,1,10,2,8
78.6,1,14,2,8
95.0,1,16,2,8
80.75,1,16,2,8
67.55,1,10,2,8
95.82,1,16,2,8
50.55,1,16,2,8
63.76,0,10,2,8
94.84,1,14,2,8
97.6,1,16,2,8
91.8,1,14,2,8
74.42,0,10,2,8
68.16,1,10,2,8
84.69,1,10,2,8
66.84,1,2,2,8
66.84,1,2,2,8
66.84,1,2,2,8
71.31,1,2,2,8
71.37,1,2,2,8
48.79,1,2,2,8
70.33,1,10,2,8
87.71,0,2,2,8
74.16,1,2,2,8
34.94,1,10,2,8
69.73,0,2,2,8
62.37,1,10,2,8
83.59,1,10,2,8
85.35,1,3,2,8
59.97,1,10,2,8
65.2,1,2,2,8
93.38,1,1,2,8
91.59,1,9,2,8
68.85,0,2,2,8
90.11,0,2,2,8
67.66,1,3,2,8
80.17,1,1,2,8
90.27,1,1,2,8
95.55,1,1,2,8
57.12,1,2,2,8
95.54,0,10,2,8
83.94,1,3,2,8
93.58,1,10,2,8
64.97,1,10,2,8
62.03,1,10,2,8
77.46,1,10,2,8
65.91,1,10,2,8
74.48,1,3,2,8
85.64,1,3,2,8
63.87,1,10,2,8
62.08,1,2,2,8
68.15,1,2,2,8
76.14,1,1,2,8
76.32,1,1,2,8
96.45,1,1,2,8
69.84,1,10,2,8
56.33,1,1,2,8
76.13,1,3,2,8
85.78,1,10,2,8
89.19,1,9,2,8
71.44,1,2,2,8
77.55,1,3,2,8
88.39,1,1,2,8
81.43,1,3,2,8
82.69,1,3,2,8
65.67,1,10,2,8
64.01,1,3,2,8
85.64,1,3,2,8
85.64,1,3,2,8
79.72,1,3,2,8
58.18,1,3,2,8
92.51,1,3,2,8
90.33,0,2,2,8
83.93,1,3,2,8
97.2,1,1,2,8
86.8,1,3,2,8
85.35,1,3,2,8
85.91,1,10,2,8
95.83,1,10,2,8
77.77,1,2,2,8
77.34,1,6,2,8
76.27,1,17,2,8
88.67,1,18,2,8
65.2,1,18,2,8
95.42,1,3,2,8
52.79,1,18,2,8
58.42,1,17,2,8
76.59,1,5,2,8
64.05,1,18,2,8
71.4,1,18,2,8
64.31,1,5,2,8
82.51,1,6,2,8
60.12,1,18,2,8
64.23,1,18,2,8
42.93,1,18,2,8
65.4,1,18,2,8
74.13,1,18,2,8
93.99,1,3,2,8
76.97,1,18,2,8
81.02,1,18,2,8
62.33,1,17,2,8
84.29,1,17,2,8
84.67,1,18,2,8
56.21,1,18,2,8
71.89,0,18,2,8
45.9,1,5,2,8
76.59,1,5,2,8
90.35,1,4,2,8
79.59,1,6,2,8
67.96,1,18,2,8
83.55,1,18,2,8
67.64,1,18,2,8
95.31,1,4,2,8
65.42,1,18,2,8
83.14,1,17,2,8
79.86,1,17,2,8
74.7,1,6,2,8
74.31,1,18,2,8
77.1,1,18,2,8
83.43,1,6,2,8
84.47,1,6,2,8
95.05,0,17,2,8
94.98,1,4,2,8
91.36,1,6,2,8
93.04,1,6,2,8
91.31,1,18,2,8
72.39,1,6,2,8
80.17,1,6,2,8
56.64,1,6,2,8
56.64,1,6,2,8
79.81,1,3,2,8
57.36,1,6,2,8
82.71,1,17,2,8
99.67,1,18,2,8
63.35,1,18,2,8
67.23,1,18,2,8
90.47,1,6,2,8
94.66,1,4,2,8
87.33,1,6,2,8
94.74,1,18,2,8
71.66,1,6,2,8
65.87,1,6,2,8
68.55,1,18,2,8
97.34,1,18,2,8
66.26,1,6,2,8
57.33,1,17,2,8
94.46,1,6,2,8
94.72,1,6,2,8
92.54,1,4,2,8
68.47,1,17,2,8
94.73,1,18,2,8
54.11,1,17,2,8
64.6,1,17,2,8
81.42,1,17,2,8
94.87,1,3,2,8
92.53,1,18,2,8
91.25,1,4,2,8
96.95,1,18,2,8
78.82,1,4,2,8
87.76,1,18,2,8
83.56,1,10,2,8
68.67,1,15,2,8
81.96,1,18,2,8
33.38,1,18,2,8
81.96,1,18,2,8
76.38,1,18,2,8
47.5,1,15,2,8
86.05,1,10,2,8
72.36,1,18,2,8
93.07,1,15,2,8
77.45,1,15,2,8
96.65,1,18,2,8
69.75,1,15,2,8
82.03,1,10,2,8
63.66,1,15,2,8
95.69,1,18,2,8
93.83,1,15,2,8
73.58,1,10,2,8
95.85,0,18,2,8
84.26,1,10,2,8
55.42,1,15,2,8
87.48,1,15,2,8
77.93,1,17,2,8
82.39,1,15,2,8
98.53,1,10,2,8
69.89,1,14,2,8
59.97,1,10,2,8
53.86,1,18,2,8
58.91,1,10,2,8
67.96,1,18,2,8
88.53,1,18,2,8
79.15,1,10,2,8
84.9,1,18,2,8
79.92,0,18,2,8
75.71,1,10,2,8
56.89,0,15,2,8
94.57,0,18,2,8
83.72,1,10,2,8
48.28,1,10,2,8
52.38,1,15,2,8
79.07,1,15,2,8
48.58,1,16,2,8
66.05,1,16,2,8
78.47,0,16,2,8
89.16,1,16,2,8
83.67,1,16,2,8
80.85,1,2,3,8
46.54,1,16,2,8
75.91,1,15,2,8
81.56,1,16,2,8
58.51,1,16,2,8
80.47,1,17,2,8
89.37,1,10,3,8
58.96,1,16,2,8
86.18,1,15,2,8
95.75,1,10,3,8
76.26,1,16,2,8
56.81,1,16,2,8
62.34,1,1,3,8
94.14,1,17,2,8
75.4,1,16,2,8
97.11,1,18,3,8
77.72,1,3,3,8
76.12,1,15,3,8
94.66,1,18,3,8
77.57,0,10,3,8
54.52,1,15,3,8
50.73,1,14,3,8
59.79,0,15,3,8
85.29,1,15,3,8
76.83,1,3,3,8
88.78,1,11,3,8
90.16,1,6,3,8
65.17,1,15,3,8
77.72,1,3,3,8
78.74,1,9,2,8
80.03,1,9,2,8
92.37,1,10,2,8
79.54,1,10,2,8
67.68,1,1,2,8
73.07,1,1,2,8
54.41,1,1,2,8
68.51,1,1,2,8
67.57,1,1,2,8
72.99,1,1,2,8
67.96,1,1,2,8
90.65,1,1,2,8
85.46,1,10,2,8
85.01,1,10,2,8
85.97,1,9,2,8
53.49,1,1,2,8
66.94,1,10,2,8
87.32,1,1,2,8
81.97,1,10,2,8
75.19,1,9,2,8
59.0,1,1,2,8
77.87,1,1,2,8
85.0,1,1,2,8
62.13,1,1,2,8
69.99,0,1,2,8
88.21,1,1,2,8
99.45,1,1,2,8
70.22,1,1,2,8
98.51,1,1,2,8
55.26,1,1,2,8
75.71,1,9,2,8
92.05,1,1,2,8
75.35,1,9,2,8
95.69,1,10,2,8
82.5,1,10,2,8
76.48,1,10,2,8
92.8,1,1,2,8
70.86,1,1,2,8
70.86,1,1,2,8
64.58,1,1,2,8
65.16,1,1,2,8
64.95,1,1,2,8
80.92,1,1,2,8
65.46,1,1,2,8
55.01,1,10,2,8
63.51,1,1,2,8
55.31,1,9,2,8
81.24,1,1,2,8
35.23,1,1,2,8
64.94,1,10,2,8
97.01,1,1,2,8
65.31,1,10,2,8
82.93,1,1,2,8
74.52,1,10,2,8
85.56,1,10,2,8
87.64,1,1,2,8
71.51,1,1,2,8
56.42,1,10,2,8
81.34,1,10,2,8
84.29,1,10,2,8
76.73,1,10,2,8
97.87,1,10,2,8
69.9,1,1,2,8
65.2,1,1,2,8
66.15,1,10,2,8
70.13,1,10,2,8
91.47,1,9,2,8
66.86,1,1,2,8
63.84,1,10,2,8
83.0,1,1,2,8
70.27,1,10,2,8
95.77,1,1,2,8
93.97,1,10,2,8
76.31,1,10,2,8
73.06,1,1,2,8
64.48,1,1,2,8
83.54,0,1,2,8
78.55,1,10,2,8
86.86,1,10,2,8
92.28,1,9,2,8
86.76,1,10,2,8
94.58,1,10,2,8
51.16,1,1,2,8
91.23,1,10,2,8
70.35,1,9,2,8
76.37,1,9,2,8
92.14,1,9,2,8
77.74,1,9,2,8
71.18,1,9,2,8
91.8,1,1,2,8
84.99,1,2,1,9
83.95,1,2,1,9
68.64,1,9,1,9
79.79,1,18,2,9
82.93,0,6,2,9
86.74,1,9,2,9
88.06,1,9,2,9
73.71,1,18,2,9
77.62,1,18,2,9
91.11,1,1,2,9
87.43,1,9,2,9
98.13,1,6,2,9
72.8,1,9,2,9
93.09,1,9,2,9
82.9,1,6,2,9
71.35,1,9,2,9
91.84,1,6,2,9
88.32,1,9,2,9
91.11,1,1,2,9
90.96,1,6,2,9
62.06,1,6,2,9
62.06,1,6,2,9
90.01,1,6,2,9
81.86,1,7,2,9
85.21,1,7,2,9
98.13,1,6,2,9
69.28,1,10,2,9
89.0,1,12,2,9
51.89,1,10,2,9
83.59,1,11,2,9
93.78,1,10,2,9
76.0,1,14,2,9
90.46,1,16,2,9
73.01,1,14,2,9
96.45,1,16,2,9
70.62,1,11,2,9
79.61,1,14,2,9
88.07,1,16,2,9
71.0,1,10,2,9
77.43,1,16,2,9
54.26,1,10,2,9
100.0,1,10,2,9
99.68,1,16,2,9
74.63,0,14,2,9
83.98,1,16,2,9
57.57,1,10,2,9
83.42,1,16,2,9
86.13,1,11,2,9
96.59,1,16,2,9
88.71,1,14,2,9
91.33,1,14,2,9
81.21,1,16,2,9
72.24,1,16,2,9
89.47,1,16,2,9
95.25,1,14,2,9
95.25,1,14,2,9
95.37,1,16,2,9
95.25,1,14,2,9
95.25,1,14,2,9
81.08,1,16,2,9
99.48,1,10,2,9
95.25,1,14,2,9
95.25,1,14,2,9
87.83,1,16,2,9
93.72,1,10,2,9
61.44,1,14,2,9
90.05,1,2,2,9
92.35,1,10,2,9
97.88,1,2,2,9
76.35,1,2,2,9
76.97,1,2,2,9
99.69,1,10,2,9
90.05,1,2,2,9
90.05,1,2,2,9
87.09,1,9,2,9
90.05,1,2,2,9
90.05,1,2,2,9
90.05,1,2,2,9
97.27,1,10,2,9
76.35,1,2,2,9
73.49,1,10,2,9
74.86,1,3,2,9
72.29,1,2,2,9
72.29,1,2,2,9
98.77,1,10,2,9
93.03,1,10,2,9
93.6,1,1,2,9
77.21,1,1,2,9
89.82,1,10,2,9
94.39,1,10,2,9
92.49,1,10,2,9
95.89,1,2,2,9
95.89,1,2,2,9
95.89,1,2,2,9
95.89,1,2,2,9
91.89,1,10,2,9
74.89,1,3,2,9
92.89,1,10,2,9
95.83,1,10,2,9
89.04,1,10,2,9
90.51,1,10,2,9
100.0,1,10,2,9
92.35,1,10,2,9
100.0,1,10,2,9
92.2,1,10,2,9
90.59,1,10,2,9
84.47,1,10,2,9
92.56,1,10,2,9
92.31,1,10,2,9
90.83,1,10,2,9
96.81,1,10,2,9
90.08,1,10,2,9
88.84,1,10,2,9
91.48,1,10,2,9
88.23,1,10,2,9
95.2,1,3,2,9
86.51,1,9,2,9
99.39,1,10,2,9
93.98,1,10,2,9
85.31,1,10,2,9
85.27,1,10,2,9
90.0,1,10,2,9
99.21,1,10,2,9
91.36,1,10,2,9
85.8,1,18,2,9
90.21,0,6,2,9
88.57,1,5,2,9
94.7,1,6,2,9
77.61,1,5,2,9
80.3,1,6,2,9
80.3,1,6,2,9
76.25,1,6,2,9
67.66,1,6,2,9
76.25,1,6,2,9
98.08,1,4,2,9
92.58,1,3,2,9
76.14,1,6,2,9
83.99,1,6,2,9
91.54,1,18,2,9
67.66,1,6,2,9
79.49,1,6,2,9
87.9,1,3,2,9
88.03,1,18,2,9
69.54,0,6,2,9
89.35,1,18,2,9
91.36,1,4,2,9
96.72,1,15,2,9
80.51,1,18,2,9
78.55,1,18,2,9
90.48,1,15,2,9
91.33,1,17,2,9
94.45,1,15,2,9
96.32,1,15,2,9
96.32,1,15,2,9
96.47,1,15,2,9
96.32,1,15,2,9
96.32,1,15,2,9
94.32,1,17,2,9
96.32,1,15,2,9
84.5,1,15,2,9
98.43,1,15,2,9
86.98,1,18,2,9
94.7,1,15,2,9
55.0,0,10,2,9
82.79,1,15,2,9
92.7,1,15,2,9
87.47,1,15,2,9
94.86,1,15,2,9
98.2,1,15,2,9
93.66,1,15,2,9
91.42,1,15,2,9
88.74,1,18,2,9
88.72,1,14,2,9
96.03,1,15,2,9
80.85,1,10,2,9
96.32,1,15,2,9
55.66,1,16,2,9
69.44,1,16,2,9
98.55,1,10,3,9
98.56,1,10,3,9
39.2,1,10,3,9
98.78,1,10,3,9
34.56,1,10,3,9
83.67,1,15,3,9
72.34,1,1,2,9
85.22,1,10,2,9
38.07,1,10,2,9
61.24,1,10,2,9
83.28,1,1,2,9
94.27,1,9,2,9
94.27,1,9,2,9
70.16,1,10,2,9
69.86,1,10,2,9
94.36,1,1,2,9
70.97,1,1,2,9
77.84,1,9,2,9
94.27,1,9,2,9
76.71,1,1,2,9
53.29,1,1,2,9
94.27,1,9,2,9
67.75,1,1,2,9
51.07,1,9,2,9
78.8,1,1,2,9
90.42,1,1,2,9
72.66,1,1,2,9
80.03,1,1,2,9
94.36,1,1,2,9
93.77,1,1,2,9
66.83,1,10,2,9
88.67,1,10,2,9
81.59,1,10,2,9
45.19,1,10,2,9
41.74,1,10,2,9
94.36,1,1,2,9
100.0,1,10,2,9
68.32,1,10,2,9
92.56,1,10,2,9
50.94,1,10,2,9
100.0,1,10,2,9
86.83,1,10,2,9
49.16,1,10,2,9
80.02,1,1,2,9
82.03,1,1,2,9
57.78,1,1,2,10
93.08,1,9,2,10
67.44,1,9,2,10
82.61,1,6,2,10
50.46,1,9,2,10
72.19,1,8,2,10
72.81,1,14,2,10
81.76,1,10,2,10
74.61,1,14,2,10
96.09,1,14,2,10
95.93,1,10,2,10
80.46,1,14,2,10
74.1,1,14,2,10
83.54,0,16,2,10
66.21,1,10,2,10
65.69,1,10,2,10
82.88,1,2,2,10
73.49,1,10,2,10
92.24,1,2,2,10
79.17,1,10,2,10
75.86,1,3,2,10
94.05,1,10,2,10
64.24,1,2,2,10
69.09,1,2,2,10
70.48,1,2,2,10
81.56,1,2,2,10
51.56,1,1,2,10
94.34,1,10,2,10
90.7,1,6,2,10
81.81,1,4,2,10
82.6,1,4,2,10
97.34,1,18,2,10
97.25,1,6,2,10
60.1,1,4,2,10
85.55,1,4,2,10
90.73,0,6,2,10
85.01,1,15,2,10
66.18,1,18,2,10
61.59,1,14,2,10
69.58,1,15,2,10
84.2,0,10,2,10
55.87,1,14,2,10
82.24,1,15,2,10
68.59,1,10,2,10
95.6,1,15,2,10
55.49,1,1,3,10
80.82,1,17,2,10
85.17,1,17,2,10
74.6,1,9,3,10
83.84,1,4,3,10
39.09,0,1,2,10
84.25,1,9,2,10
74.06,1,10,2,10
75.28,1,10,2,10
78.82,1,10,2,10
59.8,1,1,2,10
67.94,1,10,2,10
71.04,1,1,2,10
62.62,1,1,2,10
52.34,1,2,1,11
71.98,1,9,2,11
63.32,1,1,2,11
62.69,1,9,2,11
86.69,1,1,2,11
96.08,1,9,2,11
96.45,1,9,2,11
77.24,1,9,2,11
93.82,1,9,2,11
82.66,1,6,2,11
78.59,1,9,2,11
87.28,1,10,2,11
90.62,1,16,2,11
79.52,1,14,2,11
82.41,1,10,2,11
81.08,1,16,2,11
98.47,1,16,2,11
60.29,1,16,2,11
75.98,1,16,2,11
69.53,1,10,2,11
84.44,1,10,2,11
82.49,1,10,2,11
75.45,1,16,2,11
56.98,1,16,2,11
96.38,1,10,2,11
97.55,1,2,2,11
77.13,1,3,2,11
84.07,1,2,2,11
87.91,1,10,2,11
78.82,1,2,2,11
68.45,1,2,2,11
66.48,1,3,2,11
56.38,1,1,2,11
70.3,1,3,2,11
90.59,1,2,2,11
81.26,1,10,2,11
44.07,1,10,2,11
68.3,1,3,2,11
72.87,1,3,2,11
53.84,1,3,2,11
68.83,1,2,2,11
58.27,1,4,2,11
74.67,1,6,2,11
84.73,1,6,2,11
71.15,1,4,2,11
83.37,1,17,2,11
82.39,1,4,2,11
52.57,1,6,2,11
98.92,1,6,2,11
42.15,1,17,2,11
80.95,1,4,2,11
96.45,1,4,2,11
89.68,1,6,2,11
68.16,1,10,2,11
89.19,1,15,2,11
81.48,1,18,2,11
85.77,1,10,2,11
94.94,1,10,2,11
64.49,1,15,2,11
82.2,1,18,2,11
86.85,1,15,2,11
84.28,1,15,2,11
92.01,1,10,2,11
91.73,1,10,2,11
93.52,1,15,2,11
71.94,1,14,2,11
80.47,1,15,2,11
66.36,1,10,2,11
94.47,1,15,2,11
90.51,1,15,2,11
89.83,1,15,2,11
91.52,1,17,2,11
72.13,1,16,2,11
81.82,1,6,3,11
93.91,1,10,2,11
55.11,1,1,2,11
88.69,1,10,2,11
79.17,1,1,2,11
81.22,1,1,2,11
74.83,1,9,2,11
88.53,1,10,2,11
82.18,1,9,2,11
85.7,1,10,2,11
67.55,1,1,2,11
94.28,1,10,2,11
84.1,1,10,2,11
65.49,1,10,2,11
78.88,1,10,2,11
85.04,1,1,2,11
92.06,1,10,2,11
62.48,1,10,2,12
79.5,1,14,2,12
79.82,1,3,2,12
88.73,1,17,2,12
98.18,1,6,2,12
88.73,1,17,2,12
98.43,1,6,2,12
88.9,1,10,2,12
90.96,1,15,2,12
82.21,1,17,2,12
94.52,1,9,2,12
76.12,1,10,2,12
88.88,1,16,3,13
76.85,1,16,3,13
90.55,1,16,3,13
79.62,1,16,3,13
74.77,1,15,3,13
57.96,1,16,3,13
24.89,1,16,3,13
60.51,0,17,1,13
98.32,1,15,1,13
95.94,1,18,2,13
87.74,1,7,2,13
51.89,1,1,2,13
78.53,1,9,2,13
85.35,1,9,2,13
82.87,1,6,2,13
74.27,1,1,2,13
86.16,1,9,2,13
76.7,1,1,2,13
69.05,1,16,2,13
37.4,1,16,2,13
79.0,1,16,2,13
80.0,1,16,2,13
63.13,1,16,2,13
72.66,1,16,2,13
99.76,1,10,2,13
91.97,1,10,2,13
91.89,1,14,2,13
98.71,1,16,2,13
53.42,1,10,2,13
95.67,1,14,2,13
56.86,1,16,2,13
86.4,1,10,2,13
87.99,1,10,2,13
94.07,1,10,2,13
70.01,1,16,2,13
72.81,1,16,2,13
94.15,1,16,2,13
98.47,1,10,2,13
80.0,1,16,2,13
80.7,1,11,2,13
92.17,1,2,2,13
99.93,1,10,2,13
91.32,1,2,2,13
84.32,1,10,2,13
87.64,1,2,2,13
91.97,1,2,2,13
91.32,1,2,2,13
98.71,1,10,2,13
65.01,1,10,2,13
83.94,1,3,2,13
80.6,1,1,2,13
86.39,1,3,2,13
83.62,1,1,2,13
99.51,0,1,2,13
82.12,0,3,2,13
83.38,0,3,2,13
91.66,1,2,2,13
61.19,1,3,2,13
90.51,1,1,2,13
55.96,1,2,2,13
98.97,1,9,2,13
92.58,1,2,2,13
92.0,1,2,2,13
98.22,1,3,2,13
85.46,1,2,2,13
89.65,1,10,2,13
84.08,1,17,2,13
97.46,1,17,2,13
88.22,1,17,2,13
78.57,1,6,2,13
91.95,1,6,2,13
76.79,1,4,2,13
85.91,1,4,2,13
95.79,0,5,2,13
92.53,1,17,2,13
85.61,1,5,2,13
81.69,1,6,2,13
70.2,1,3,2,13
96.04,0,17,2,13
76.94,1,18,2,13
72.22,1,4,2,13
83.04,0,4,2,13
46.8,0,6,2,13
59.63,0,17,2,13
63.07,1,10,2,13
94.23,0,18,2,13
65.01,1,10,2,13
82.33,1,15,2,13
95.5,1,15,2,13
81.99,1,15,2,13
88.25,0,15,2,13
65.01,1,10,2,13
72.9,0,15,2,13
89.04,0,18,2,13
61.52,1,15,2,13
98.1,1,18,2,13
77.76,1,2,3,13
92.82,1,18,3,13
67.9,1,2,3,13
95.37,1,17,2,13
95.5,0,16,2,13
98.26,1,16,2,13
88.18,1,1,3,13
82.78,1,1,3,13
75.75,1,1,3,13
87.27,1,1,3,13
93.12,1,16,2,13
93.59,1,16,2,13
81.24,1,1,3,13
43.83,1,9,3,13
76.55,1,1,3,13
80.1,1,9,3,13
92.62,1,16,2,13
77.74,1,16,2,13
69.31,1,16,2,13
88.12,1,17,3,13
81.65,1,18,3,13
50.64,1,17,3,13
93.84,1,18,3,13
79.69,1,3,3,13
85.37,1,15,3,13
71.78,1,15,3,13
61.49,1,15,3,13
98.03,1,4,3,13
74.72,1,17,3,13
90.34,1,17,3,13
98.76,1,10,3,13
80.11,1,18,3,13
72.69,1,10,3,13
38.77,1,14,3,13
56.28,1,1,2,13
46.79,0,1,2,13
96.24,1,1,2,13
89.92,1,10,2,13
49.51,1,10,2,13
41.74,1,1,2,13
79.66,0,1,2,13
98.86,1,1,2,13
88.4,1,1,2,13
96.87,1,1,2,13
54.86,1,1,2,13
91.11,1,1,2,13
62.38,1,1,2,13
78.27,0,10,2,13
28.41,1,1,2,13
77.86,1,10,2,14
95.19,1,16,2,14
89.94,1,10,2,14
77.86,1,10,2,14
90.16,1,10,2,14
62.45,1,10,2,14
74.27,1,10,2,14
59.09,1,2,2,14
100.0,1,18,2,14
85.41,1,18,2,14
88.75,1,18,2,14
71.37,1,10,3,14
55.49,1,1,3,14
87.41,1,4,3,14
77.15,1,1,2,14
91.19,1,10,2,14
98.4,1,16,3,15
78.41,1,16,3,15
59.42,1,16,3,15
94.99,1,16,3,15
97.37,1,16,3,15
96.41,1,16,3,15
95.09,1,16,3,15
81.93,1,15,3,15
88.44,1,9,2,15
88.77,0,7,2,15
79.43,1,9,2,15
49.96,1,8,2,15
94.98,1,6,2,15
84.0,1,9,2,15
95.54,1,9,2,15
75.94,1,6,2,15
93.2,1,9,2,15
99.43,0,9,2,15
68.93,1,8,2,15
88.5,1,6,2,15
85.18,1,9,2,15
90.41,1,6,2,15
73.7,1,18,2,15
69.12,1,9,2,15
68.72,1,8,2,15
95.95,1,18,2,15
61.67,1,8,2,15
98.95,1,9,2,15
74.84,0,7,2,15
93.82,1,6,2,15
58.22,1,9,2,15
95.54,1,9,2,15
86.29,1,18,2,15
96.33,1,18,2,15
64.48,1,18,2,15
66.37,1,9,2,15
69.7,1,9,2,15
96.44,1,18,2,15
96.0,1,18,2,15
96.48,1,6,2,15
95.63,1,18,2,15
90.91,1,7,2,15
94.73,1,10,2,15
82.11,1,16,2,15
63.81,1,16,2,15
85.8,1,11,2,15
73.71,1,16,2,15
97.07,1,10,2,15
88.65,1,16,2,15
70.48,1,16,2,15
94.69,1,14,2,15
94.69,1,14,2,15
68.25,1,16,2,15
89.54,1,10,2,15
97.27,1,10,2,15
88.5,1,16,2,15
75.54,1,11,2,15
74.12,1,11,2,15
79.0,1,16,2,15
73.25,1,10,2,15
82.81,1,10,2,15
81.72,1,16,2,15
76.29,1,14,2,15
76.29,1,14,2,15
84.37,1,16,2,15
97.1,1,10,2,15
86.33,1,16,2,15
78.28,1,16,2,15
88.25,0,16,2,15
95.76,1,14,2,15
78.28,1,16,2,15
91.35,1,10,2,15
69.85,1,14,2,15
90.9,1,10,2,15
89.56,1,10,2,15
72.93,1,14,2,15
84.47,1,11,2,15
89.44,1,16,2,15
93.67,1,16,2,15
99.15,1,10,2,15
88.71,1,10,2,15
95.31,1,14,2,15
87.18,1,14,2,15
76.87,1,14,2,15
90.8,1,14,2,15
84.17,1,12,2,15
89.32,0,12,2,15
98.45,1,16,2,15
72.23,1,10,2,15
72.47,1,16,2,15
79.08,1,10,2,15
87.48,1,16,2,15
61.73,1,11,2,15
99.05,1,10,2,15
82.49,1,16,2,15
84.52,1,16,2,15
85.27,1,15,2,15
91.58,1,2,2,15
78.85,1,1,2,15
73.47,1,3,2,15
93.09,1,1,2,15
95.07,1,2,2,15
87.75,1,2,2,15
77.01,1,9,2,15
89.01,1,1,2,15
76.11,1,2,2,15
81.46,1,9,2,15
83.68,1,1,2,15
90.62,1,1,2,15
93.84,1,2,2,15
78.16,1,1,2,15
87.89,1,1,2,15
79.54,1,1,2,15
93.01,1,2,2,15
90.34,1,2,2,15
95.38,1,2,2,15
55.89,1,2,2,15
88.73,1,1,2,15
71.58,1,2,2,15
61.43,1,2,2,15
86.18,1,1,2,15
77.67,1,9,2,15
80.88,1,3,2,15
92.33,1,2,2,15
93.3,1,2,2,15
75.72,0,1,2,15
78.55,1,1,2,15
97.45,1,2,2,15
84.88,1,9,2,15
96.39,1,6,2,15
87.93,1,6,2,15
97.55,0,6,2,15
89.2,1,17,2,15
93.73,1,18,2,15
75.59,1,17,2,15
85.96,1,5,2,15
96.49,1,4,2,15
95.03,1,6,2,15
88.35,1,6,2,15
96.22,1,3,2,15
87.29,1,4,2,15
82.35,1,5,2,15
95.96,1,18,2,15
99.11,1,17,2,15
79.02,1,6,2,15
91.55,1,4,2,15
92.92,1,4,2,15
89.6,1,4,2,15
93.88,1,4,2,15
93.46,1,17,2,15
98.77,1,15,2,15
98.77,1,15,2,15
93.4,1,15,2,15
85.81,1,15,2,15
91.69,1,10,2,15
81.19,1,10,2,15
98.69,1,15,2,15
99.79,1,15,2,15
79.52,1,15,2,15
98.04,1,18,2,15
69.52,1,15,2,15
78.99,1,10,2,15
87.89,1,15,2,15
91.71,1,15,2,15
84.7,0,10,2,15
91.23,1,15,2,15
70.39,1,15,2,15
89.43,1,15,2,15
98.36,1,18,2,15
70.74,1,10,2,15
75.04,1,10,2,15
70.08,1,15,2,15
82.95,1,18,2,15
64.13,1,15,2,15
97.74,1,18,2,15
97.53,1,10,2,15
92.16,1,18,2,15
76.47,1,15,2,15
67.3,0,10,2,15
92.64,1,10,2,15
90.1,1,15,2,15
86.56,0,10,2,15
94.64,0,18,2,15
70.36,1,15,2,15
95.64,1,18,2,15
92.14,1,17,2,15
79.8,1,14,2,15
98.77,1,15,2,15
90.06,1,15,2,15
80.79,1,15,2,15
93.35,1,15,2,15
94.79,1,7,3,15
79.85,1,10,3,15
93.64,1,9,3,15
93.72,1,9,3,15
82.9,1,9,3,15
92.43,1,9,3,15
99.57,1,9,3,15
88.35,1,9,3,15
99.62,1,9,3,15
91.7,1,9,3,15
78.09,1,9,3,15
82.78,1,6,3,15
95.78,1,1,3,15
97.62,1,9,3,15
93.54,1,1,3,15
94.81,1,1,3,15
88.57,1,1,3,15
65.93,1,1,3,15
69.12,1,10,3,15
66.46,1,10,3,15
97.9,1,10,3,15
74.74,1,16,2,15
96.32,1,9,3,15
76.75,1,10,3,15
75.55,1,10,3,15
90.51,1,10,3,15
92.36,1,6,3,15
95.39,1,18,3,15
95.31,1,1,3,15
99.6,1,18,3,15
91.6,1,10,3,15
95.74,1,18,3,15
96.7,1,18,3,15
93.15,1,18,3,15
98.65,1,10,3,15
88.27,1,17,2,15
89.08,1,1,3,15
73.32,1,17,2,15
93.13,1,1,3,15
91.01,1,1,3,15
79.72,1,1,3,15
100.0,1,1,3,15
85.69,1,1,3,15
94.99,1,1,3,15
89.35,1,17,2,15
96.18,1,9,3,15
79.43,1,10,3,15
94.29,1,3,3,15
99.73,1,9,3,15
94.51,1,3,3,15
99.22,1,16,2,15
60.91,1,16,2,15
96.89,1,10,3,15
97.51,1,10,3,15
96.98,1,9,3,15
60.08,1,16,2,15
95.48,1,9,3,15
92.65,1,15,2,15
86.66,1,16,2,15
98.27,1,2,3,15
97.88,1,2,3,15
91.04,1,10,3,15
79.93,1,9,3,15
99.41,1,18,3,15
93.98,1,5,3,15
75.19,1,15,3,15
90.32,1,15,3,15
81.89,1,15,3,15
96.57,1,14,3,15
67.27,1,15,3,15
92.79,1,18,3,15
90.39,1,14,3,15
98.85,1,3,3,15
71.57,1,3,3,15
93.46,1,14,3,15
96.97,1,18,3,15
99.62,1,6,3,15
71.6,1,12,3,15
90.48,1,14,3,15
91.03,1,12,3,15
95.06,1,3,3,15
84.05,1,17,3,15
89.31,1,18,3,15
98.09,1,18,3,15
93.47,1,14,3,15
96.15,1,14,3,15
91.74,1,3,3,15
99.56,1,14,3,15
87.12,1,15,3,15
96.01,1,15,3,15
87.35,1,12,3,15
74.08,1,15,3,15
81.5,1,15,3,15
82.62,1,15,3,15
83.86,1,6,3,15
95.7,1,10,3,15
85.96,1,6,3,15
97.64,1,10,3,15
97.05,1,10,3,15
97.5,1,10,3,15
90.84,1,6,3,15
86.28,1,10,3,15
93.0,1,10,3,15
96.23,1,10,3,15
88.46,1,6,3,15
97.59,1,10,3,15
98.61,1,10,3,15
92.44,1,3,3,15
79.12,1,10,3,15
89.87,1,10,3,15
85.83,0,14,3,15
95.56,1,10,3,15
86.34,1,10,3,15
94.5,1,10,3,15
94.67,1,10,3,15
88.52,1,6,3,15
83.83,1,10,3,15
99.55,1,6,3,15
97.6,1,10,3,15
97.72,1,6,3,15
95.06,1,17,3,15
85.12,0,10,2,15
87.89,1,1,2,15
88.66,1,1,2,15
92.65,1,1,2,15
89.18,1,10,2,15
80.78,1,1,2,15
80.9,1,1,2,15
88.26,1,1,2,15
98.53,1,1,2,15
69.68,1,10,2,15
83.88,1,1,2,15
88.9,1,1,2,15
84.71,1,10,2,15
92.92,1,10,2,15
91.06,1,9,2,15
89.11,1,9,2,15
51.46,1,1,2,15
88.58,1,1,2,15
73.04,1,1,2,15
98.94,1,1,2,15
96.09,1,1,2,15
95.57,1,10,2,15
77.97,1,9,2,15
92.88,1,1,2,15
83.63,1,10,2,15
71.18,1,1,2,15
61.39,1,1,2,15
94.95,1,9,2,15
92.13,1,9,2,15
75.79,1,10,2,15
54.11,0,17,3,16
90.44,0,17,3,16
80.91,1,17,3,16
91.11,1,17,3,16
65.7,0,17,3,16
54.93,0,10,1,16
94.52,1,18,2,16
74.8,0,18,2,16
75.98,0,18,2,16
84.95,0,18,2,16
52.56,0,10,2,16
65.24,1,10,2,16
76.81,1,14,2,16
81.32,0,14,2,16
74.47,1,14,2,16
73.19,1,14,2,16
68.11,0,10,2,16
40.34,0,10,2,16
80.8,0,3,2,16
59.21,1,3,2,16
59.21,1,3,2,16
81.39,0,3,2,16
68.1,1,4,2,16
94.53,0,17,2,16
45.34,0,17,2,16
80.53,0,17,2,16
77.3,0,17,2,16
69.93,0,17,2,16
82.14,0,17,2,16
91.2,1,18,2,16
74.22,1,10,2,16
90.58,1,10,2,16
52.27,0,17,2,16
60.07,0,17,2,16
72.04,1,17,2,16
76.37,0,17,2,16
82.51,0,17,2,16
87.26,1,18,3,16
58.3,1,10,3,16
51.13,1,10,3,16
84.65,0,3,3,16
91.69,1,3,3,16
89.46,1,10,3,16
90.92,0,3,3,16
59.96,1,10,3,16
84.25,1,10,3,16
75.25,1,3,3,16
84.55,1,3,3,16
67.13,0,3,3,16
49.97,1,10,3,16
76.64,0,14,3,16
87.48,1,3,3,16
68.5,1,3,3,16
76.64,0,3,3,16
79.22,0,3,3,16
94.92,0,3,3,16
73.53,1,4,3,16
40.54,1,18,3,16
89.36,1,18,3,16
83.06,1,18,3,16
70.98,1,18,3,16
79.72,0,17,3,16
70.2,0,17,3,16
89.3,1,3,3,16
79.97,1,17,3,16
80.06,1,17,3,16
96.25,1,14,3,16
95.56,1,17,3,16
81.71,0,17,3,16
71.16,0,17,3,16
49.26,0,17,3,16
93.97,0,17,3,16
95.4,0,17,3,16
80.25,1,14,3,16
93.72,1,18,2,17
73.9,1,6,2,17
67.19,1,7,2,17
90.33,0,7,2,17
96.15,0,9,2,17
92.54,1,11,2,17
98.84,1,3,2,17
89.26,1,5,2,17
92.83,1,6,2,17
77.94,1,10,2,17
92.62,1,7,3,17
86.72,1,9,3,17
79.91,1,1,3,17
99.16,1,2,3,17
88.58,1,6,3,17
87.05,1,6,3,17
97.87,1,6,3,17
74.26,1,15,3,17
100.0,1,14,3,17
94.73,1,14,3,17
88.52,1,12,3,17
90.68,1,17,3,17
95.15,1,1,2,17
83.57,1,1,2,17
99.12,1,9,2,17
83.18,0,18,2,18
72.09,0,18,2,18
58.96,1,6,2,18
58.96,1,6,2,18
58.96,1,6,2,18
90.89,1,6,2,18
82.81,1,7,2,18
95.38,0,9,2,18
92.69,0,9,2,18
98.31,1,9,2,18
97.04,1,9,2,18
66.26,0,9,2,18
65.31,0,9,2,18
77.26,1,1,2,18
65.05,1,9,2,18
85.99,1,9,2,18
90.64,1,1,2,18
67.27,0,6,2,18
82.38,1,1,2,18
53.42,1,8,2,18
79.77,1,10,2,18
90.46,0,10,2,18
51.14,1,10,2,18
91.37,0,10,2,18
77.54,0,10,2,18
79.06,1,10,2,18
50.14,1,10,2,18
71.13,0,10,2,18
93.74,0,10,2,18
63.14,0,10,2,18
54.02,0,16,2,18
86.96,0,16,2,18
78.42,1,16,2,18
75.08,1,10,2,18
78.67,1,10,2,18
90.64,1,9,2,18
82.54,1,9,2,18
68.5,1,10,2,18
57.85,1,2,2,18
83.64,1,1,2,18
91.91,1,1,2,18
99.15,1,1,2,18
82.04,1,2,2,18
46.15,1,2,2,18
70.2,1,2,2,18
72.01,1,3,2,18
75.51,0,10,2,18
79.1,1,3,2,18
79.42,1,3,2,18
85.94,1,4,2,18
60.59,1,4,2,18
90.46,0,5,2,18
83.68,1,6,2,18
96.63,1,6,2,18
94.74,1,6,2,18
91.76,1,4,2,18
40.06,0,6,2,18
98.0,1,6,2,18
94.09,0,6,2,18
92.42,1,6,2,18
96.58,0,18,2,18
83.04,1,17,2,18
91.48,1,4,2,18
68.44,1,17,2,18
98.74,1,18,2,18
83.68,0,18,2,18
80.1,0,15,2,18
58.83,1,18,2,18
87.01,0,15,2,18
39.39,0,15,2,18
97.9,0,15,2,18
54.26,0,15,2,18
93.07,1,15,2,18
90.8,0,15,2,18
87.39,1,15,2,18
84.27,0,10,2,18
60.31,0,10,2,18
88.6,1,10,2,18
91.61,0,15,2,18
73.7,1,15,2,18
52.93,1,15,2,18
51.47,0,15,2,18
47.92,1,1,2,18
75.16,1,1,2,18
78.62,1,1,2,18
96.15,1,1,2,18
87.24,0,1,2,18
66.97,1,1,2,18
90.96,0,10,2,18
85.22,0,10,2,18
82.33,1,10,2,18
67.32,0,10,2,18
92.87,1,1,2,18
93.22,0,9,2,18
59.24,0,10,2,18
97.38,0,10,2,18
73.41,0,10,2,18
83.38,1,10,2,18
97.61,0,10,2,18
72.37,0,10,2,18
90.3,1,18,2,19
85.51,1,6,2,19
48.41,1,8,2,19
68.25,0,6,2,19
79.35,0,6,2,19
88.59,1,6,2,19
85.48,1,7,2,19
80.56,1,9,2,19
85.3,1,9,2,19
80.23,1,6,2,19
53.82,1,8,2,19
92.63,1,9,2,19
79.22,1,1,2,19
68.45,0,6,2,19
81.62,1,10,2,19
63.38,1,10,2,19
73.99,0,10,2,19
58.49,1,11,2,19
84.17,1,12,2,19
69.4,1,14,2,19
59.31,1,14,2,19
74.84,1,14,2,19
94.78,1,14,2,19
69.84,1,16,2,19
81.4,1,16,2,19
90.23,1,16,2,19
90.55,1,16,2,19
95.58,1,16,2,19
55.87,0,16,2,19
93.82,1,16,2,19
74.17,0,16,2,19
84.88,1,16,2,19
91.56,1,16,2,19
77.53,1,16,2,19
62.21,1,16,2,19
71.16,1,16,2,19
95.64,1,9,2,19
91.73,1,10,2,19
76.6,1,10,2,19
77.37,1,9,2,19
89.37,1,1,2,19
84.52,1,1,2,19
95.97,1,1,2,19
86.7,0,1,2,19
67.87,1,1,2,19
93.09,1,2,2,19
77.33,1,2,2,19
80.28,0,2,2,19
85.53,1,1,2,19
46.59,1,2,2,19
89.85,1,2,2,19
93.64,1,3,2,19
78.84,1,3,2,19
87.94,1,3,2,19
86.41,1,4,2,19
85.05,1,5,2,19
97.57,1,6,2,19
82.1,1,6,2,19
89.31,1,17,2,19
96.28,1,18,2,19
99.0,1,18,2,19
93.84,1,4,2,19
58.43,0,6,2,19
88.78,1,18,2,19
68.81,1,15,2,19
95.3,1,18,2,19
91.9,1,18,2,19
68.64,1,15,2,19
84.01,1,17,2,19
82.44,1,15,2,19
76.18,1,15,2,19
84.01,1,15,2,19
99.89,1,15,2,19
93.53,1,15,2,19
77.91,1,15,2,19
88.02,1,15,2,19
91.13,1,17,2,19
94.38,1,15,2,19
85.05,0,18,2,19
91.84,1,17,2,19
87.44,1,17,2,19
82.98,1,16,2,19
70.74,0,16,2,19
88.21,0,16,2,19
75.03,1,17,2,19
94.23,1,18,3,19
96.13,1,10,3,19
98.56,1,14,3,19
97.36,1,1,2,19
76.94,1,1,2,19
85.55,1,1,2,19
84.47,1,1,2,19
98.96,1,1,2,19
82.84,1,1,2,19
95.99,1,1,2,19
80.87,0,10,2,19
92.05,1,10,2,19
62.51,1,10,2,19
74.51,1,10,2,19
76.91,0,9,2,19
88.27,1,10,2,19
89.17,1,10,2,19
92.51,0,10,2,19
76.31,1,10,2,20
43.42,1,16,3,21
55.38,1,18,1,21
97.36,0,1,1,21
90.62,1,1,1,21
69.63,0,9,1,21
77.99,0,1,1,21
85.67,1,15,1,21
69.82,1,16,1,21
93.36,1,16,1,21
55.43,0,10,1,21
67.62,1,15,1,21
47.49,0,14,1,21
66.67,1,15,1,21
53.96,0,6,2,21
56.64,0,9,2,21
46.84,0,6,2,21
95.49,0,6,2,21
96.24,1,10,2,21
41.28,1,11,2,21
41.28,1,11,2,21
41.28,1,11,2,21
99.19,0,10,2,21
87.75,1,16,2,21
87.45,1,16,2,21
50.47,1,16,2,21
90.5,0,11,2,21
49.3,0,16,2,21
92.41,1,10,2,21
72.44,0,1,2,21
82.13,1,1,2,21
74.13,1,2,2,21
69.27,1,2,2,21
62.06,1,1,2,21
68.83,1,2,2,21
69.58,1,1,2,21
99.49,1,3,2,21
57.75,0,2,2,21
74.69,0,2,2,21
57.22,1,4,2,21
69.32,0,4,2,21
58.07,0,6,2,21
55.69,0,18,2,21
76.17,1,18,2,21
42.4,0,17,2,21
89.53,1,18,2,21
95.61,1,15,2,21
95.66,1,15,2,21
80.51,1,15,2,21
86.74,0,15,2,21
92.86,1,15,2,21
27.99,0,15,2,21
77.14,1,10,2,21
68.79,1,1,3,21
98.52,1,2,3,21
51.35,1,1,3,21
97.44,1,6,3,21
55.3,1,17,3,21
73.41,1,18,3,21
39.21,0,14,3,21
83.16,1,15,3,21
90.99,1,1,2,21
96.43,1,1,2,21
95.58,1,1,2,21
73.0,1,1,2,21
48.01,1,1,2,21
84.41,1,1,2,21
52.95,0,9,2,21
56.1,1,16,3,22
97.8,0,10,1,22
63.83,1,2,2,22
94.33,0,3,2,22
72.5,0,3,2,22
92.32,1,17,2,22
91.63,1,17,2,22
85.76,0,4,2,22
75.73,1,17,2,22
96.73,1,15,2,22
61.9,1,15,2,22
84.49,1,15,2,22
83.53,1,15,2,22
84.2,1,15,2,22
82.67,1,17,2,22
71.51,0,14,3,22
88.77,1,15,3,22
65.5,1,10,2,22
82.16,1,9,2,23
85.18,0,10,2,23
70.65,1,10,2,23
88.19,1,10,2,23
59.66,1,10,2,23
78.04,1,10,2,23
60.92,1,10,2,23
87.86,1,3,2,23
93.81,1,10,2,23
92.3,1,10,2,23
78.61,1,3,2,23
80.76,1,3,2,23
62.17,1,10,2,23
91.42,1,10,2,23
98.55,1,10,2,23
56.36,1,10,2,23
70.6,1,10,2,23
84.18,0,10,2,23
63.9,1,10,2,23
72.1,1,10,2,23
63.88,1,1,2,23
38.8,1,15,2,24
87.53,1,4,3,24
86.14,1,10,2,24
85.44,1,9,2,24
75.92,1,16,3,25
75.46,1,6,1,25
90.28,1,18,2,25
80.42,1,18,2,25
98.14,1,6,2,25
86.17,1,6,2,25
66.14,1,6,2,25
72.33,1,6,2,25
95.5,1,6,2,25
65.28,1,1,2,25
96.35,1,6,2,25
79.01,1,18,2,25
49.14,1,6,2,25
60.04,1,1,2,25
56.46,1,1,2,25
91.7,1,6,2,25
70.21,1,1,2,25
94.04,1,6,2,25
94.1,1,18,2,25
91.84,1,6,2,25
79.27,1,18,2,25
82.62,1,9,2,25
77.19,1,1,2,25
94.56,1,9,2,25
93.78,1,6,2,25
92.46,1,18,2,25
82.25,1,9,2,25
77.16,1,6,2,25
69.99,1,1,2,25
91.37,1,6,2,25
99.53,1,18,2,25
63.88,1,1,2,25
86.59,1,1,2,25
71.73,1,1,2,25
98.91,1,9,2,25
94.08,1,9,2,25
99.6,1,18,2,25
94.75,1,18,2,25
94.87,1,1,2,25
75.95,1,6,2,25
95.93,1,6,2,25
58.82,1,1,2,25
95.4,1,1,2,25
92.71,1,1,2,25
97.9,1,18,2,25
78.51,1,1,2,25
94.59,1,18,2,25
92.41,1,18,2,25
87.71,1,1,2,25
84.67,1,6,2,25
79.62,1,1,2,25
54.04,1,1,2,25
98.4,1,9,2,25
92.38,1,1,2,25
94.73,1,18,2,25
87.37,1,1,2,25
96.25,1,6,2,25
89.63,1,16,2,25
99.57,1,10,2,25
63.49,1,16,2,25
65.21,1,16,2,25
83.96,1,16,2,25
98.83,1,16,2,25
85.65,1,16,2,25
93.41,1,10,2,25
64.36,1,10,2,25
63.52,1,16,2,25
85.5,1,16,2,25
82.67,1,14,2,25
82.01,1,10,2,25
82.45,1,16,2,25
93.41,1,16,2,25
94.4,1,14,2,25
80.29,1,16,2,25
73.62,1,14,2,25
80.53,1,14,2,25
65.17,1,16,2,25
70.0,1,14,2,25
94.76,1,16,2,25
76.12,1,10,2,25
74.23,1,14,2,25
64.53,1,14,2,25
98.92,1,10,2,25
74.9,1,10,2,25
97.94,1,16,2,25
81.97,1,14,2,25
87.69,1,10,2,25
89.57,1,14,2,25
88.79,1,10,2,25
96.56,1,16,2,25
76.73,1,14,2,25
89.8,1,10,2,25
69.67,1,14,2,25
93.79,1,10,2,25
93.26,1,16,2,25
87.22,1,14,2,25
78.12,1,16,2,25
78.69,1,10,2,25
93.52,1,10,2,25
70.63,1,16,2,25
74.89,1,14,2,25
66.98,1,10,2,25
100.0,1,10,2,25
41.17,1,10,2,25
76.2,1,14,2,25
93.64,1,16,2,25
61.55,1,10,2,25
81.93,1,16,2,25
52.59,1,10,2,25
70.53,1,10,2,25
89.23,1,16,2,25
92.72,1,16,2,25
91.23,1,16,2,25
86.01,1,10,2,25
69.8,1,10,2,25
86.1,1,10,2,25
95.16,1,10,2,25
99.53,1,16,2,25
92.19,1,10,2,25
92.19,1,16,2,25
69.86,1,3,2,25
97.1,1,3,2,25
34.74,1,10,2,25
68.38,1,3,2,25
93.54,1,10,2,25
93.38,1,1,2,25
81.39,1,1,2,25
55.91,1,3,2,25
90.28,1,3,2,25
83.84,1,2,2,25
76.66,1,2,2,25
96.18,1,2,2,25
94.55,1,2,2,25
75.81,1,3,2,25
94.05,1,2,2,25
83.7,1,1,2,25
70.13,1,2,2,25
90.37,1,3,2,25
74.36,1,3,2,25
78.95,1,1,2,25
81.02,1,3,2,25
62.61,1,3,2,25
82.91,1,2,2,25
94.79,1,2,2,25
75.28,1,10,2,25
82.53,1,2,2,25
88.92,1,3,2,25
84.68,1,3,2,25
76.03,1,2,2,25
27.6,1,1,2,25
83.49,1,2,2,25
64.21,1,10,2,25
96.9,1,10,2,25
50.63,1,10,2,25
79.18,1,1,2,25
97.65,1,10,2,25
62.76,1,3,2,25
98.22,0,3,2,25
77.21,1,3,2,25
95.29,1,1,2,25
86.24,1,10,2,25
56.33,1,10,2,25
74.25,1,3,2,25
94.12,1,1,2,25
79.22,1,2,2,25
84.74,1,3,2,25
96.2,1,2,2,25
73.24,1,1,2,25
95.48,1,3,2,25
88.69,1,3,2,25
96.14,0,9,2,25
67.96,1,1,2,25
86.23,1,3,2,25
92.61,1,1,2,25
86.68,1,1,2,25
70.08,1,1,2,25
77.34,1,4,2,25
57.2,1,1,2,25
85.44,1,3,2,25
79.47,1,3,2,25
72.47,1,2,2,25
79.92,1,1,2,25
77.43,1,3,2,25
80.73,1,3,2,25
57.54,1,2,2,25
78.91,1,3,2,25
81.87,1,2,2,25
80.5,1,3,2,25
59.42,1,1,2,25
69.67,1,10,2,25
58.39,1,3,2,25
89.35,1,4,2,25
88.44,1,1,2,25
92.22,1,1,2,25
52.92,1,18,2,25
96.94,1,4,2,25
99.48,1,17,2,25
89.87,1,18,2,25
84.89,1,4,2,25
81.51,1,17,2,25
88.44,1,18,2,25
75.59,1,3,2,25
88.48,1,6,2,25
68.6,1,6,2,25
71.43,1,6,2,25
86.21,1,18,2,25
77.58,1,4,2,25
94.76,1,6,2,25
94.71,1,17,2,25
84.55,1,3,2,25
82.36,1,3,2,25
84.92,1,6,2,25
87.84,1,6,2,25
90.22,1,6,2,25
67.62,1,6,2,25
77.72,1,3,2,25
81.51,1,6,2,25
97.65,1,4,2,25
58.4,1,6,2,25
96.89,1,6,2,25
96.06,1,5,2,25
91.59,1,5,2,25
83.63,1,17,2,25
93.78,1,17,2,25
96.27,1,4,2,25
84.25,1,6,2,25
95.67,1,5,2,25
95.44,1,17,2,25
62.92,1,4,2,25
86.56,1,17,2,25
97.77,1,17,2,25
81.17,1,4,2,25
73.3,1,4,2,25
79.68,1,4,2,25
98.48,1,18,2,25
85.87,1,4,2,25
92.43,1,4,2,25
95.0,1,18,2,25
71.45,1,3,2,25
71.33,1,4,2,25
70.54,1,4,2,25
78.25,1,3,2,25
96.17,1,4,2,25
98.4,1,18,2,25
64.65,1,4,2,25
95.62,1,18,2,25
94.76,1,15,2,25
86.1,1,10,2,25
93.35,1,15,2,25
41.65,1,10,2,25
68.39,1,10,2,25
99.87,1,15,2,25
82.49,1,15,2,25
93.1,1,18,2,25
96.97,1,18,2,25
91.2,1,15,2,25
60.37,1,15,2,25
81.99,1,15,2,25
72.78,1,10,2,25
92.94,1,15,2,25
94.06,1,10,2,25
94.6,1,15,2,25
97.65,1,15,2,25
90.75,1,10,2,25
99.67,1,10,2,25
82.02,1,15,2,25
81.62,1,17,2,25
95.63,1,14,2,25
89.6,1,15,2,25
80.94,1,14,2,25
89.45,1,15,2,25
90.28,1,18,2,25
91.57,1,15,2,25
85.88,1,17,2,25
99.17,1,18,2,25
68.3,1,17,2,25
93.66,1,15,2,25
90.74,1,18,2,25
91.33,1,15,2,25
99.8,1,15,2,25
93.04,1,15,2,25
96.77,1,17,2,25
94.15,1,15,2,25
93.64,1,15,2,25
84.71,1,15,2,25
92.46,1,15,2,25
96.95,1,15,2,25
95.26,1,15,2,25
91.14,1,15,2,25
75.79,1,10,2,25
94.49,1,15,2,25
92.41,1,15,2,25
89.64,1,10,2,25
96.28,1,18,2,25
91.15,1,15,2,25
82.46,1,15,2,25
80.52,1,10,2,25
57.6,1,17,2,25
86.22,1,18,2,25
79.09,1,17,2,25
69.59,1,14,2,25
58.1,1,14,2,25
80.24,1,15,2,25
66.53,1,10,2,25
94.72,1,18,2,25
70.54,1,10,2,25
87.15,1,18,2,25
87.19,1,15,2,25
99.73,1,18,2,25
87.02,1,17,2,25
69.59,1,14,2,25
95.32,1,18,2,25
91.24,1,14,2,25
93.5,1,18,2,25
83.83,1,18,2,25
83.13,1,10,2,25
73.25,1,10,2,25
80.07,1,2,3,25
83.47,1,16,2,25
71.22,1,2,3,25
93.35,1,16,2,25
97.27,1,2,3,25
89.21,1,17,2,25
96.71,1,16,2,25
96.87,1,16,2,25
84.97,1,17,2,25
55.33,1,17,2,25
77.08,1,17,2,25
61.18,1,2,3,25
82.85,1,17,2,25
84.22,1,1,3,25
90.18,1,1,3,25
89.93,1,17,2,25
87.58,1,1,3,25
86.81,1,16,2,25
70.2,1,1,3,25
96.86,1,1,3,25
97.26,1,1,3,25
97.48,1,6,3,25
96.81,1,6,3,25
68.9,1,1,3,25
79.2,1,9,3,25
85.81,1,3,3,25
92.45,1,18,3,25
80.8,1,3,3,25
79.74,1,3,3,25
92.55,1,3,3,25
75.2,1,3,3,25
95.19,1,4,3,25
88.19,1,3,3,25
82.66,1,4,3,25
83.96,1,5,3,25
98.48,1,15,3,25
87.81,1,6,3,25
96.94,1,6,3,25
92.86,1,6,3,25
98.53,1,15,3,25
77.23,1,3,3,25
78.52,1,17,3,25
79.18,1,3,3,25
97.3,1,17,3,25
83.51,1,14,3,25
85.13,1,14,3,25
99.76,1,18,3,25
58.82,1,18,3,25
99.04,1,15,3,25
99.02,1,15,3,25
97.17,1,18,3,25
89.9,1,18,3,25
96.22,1,18,3,25
79.16,1,18,3,25
95.9,1,18,3,25
76.06,1,18,3,25
90.64,1,4,3,25
85.86,1,1,2,25
96.39,1,1,2,25
96.02,1,1,2,25
79.55,1,1,2,25
84.62,1,10,2,25
86.62,1,1,2,25
78.03,1,1,2,25
54.53,1,1,2,25
67.11,1,1,2,25
54.53,1,1,2,25
86.31,1,10,2,25
44.01,1,10,2,25
96.16,1,1,2,25
96.48,1,9,2,25
86.17,1,1,2,25
96.68,1,9,2,25
70.88,1,1,2,25
95.08,1,10,2,25
80.2,1,1,2,25
80.0,1,1,2,25
89.39,1,1,2,25
87.93,1,1,2,25
72.17,1,1,2,25
80.25,1,1,2,25
72.27,1,1,2,25
90.65,1,1,2,25
87.0,1,10,2,25
68.99,1,1,2,25
70.41,1,10,2,25
87.09,1,1,2,25
91.73,1,1,2,25
92.24,1,1,2,25
90.62,1,9,2,25
82.15,1,1,2,25
90.94,1,10,2,25
91.96,1,9,2,25
94.8,1,9,2,25
63.59,1,10,2,25
74.51,1,10,2,25
86.64,1,1,2,25
66.59,1,9,2,25
96.87,1,1,2,25
77.35,1,10,2,25
85.09,1,10,2,25
90.82,1,10,2,25
98.17,1,9,2,25
64.62,1,1,2,25
93.47,1,10,2,25
91.32,1,1,2,25
65.94,1,10,2,25
48.44,1,10,2,25
86.69,1,10,2,25
71.93,1,1,2,25
86.58,1,10,2,25
68.75,1,1,2,25
79.76,1,1,2,25
74.21,1,1,2,25
70.4,1,1,2,25
69.19,1,1,2,25
66.41,1,10,2,25
88.19,1,10,2,25
95.97,1,1,2,25
81.33,1,10,2,25
99.14,1,1,2,25
90.21,1,1,2,25
78.63,1,10,2,25
62.92,1,10,2,25
80.16,1,1,2,25
75.76,1,1,2,25
98.81,1,10,2,25
56.43,1,1,2,25
95.18,1,10,2,25
79.3,1,1,2,25
87.63,1,1,2,25
85.58,1,1,2,25
94.02,1,1,2,25
95.88,1,10,2,25
68.51,1,1,2,25
96.76,1,10,2,25
72.7,1,1,2,25
88.96,1,10,2,25
90.27,1,1,2,25
85.37,1,1,2,25
88.17,1,1,2,25
73.82,1,15,3,26
98.04,1,16,3,26
90.03,1,18,2,26
58.46,1,1,2,26
96.35,1,6,2,26
99.13,1,18,2,26
94.12,1,6,2,26
74.0,1,18,2,26
91.19,1,9,2,26
96.15,1,18,2,26
84.11,1,9,2,26
92.85,1,18,2,26
86.99,1,18,2,26
93.95,1,1,2,26
88.84,1,1,2,26
75.31,1,18,2,26
89.39,1,9,2,26
83.69,1,9,2,26
79.62,1,1,2,26
76.78,1,1,2,26
70.53,1,1,2,26
47.89,1,1,2,26
44.92,1,1,2,26
79.13,1,1,2,26
66.43,1,1,2,26
94.8,1,18,2,26
97.71,1,6,2,26
86.71,0,18,2,26
58.46,1,1,2,26
81.5,1,9,2,26
97.67,1,18,2,26
84.93,1,1,2,26
84.31,1,1,2,26
95.21,1,1,2,26
90.63,1,6,2,26
93.68,1,1,2,26
93.95,1,1,2,26
95.57,1,1,2,26
96.77,1,1,2,26
94.7,1,1,2,26
91.5,1,1,2,26
96.05,1,1,2,26
96.28,1,18,2,26
96.74,1,6,2,26
97.71,1,9,2,26
80.03,1,9,2,26
95.58,1,18,2,26
83.78,1,9,2,26
56.47,1,1,2,26
75.88,1,1,2,26
75.32,1,1,2,26
95.77,1,18,2,26
80.33,1,9,2,26
92.32,1,1,2,26
93.59,1,1,2,26
93.86,1,9,2,26
85.71,1,9,2,26
73.93,1,6,2,26
93.51,1,1,2,26
94.73,1,18,2,26
77.19,1,1,2,26
96.3,1,9,2,26
90.13,1,18,2,26
86.59,1,1,2,26
95.1,1,18,2,26
94.7,1,9,2,26
85.51,1,1,2,26
73.64,1,18,2,26
92.21,1,18,2,26
94.13,1,18,2,26
75.88,1,1,2,26
97.32,1,18,2,26
95.99,1,6,2,26
75.88,1,1,2,26
92.04,1,6,2,26
56.46,1,1,2,26
95.94,1,18,2,26
36.02,0,9,2,26
83.59,1,1,2,26
88.48,1,9,2,26
97.49,1,6,2,26
46.91,1,6,2,26
65.4,1,1,2,26
79.79,1,1,2,26
74.96,1,1,2,26
66.73,1,6,2,26
79.79,1,1,2,26
67.0,1,1,2,26
95.25,1,6,2,26
88.11,1,18,2,26
83.92,1,18,2,26
79.33,1,18,2,26
90.72,1,18,2,26
95.77,1,6,2,26
75.88,1,1,2,26
89.2,1,18,2,26
80.13,1,1,2,26
84.1,1,1,2,26
46.98,1,1,2,26
81.31,1,9,2,26
89.39,1,9,2,26
97.89,1,10,2,26
96.09,1,10,2,26
90.22,1,16,2,26
90.22,1,16,2,26
85.43,1,10,2,26
92.77,1,10,2,26
97.03,1,16,2,26
73.6,1,16,2,26
99.13,1,16,2,26
79.86,1,14,2,26
98.75,1,16,2,26
94.03,1,16,2,26
96.23,1,16,2,26
79.97,1,10,2,26
90.36,1,16,2,26
74.03,1,16,2,26
80.0,1,10,2,26
58.85,0,16,2,26
77.31,1,10,2,26
90.22,1,16,2,26
97.83,1,10,2,26
78.68,1,10,2,26
93.45,1,16,2,26
72.4,1,10,2,26
40.13,1,16,2,26
72.03,1,10,2,26
87.58,1,10,2,26
95.11,1,16,2,26
85.31,1,10,2,26
94.47,1,16,2,26
88.2,1,16,2,26
61.23,1,16,2,26
95.55,1,16,2,26
41.17,1,10,2,26
99.02,1,10,2,26
83.6,1,11,2,26
82.83,1,11,2,26
98.29,1,11,2,26
73.06,1,11,2,26
37.54,1,16,2,26
74.19,1,16,2,26
84.93,1,10,2,26
88.15,1,11,2,26
86.07,1,11,2,26
70.34,1,16,2,26
74.65,1,11,2,26
87.05,1,16,2,26
74.19,1,16,2,26
94.35,1,11,2,26
80.86,1,11,2,26
72.47,1,14,2,26
92.6,1,14,2,26
91.96,1,14,2,26
99.38,1,16,2,26
94.35,1,14,2,26
98.01,1,16,2,26
89.16,1,16,2,26
91.26,1,14,2,26
81.14,0,16,2,26
84.49,1,14,2,26
95.32,1,10,2,26
82.85,1,10,2,26
87.27,1,14,2,26
93.56,1,10,2,26
65.3,1,10,2,26
81.6,1,10,2,26
81.54,1,10,2,26
95.89,1,16,2,26
88.03,1,10,2,26
81.14,1,14,2,26
94.87,1,14,2,26
98.68,1,10,2,26
90.36,1,14,2,26
95.39,1,10,2,26
84.61,1,14,2,26
94.29,1,16,2,26
85.1,1,10,2,26
75.61,1,14,2,26
75.06,0,16,2,26
88.81,1,16,2,26
48.01,1,14,2,26
93.73,1,16,2,26
77.77,1,16,2,26
51.59,1,14,2,26
93.53,1,10,2,26
98.59,1,10,2,26
90.05,1,16,2,26
88.84,1,10,2,26
92.71,1,10,2,26
92.93,1,16,2,26
66.82,1,14,2,26
64.09,1,16,2,26
81.39,1,14,2,26
83.4,1,14,2,26
94.59,1,16,2,26
56.35,0,14,2,26
90.18,1,16,2,26
93.38,1,11,2,26
41.17,1,10,2,26
94.8,1,16,2,26
99.13,1,10,2,26
89.2,1,1,2,26
74.99,1,3,2,26
86.39,1,3,2,26
87.07,1,3,2,26
90.51,1,3,2,26
92.32,1,3,2,26
82.27,1,3,2,26
91.37,1,9,2,26
82.55,1,9,2,26
73.08,1,4,2,26
78.98,1,4,2,26
96.22,1,3,2,26
84.81,1,4,2,26
78.81,1,4,2,26
63.33,1,1,2,26
68.29,1,1,2,26
76.13,1,3,2,26
92.93,1,4,2,26
78.28,1,4,2,26
86.08,1,10,2,26
73.02,1,3,2,26
94.43,1,2,2,26
86.02,1,3,2,26
82.76,1,10,2,26
93.38,1,1,2,26
69.08,1,3,2,26
88.38,1,3,2,26
77.85,1,3,2,26
80.93,1,3,2,26
96.05,1,1,2,26
79.7,1,3,2,26
78.91,1,3,2,26
52.83,1,5,2,26
65.31,1,3,2,26
82.19,1,1,2,26
80.8,1,10,2,26
97.74,1,3,2,26
99.21,1,2,2,26
81.93,1,3,2,26
99.21,1,2,2,26
87.73,1,1,2,26
72.79,1,2,2,26
75.01,1,3,2,26
89.04,1,10,2,26
81.39,1,1,2,26
85.79,1,1,2,26
54.62,1,1,2,26
77.04,1,10,2,26
95.96,1,10,2,26
97.07,1,1,2,26
83.96,1,10,2,26
97.15,1,3,2,26
89.86,0,1,2,26
90.37,1,9,2,26
75.48,1,1,2,26
76.95,1,1,2,26
55.08,1,10,2,26
69.26,1,3,2,26
96.07,1,10,2,26
87.56,1,3,2,26
62.76,1,3,2,26
67.38,1,1,2,26
59.89,1,2,2,26
82.89,1,2,2,26
84.1,1,2,2,26
74.73,1,2,2,26
86.8,1,2,2,26
85.64,1,3,2,26
99.03,1,2,2,26
84.36,1,3,2,26
88.53,1,3,2,26
87.2,1,10,2,26
88.79,1,2,2,26
85.74,1,3,2,26
95.48,1,9,2,26
71.8,1,3,2,26
81.43,1,1,2,26
58.39,1,3,2,26
97.44,1,3,2,26
81.02,1,3,2,26
59.42,1,1,2,26
80.41,1,3,2,26
83.76,1,3,2,26
89.53,1,2,2,26
96.62,1,10,2,26
74.86,0,10,2,26
97.89,1,10,2,26
87.27,1,2,2,26
88.3,1,1,2,26
79.47,1,3,2,26
96.45,1,10,2,26
74.31,1,3,2,26
83.96,1,3,2,26
97.43,1,10,2,26
81.13,1,2,2,26
85.43,1,2,2,26
87.72,1,3,2,26
42.35,1,1,2,26
84.26,1,2,2,26
84.26,1,2,2,26
87.22,1,2,2,26
93.55,1,2,2,26
85.02,1,2,2,26
89.5,1,10,2,26
53.15,1,3,2,26
82.12,0,3,2,26
89.25,1,2,2,26
89.5,1,10,2,26
82.04,1,3,2,26
87.17,1,10,2,26
76.44,1,2,2,26
90.55,1,2,2,26
79.76,1,3,2,26
97.1,1,3,2,26
90.55,1,2,2,26
95.95,1,9,2,26
53.8,1,2,2,26
58.52,1,10,2,26
86.54,1,2,2,26
93.96,1,2,2,26
78.51,1,2,2,26
90.58,1,2,2,26
75.65,1,3,2,26
93.02,1,9,2,26
70.89,1,2,2,26
81.96,0,10,2,26
75.81,1,3,2,26
91.94,1,2,2,26
81.74,1,3,2,26
59.93,1,10,2,26
64.07,1,3,2,26
99.21,1,2,2,26
99.21,1,2,2,26
84.97,1,3,2,26
88.79,1,2,2,26
98.21,1,3,2,26
89.0,1,9,2,26
70.02,1,3,2,26
82.19,1,1,2,26
78.43,1,3,2,26
70.74,1,4,2,26
75.42,1,17,2,26
95.0,1,18,2,26
73.5,1,18,2,26
94.09,1,3,2,26
97.14,1,18,2,26
36.05,1,18,2,26
88.58,1,18,2,26
74.33,1,3,2,26
79.3,1,17,2,26
75.66,0,18,2,26
92.14,1,18,2,26
99.89,1,4,2,26
94.07,1,18,2,26
71.02,1,18,2,26
78.93,1,18,2,26
71.09,1,4,2,26
98.37,1,18,2,26
83.38,1,18,2,26
85.93,1,17,2,26
84.85,1,17,2,26
74.48,1,4,2,26
84.54,1,18,2,26
50.02,1,6,2,26
85.42,1,3,2,26
83.56,1,3,2,26
78.38,1,4,2,26
78.44,0,17,2,26
93.31,1,17,2,26
67.61,1,17,2,26
95.97,1,6,2,26
87.65,1,18,2,26
93.63,1,17,2,26
92.11,1,17,2,26
92.21,1,18,2,26
77.57,1,17,2,26
96.56,0,17,2,26
92.42,1,18,2,26
97.23,1,17,2,26
90.34,1,18,2,26
92.09,1,18,2,26
90.9,1,18,2,26
82.47,1,17,2,26
77.84,1,17,2,26
89.46,1,3,2,26
95.67,1,5,2,26
81.86,1,18,2,26
49.94,1,18,2,26
93.09,1,18,2,26
90.7,1,3,2,26
93.09,1,18,2,26
81.86,1,18,2,26
78.32,1,17,2,26
99.29,1,18,2,26
95.89,1,17,2,26
87.06,1,6,2,26
81.51,1,17,2,26
79.66,1,18,2,26
87.11,1,18,2,26
86.25,1,6,2,26
97.71,1,5,2,26
88.65,1,5,2,26
93.86,1,18,2,26
89.47,1,18,2,26
92.25,1,18,2,26
86.25,1,6,2,26
88.69,1,18,2,26
90.77,1,17,2,26
86.17,1,17,2,26
86.25,1,6,2,26
74.25,1,3,2,26
84.9,1,6,2,26
86.25,1,6,2,26
99.52,1,18,2,26
70.14,1,3,2,26
68.39,1,3,2,26
92.94,1,18,2,26
74.06,1,4,2,26
88.78,1,3,2,26
67.26,1,17,2,26
91.35,1,18,2,26
85.26,1,18,2,26
71.43,1,6,2,26
53.53,1,18,2,26
71.9,1,3,2,26
84.61,1,18,2,26
79.55,1,3,2,26
86.21,1,6,2,26
79.91,1,6,2,26
90.2,1,18,2,26
75.42,1,17,2,26
90.87,1,6,2,26
86.82,1,18,2,26
98.25,1,6,2,26
89.3,1,18,2,26
82.86,1,18,2,26
83.8,1,18,2,26
90.7,1,17,2,26
65.97,1,4,2,26
46.71,1,18,2,26
98.22,1,17,2,26
91.08,1,15,2,26
96.14,1,14,2,26
92.48,1,18,2,26
67.42,1,10,2,26
79.65,1,10,2,26
90.7,1,10,2,26
88.39,1,18,2,26
99.1,1,18,2,26
90.41,1,18,2,26
96.19,1,18,2,26
88.84,1,18,2,26
70.71,1,10,2,26
87.48,1,17,2,26
83.31,1,18,2,26
96.73,1,10,2,26
99.07,1,10,2,26
94.48,1,18,2,26
76.04,1,18,2,26
88.84,1,18,2,26
94.12,1,18,2,26
98.16,1,18,2,26
88.84,1,18,2,26
88.34,1,17,2,26
88.34,1,17,2,26
88.34,1,17,2,26
95.6,1,10,2,26
70.65,1,10,2,26
88.34,1,17,2,26
86.2,1,17,2,26
70.65,1,10,2,26
86.2,1,17,2,26
64.39,1,15,2,26
86.2,1,17,2,26
64.09,1,10,2,26
67.95,1,10,2,26
90.9,1,10,2,26
72.13,1,15,2,26
93.74,1,18,2,26
60.39,1,10,2,26
81.42,0,15,2,26
82.26,1,15,2,26
98.1,1,15,2,26
88.54,1,15,2,26
70.22,0,14,2,26
63.61,1,10,2,26
85.09,1,18,2,26
97.22,1,10,2,26
96.86,1,15,2,26
94.47,1,18,2,26
81.52,1,15,2,26
86.96,1,15,2,26
83.35,1,18,2,26
90.92,1,15,2,26
75.97,1,15,2,26
93.27,1,18,2,26
76.99,1,15,2,26
90.43,1,15,2,26
56.69,1,15,2,26
95.83,1,17,2,26
85.83,1,18,2,26
98.75,1,18,2,26
91.96,1,15,2,26
96.08,1,15,2,26
94.6,1,15,2,26
64.96,1,18,2,26
93.68,1,15,2,26
93.59,1,14,2,26
80.82,1,15,2,26
99.49,1,15,2,26
99.0,1,15,2,26
98.04,1,15,2,26
92.16,1,18,2,26
92.36,1,15,2,26
76.01,1,15,2,26
82.91,1,15,2,26
98.75,1,18,2,26
85.47,1,17,2,26
67.41,1,10,2,26
69.31,1,15,2,26
98.2,1,15,2,26
80.45,1,15,2,26
97.09,1,14,2,26
52.3,1,15,2,26
77.16,1,15,2,26
87.85,1,15,2,26
53.39,1,15,2,26
90.03,1,15,2,26
94.43,1,18,2,26
59.6,1,18,2,26
95.97,1,15,2,26
81.62,1,17,2,26
89.15,1,18,2,26
92.06,1,10,2,26
82.87,1,15,2,26
70.35,1,15,2,26
90.52,1,15,2,26
91.93,1,18,2,26
83.56,1,18,2,26
69.69,1,10,2,26
84.46,1,15,2,26
74.09,1,10,2,26
92.68,1,15,2,26
97.73,1,18,2,26
43.45,1,18,2,26
93.05,1,15,2,26
95.4,1,18,2,26
90.29,1,10,2,26
94.57,1,15,2,26
96.84,1,18,2,26
90.29,1,10,2,26
69.54,1,15,2,26
89.48,1,15,2,26
94.69,1,18,2,26
83.23,1,14,2,26
92.53,1,15,2,26
90.49,1,18,2,26
80.05,1,15,2,26
89.32,1,15,2,26
84.06,1,18,2,26
86.02,1,15,2,26
83.68,1,15,2,26
62.61,1,10,2,26
96.17,1,10,2,26
80.93,1,15,2,26
77.01,1,18,2,26
78.37,1,18,2,26
70.56,1,15,2,26
78.76,1,15,2,26
67.06,1,18,2,26
82.43,1,10,2,26
98.46,1,18,2,26
85.94,1,18,2,26
97.68,1,18,2,26
86.84,1,18,2,26
60.46,1,14,2,26
68.95,1,15,2,26
94.88,1,18,2,26
71.58,1,15,2,26
74.08,1,15,2,26
88.08,1,15,2,26
93.95,1,18,2,26
96.73,1,18,2,26
66.24,1,18,2,26
92.4,1,18,2,26
76.87,1,15,2,26
67.98,1,15,2,26
98.21,1,15,2,26
98.21,1,15,2,26
92.31,1,18,2,26
89.69,1,15,2,26
82.84,1,15,2,26
85.1,1,15,2,26
89.9,1,14,2,26
64.86,1,15,2,26
80.85,1,6,3,26
81.79,1,17,2,26
98.91,1,15,2,26
58.84,1,16,2,26
91.19,1,9,3,26
84.67,1,9,3,26
70.4,1,15,2,26
94.89,1,16,2,26
83.19,1,16,2,26
89.7,1,16,2,26
82.26,1,16,2,26
95.1,1,16,2,26
90.7,1,1,3,26
67.23,1,15,2,26
82.65,1,1,3,26
91.82,1,2,3,26
79.07,1,3,3,26
98.47,1,15,2,26
76.45,1,16,2,26
93.69,1,17,2,26
79.58,1,17,2,26
76.18,1,16,2,26
82.85,1,17,2,26
80.8,1,17,2,26
93.01,1,17,2,26
93.42,1,17,2,26
88.03,1,2,3,26
85.31,1,2,3,26
98.37,1,16,2,26
97.07,1,15,2,26
76.88,1,16,2,26
82.44,1,16,2,26
93.82,1,2,3,26
59.85,1,16,2,26
87.84,1,17,2,26
84.34,1,17,2,26
86.81,1,16,2,26
87.29,1,16,2,26
67.92,1,16,2,26
93.3,1,16,2,26
94.55,1,16,2,26
92.53,1,16,2,26
48.64,1,16,2,26
93.28,1,17,2,26
93.82,1,2,3,26
46.22,1,16,2,26
93.03,1,17,2,26
84.9,1,2,3,26
91.0,1,15,2,26
87.7,1,17,2,26
76.45,1,16,2,26
63.33,1,18,3,26
95.19,1,4,3,26
97.47,1,18,3,26
93.38,1,10,3,26
77.9,1,17,3,26
70.64,1,15,3,26
73.8,1,3,3,26
97.99,1,18,3,26
75.05,1,14,3,26
70.01,1,3,3,26
81.55,1,17,3,26
92.77,1,3,3,26
67.97,1,6,3,26
73.08,1,15,3,26
99.6,1,6,3,26
92.3,1,14,3,26
88.39,1,3,3,26
96.51,1,4,3,26
75.2,1,3,3,26
63.1,1,6,3,26
80.8,1,3,3,26
70.34,1,3,3,26
94.3,1,3,3,26
77.22,1,3,3,26
78.11,1,17,3,26
95.21,1,1,2,26
82.17,1,1,2,26
70.36,1,1,2,26
78.7,1,10,2,26
76.54,1,1,2,26
90.69,1,1,2,26
83.16,1,1,2,26
90.6,1,1,2,26
94.13,1,10,2,26
68.51,1,1,2,26
70.16,1,1,2,26
69.61,1,1,2,26
65.06,1,1,2,26
91.0,1,10,2,26
67.47,1,10,2,26
87.02,1,10,2,26
86.65,1,10,2,26
88.28,1,1,2,26
94.13,1,10,2,26
77.57,1,10,2,26
91.83,1,1,2,26
83.98,1,10,2,26
80.99,1,1,2,26
68.94,0,1,2,26
57.09,1,1,2,26
91.36,1,10,2,26
90.65,1,1,2,26
91.73,1,1,2,26
91.73,1,1,2,26
63.92,1,1,2,26
83.32,1,1,2,26
93.88,1,10,2,26
89.01,1,10,2,26
55.58,1,1,2,26
88.03,1,1,2,26
84.88,1,10,2,26
89.12,1,10,2,26
84.69,1,1,2,26
33.55,1,1,2,26
84.38,1,10,2,26
82.39,1,10,2,26
93.15,1,1,2,26
93.86,1,1,2,26
56.57,1,10,2,26
79.9,1,1,2,26
91.86,1,10,2,26
75.66,1,10,2,26
68.97,1,1,2,26
65.51,1,1,2,26
95.48,1,9,2,26
91.04,1,9,2,26
92.25,1,10,2,26
86.64,1,1,2,26
96.71,1,1,2,26
96.71,1,1,2,26
85.48,1,9,2,26
85.48,1,9,2,26
47.38,1,10,2,26
94.98,1,1,2,26
86.33,1,10,2,26
82.82,1,9,2,26
74.54,1,1,2,26
73.78,1,10,2,26
73.78,1,10,2,26
73.78,1,10,2,26
98.0,1,1,2,26
56.36,1,1,2,26
81.48,1,10,2,26
60.93,1,1,2,26
74.84,1,1,2,26
91.04,1,1,2,26
94.95,1,1,2,26
98.82,1,1,2,26
84.01,1,1,2,26
91.14,1,1,2,26
90.3,1,1,2,26
85.67,1,10,2,26
84.34,1,1,2,26
83.79,1,1,2,26
76.55,1,1,2,26
94.24,1,1,2,26
76.55,1,1,2,26
73.78,1,10,2,26
79.94,1,1,2,26
80.91,1,1,2,26
60.98,1,1,2,26
95.13,1,1,2,26
67.11,1,1,2,26
61.04,1,1,2,26
49.91,1,10,2,26
79.6,1,1,2,26
94.07,1,1,2,26
48.13,1,1,2,26
76.55,1,1,2,26
77.25,1,1,2,26
43.9,1,1,2,26
83.36,1,10,2,26
84.17,1,1,2,27
73.82,1,14,2,27
77.08,1,14,2,27
69.19,0,10,2,27
92.59,1,14,2,27
44.11,0,14,2,27
96.9,1,10,2,27
73.72,1,10,2,27
60.04,1,2,2,27
75.15,1,10,2,27
64.61,1,10,2,27
55.46,0,2,2,27
88.7,1,2,2,27
89.46,1,1,2,27
75.15,1,10,2,27
59.42,1,18,2,27
85.17,1,18,2,27
91.99,1,18,2,27
97.73,1,6,2,27
97.45,1,18,2,27
97.69,1,18,2,27
95.78,1,18,2,27
85.33,1,18,2,27
88.68,1,18,2,27
95.26,1,18,2,27
97.81,1,18,2,27
99.89,1,18,2,27
82.06,1,18,2,27
90.73,1,18,2,27
98.35,1,18,2,27
53.75,0,18,2,27
44.34,0,15,2,27
91.14,1,14,2,27
99.34,1,18,2,27
56.7,1,15,2,27
85.64,1,15,2,27
59.19,1,10,2,27
99.68,1,18,2,27
86.43,1,16,2,27
81.25,1,16,2,27
78.88,1,9,3,27
71.65,0,15,2,27
89.07,1,1,2,27
54.4,1,1,2,27
61.25,1,9,2,27
66.18,1,10,2,27
64.8,1,10,2,27
84.6,1,10,2,27
98.47,1,1,2,27
81.84,0,1,2,27
95.24,1,9,2,28
97.32,1,16,2,28
81.31,1,10,2,28
92.81,1,9,2,28
78.17,1,1,2,28
92.6,1,6,2,28
99.86,1,15,2,28
81.24,1,10,2,28
96.07,1,6,3,28
93.32,1,8,2,29
80.09,1,14,2,29
60.59,1,12,2,29
92.83,1,9,2,29
82.16,1,6,3,29
98.39,1,9,2,30
93.49,1,6,2,31
86.78,1,18,2,31
98.83,1,18,2,31
77.08,1,17,2,31
93.75,0,16,3,32
95.07,1,6,2,32
94.3,1,6,2,32
84.13,1,9,2,32
93.76,1,6,2,32
67.28,1,6,2,32
50.43,1,1,2,32
95.42,1,9,2,32
99.62,1,18,2,32
80.03,1,16,2,32
72.49,1,16,2,32
72.98,1,12,2,32
55.33,0,11,2,32
89.94,1,11,2,32
90.5,1,16,2,32
92.28,0,10,2,32
93.8,1,10,2,32
89.1,1,14,2,32
73.82,1,10,2,32
56.36,1,3,2,32
67.16,1,10,2,32
74.65,1,10,2,32
83.0,1,3,2,32
83.75,1,10,2,32
93.32,1,2,2,32
73.73,1,10,2,32
91.7,1,10,2,32
82.42,1,10,2,32
75.8,1,3,2,32
75.8,1,3,2,32
74.3,1,18,2,32
92.42,1,6,2,32
74.36,1,17,2,32
74.36,1,17,2,32
83.43,1,6,2,32
71.78,1,4,2,32
49.38,1,5,2,32
70.16,1,18,2,32
92.63,1,4,2,32
93.77,1,18,2,32
100.0,1,18,2,32
75.62,1,18,2,32
77.44,1,3,2,32
96.52,0,18,2,32
89.83,1,10,2,32
71.07,1,10,2,32
95.69,1,18,2,32
87.53,1,15,2,32
66.88,1,15,2,32
92.7,1,15,2,32
96.25,1,15,2,32
74.81,1,15,2,32
95.47,1,17,2,32
60.23,1,1,3,32
57.03,1,10,3,32
55.49,1,1,3,32
55.49,1,1,3,32
96.02,1,6,3,32
83.84,1,4,3,32
94.93,1,18,3,32
70.57,1,15,3,32
70.57,1,15,3,32
85.91,1,1,2,32
91.94,1,9,2,32
79.05,1,10,2,32
63.57,1,1,2,32
86.12,1,10,2,32
72.54,1,10,2,32
87.88,1,9,2,32
65.95,1,10,2,33
87.25,1,18,2,33
98.22,1,15,2,33
99.62,1,15,2,33
88.4,1,9,2,34
58.82,1,1,2,34
75.25,1,1,2,34
83.88,1,9,2,34
96.89,1,10,2,34
55.87,0,16,2,34
81.19,1,14,2,34
93.57,1,1,2,34
63.68,1,3,2,34
92.4,1,1,2,34
68.38,1,10,2,34
96.63,1,1,2,34
90.04,1,17,2,34
88.44,1,5,2,34
90.69,1,1,2,34
79.2,1,10,2,34
80.03,1,9,2,34
86.23,1,9,2,34
92.3,1,1,2,34
96.76,0,16,3,35
86.54,1,16,3,35
89.02,1,16,3,35
95.51,1,16,3,35
74.74,1,16,3,35
86.44,1,16,3,35
88.53,1,16,3,35
88.31,1,15,3,35
96.11,0,16,3,35
52.57,0,16,3,35
71.69,1,16,3,35
68.89,1,16,3,35
72.49,0,15,3,35
83.83,0,16,3,35
43.27,0,16,3,35
75.51,0,16,3,35
85.98,1,16,3,35
89.37,1,16,3,35
88.23,1,16,3,35
91.49,1,17,3,35
97.32,1,17,3,35
98.0,0,16,3,35
88.52,1,16,3,35
87.57,1,16,3,35
94.93,1,16,3,35
63.29,0,16,3,35
78.49,1,16,3,35
84.25,1,16,3,35
75.3,1,16,3,35
71.69,1,16,3,35
81.28,1,16,3,35
86.07,1,16,3,35
93.71,0,16,3,35
79.47,0,16,3,35
75.01,0,16,3,35
95.74,0,16,3,35
94.0,1,16,3,35
97.16,1,15,3,35
71.19,0,16,3,35
95.99,1,16,3,35
88.3,1,16,3,35
78.48,1,16,3,35
84.67,0,15,3,35
73.81,0,16,3,35
58.48,1,16,3,35
58.48,1,16,3,35
51.89,0,15,3,35
53.82,0,16,3,35
84.97,0,16,3,35
72.56,0,16,3,35
50.76,0,16,3,35
74.91,0,16,3,35
59.12,0,15,3,35
79.62,1,16,3,35
79.62,1,16,3,35
79.62,1,16,3,35
97.26,1,16,3,35
97.26,1,16,3,35
76.8,0,15,3,35
89.04,0,16,3,35
94.76,0,16,3,35
94.75,0,16,3,35
93.4,1,17,3,35
78.73,1,17,3,35
78.34,1,16,3,35
59.51,1,16,3,35
71.69,1,16,3,35
93.84,1,16,3,35
97.26,1,16,3,35
98.34,1,16,3,35
75.41,0,16,3,35
64.64,1,16,3,35
90.65,0,16,3,35
74.74,1,16,3,35
82.34,0,16,3,35
89.73,1,16,3,35
84.64,1,16,3,35
82.08,1,16,3,35
71.86,0,15,3,35
74.08,0,16,3,35
95.51,1,16,3,35
60.8,1,16,3,35
44.21,0,16,3,35
32.06,0,16,3,35
96.82,0,16,3,35
80.35,1,16,3,35
78.72,0,16,3,35
83.37,0,17,3,35
47.9,0,16,3,35
85.71,1,16,3,35
85.71,1,16,3,35
55.81,0,16,3,35
97.37,1,17,3,35
77.29,1,16,3,35
97.37,1,17,3,35
44.79,1,16,3,35
58.39,0,17,3,35
82.01,1,16,3,35
84.34,1,16,3,35
87.17,1,16,3,35
73.3,1,16,3,35
93.19,1,16,3,35
95.66,1,16,3,35
97.48,1,16,3,35
99.29,1,15,3,35
84.74,1,16,3,35
56.59,0,16,3,35
97.77,1,15,3,35
73.18,1,16,3,35
80.79,1,16,3,35
99.21,1,16,3,35
85.43,1,16,3,35
68.0,0,16,3,35
82.67,1,16,3,35
88.31,0,16,3,35
86.17,1,16,3,35
73.12,0,16,3,35
64.26,1,16,3,35
99.27,1,16,3,35
81.53,1,16,3,35
86.59,1,16,3,35
78.47,1,16,3,35
97.76,1,16,3,35
76.05,0,17,3,35
89.1,1,16,3,35
79.38,1,16,3,35
90.2,0,16,3,35
99.7,0,16,3,35
71.6,1,16,3,35
80.45,1,16,3,35
63.27,1,16,3,35
77.55,1,16,3,35
87.37,0,16,3,35
78.02,0,17,3,35
86.62,0,15,3,35
63.93,1,16,3,35
49.39,1,16,3,35
49.39,1,16,3,35
76.49,1,16,3,35
80.42,1,16,3,35
89.67,1,16,3,35
76.03,1,16,3,35
98.96,1,16,3,35
70.67,1,16,3,35
55.45,1,16,3,35
78.23,0,16,3,35
62.6,0,16,3,35
84.94,1,16,3,35
75.06,1,16,3,35
72.91,0,16,3,35
61.04,0,15,3,35
83.77,0,16,3,35
65.75,0,16,3,35
92.54,0,16,3,35
71.69,1,16,3,35
82.51,1,16,3,35
93.1,1,16,3,35
57.96,0,16,3,35
58.36,0,16,3,35
59.61,0,16,3,35
96.5,0,16,3,35
75.39,0,16,3,35
94.47,1,16,3,35
95.34,1,16,3,35
95.21,1,16,3,35
78.33,1,17,3,35
67.55,0,16,3,35
83.64,0,16,3,35
83.22,1,16,3,35
86.93,0,17,3,35
95.05,0,17,3,35
98.17,1,16,3,35
92.08,0,16,3,35
55.04,0,15,3,35
96.71,1,18,1,35
98.76,0,18,1,35
96.94,1,18,1,35
96.12,1,18,1,35
83.71,1,18,1,35
89.54,1,18,1,35
98.45,0,18,1,35
77.05,0,18,1,35
71.01,1,18,1,35
99.53,0,18,1,35
96.82,1,18,1,35
96.33,0,18,1,35
94.13,0,18,1,35
96.51,0,18,1,35
96.61,0,18,1,35
90.49,0,18,1,35
95.35,0,18,1,35
88.86,0,18,1,35
84.1,0,18,1,35
80.5,1,18,1,35
94.52,0,18,1,35
92.03,0,18,1,35
96.32,0,18,1,35
69.67,1,18,1,35
88.35,1,18,1,35
92.65,0,18,1,35
96.34,0,18,1,35
98.64,0,18,1,35
89.92,0,18,1,35
55.35,1,18,1,35
95.66,1,18,1,35
97.15,0,18,1,35
72.52,0,18,1,35
99.37,0,18,1,35
86.1,0,9,1,35
92.8,0,6,1,35
98.78,0,9,1,35
94.68,0,9,1,35
79.55,0,9,1,35
64.73,0,9,1,35
92.96,0,9,1,35
80.4,0,9,1,35
94.02,0,6,1,35
88.32,0,9,1,35
97.3,1,9,1,35
93.38,0,9,1,35
88.8,1,9,1,35
90.98,1,9,1,35
96.67,0,9,1,35
94.22,1,9,1,35
99.23,1,9,1,35
99.23,0,9,1,35
83.98,0,9,1,35
98.44,0,9,1,35
98.71,1,9,1,35
97.26,1,9,1,35
91.77,0,9,1,35
97.48,1,9,1,35
97.57,0,9,1,35
99.8,0,9,1,35
95.14,0,9,1,35
84.03,0,9,1,35
98.79,0,9,1,35
98.93,0,9,1,35
99.3,0,9,1,35
91.82,0,6,1,35
91.11,1,9,1,35
88.14,0,9,1,35
93.63,0,9,1,35
96.03,1,9,1,35
82.98,0,9,1,35
98.97,0,9,1,35
95.67,0,9,1,35
77.31,0,9,1,35
98.01,0,9,1,35
75.79,0,7,1,35
99.27,1,7,1,35
97.85,1,7,1,35
78.53,0,7,1,35
90.71,0,6,1,35
93.24,1,6,1,35
98.98,0,6,1,35
100.0,0,6,1,35
84.9,0,6,1,35
90.15,1,6,1,35
75.74,1,6,1,35
89.0,1,6,1,35
89.12,0,6,1,35
96.01,1,6,1,35
92.07,1,6,1,35
89.53,1,6,1,35
94.54,1,6,1,35
95.8,1,6,1,35
92.21,0,6,1,35
96.71,1,6,1,35
98.64,0,6,1,35
89.32,1,6,1,35
75.74,1,6,1,35
75.74,1,6,1,35
80.71,1,6,1,35
87.19,1,6,1,35
68.54,1,6,1,35
85.06,1,1,1,35
98.0,1,1,1,35
79.0,1,1,1,35
98.41,0,1,1,35
96.05,1,1,1,35
95.98,0,1,1,35
82.64,1,1,1,35
98.08,1,1,1,35
88.84,1,1,1,35
85.62,1,1,1,35
79.16,0,1,1,35
86.58,1,1,1,35
86.34,0,1,1,35
91.61,0,1,1,35
97.8,0,1,1,35
99.65,0,1,1,35
98.66,0,1,1,35
87.69,1,1,1,35
87.26,1,1,1,35
94.37,1,1,1,35
97.74,0,1,1,35
90.11,1,1,1,35
67.31,0,1,1,35
95.67,1,1,1,35
82.82,0,1,1,35
94.21,1,1,1,35
85.36,1,1,1,35
99.29,0,1,1,35
95.62,1,1,1,35
91.55,1,1,1,35
96.73,1,1,1,35
99.25,1,1,1,35
96.53,1,1,1,35
82.26,0,1,1,35
77.45,0,1,1,35
96.22,1,1,1,35
97.63,1,1,1,35
86.47,1,1,1,35
87.2,1,1,1,35
98.28,1,1,1,35
85.34,1,1,1,35
96.67,1,1,1,35
81.55,1,1,1,35
85.33,1,1,1,35
98.23,1,1,1,35
80.37,0,1,1,35
86.7,0,1,1,35
94.69,1,1,1,35
96.88,1,1,1,35
94.53,0,1,1,35
78.47,0,1,1,35
95.57,1,1,1,35
94.61,1,1,1,35
97.32,1,1,1,35
95.94,1,1,1,35
88.95,1,1,1,35
93.36,1,1,1,35
95.56,0,1,1,35
98.53,0,1,1,35
91.43,1,1,1,35
88.69,1,1,1,35
88.75,1,1,1,35
95.01,0,1,1,35
90.62,1,1,1,35
99.3,1,1,1,35
84.94,1,1,1,35
89.96,0,1,1,35
98.16,1,1,1,35
94.49,0,1,1,35
96.82,0,1,1,35
75.13,0,1,1,35
98.16,0,1,1,35
97.39,0,1,1,35
71.93,0,1,1,35
89.02,0,10,1,35
97.56,0,10,1,35
93.67,0,10,1,35
89.46,0,10,1,35
98.37,0,10,1,35
94.81,1,10,1,35
96.08,0,10,1,35
97.19,0,10,1,35
99.1,0,10,1,35
93.83,1,10,1,35
93.39,0,10,1,35
98.17,0,10,1,35
97.3,0,10,1,35
95.31,0,10,1,35
97.45,1,9,1,35
96.87,1,9,1,35
86.42,0,10,1,35
81.18,0,10,1,35
82.58,0,9,1,35
99.29,0,9,1,35
96.73,0,9,1,35
84.42,0,10,1,35
79.39,1,10,1,35
98.65,0,9,1,35
96.94,0,10,1,35
85.97,0,10,1,35
93.96,1,10,1,35
73.32,0,10,1,35
86.76,1,10,1,35
95.92,1,9,1,35
99.2,0,9,1,35
99.7,0,10,1,35
98.63,1,10,1,35
92.68,0,10,1,35
87.52,1,10,1,35
95.97,0,10,1,35
78.52,0,10,1,35
85.04,1,10,1,35
88.57,0,10,1,35
88.61,0,9,1,35
95.89,0,10,1,35
88.43,1,10,1,35
98.39,0,10,1,35
91.29,0,10,1,35
91.03,0,10,1,35
91.59,0,10,1,35
92.62,0,10,1,35
97.67,0,10,1,35
79.07,0,10,1,35
81.72,1,10,1,35
78.98,0,10,1,35
98.67,1,10,1,35
43.47,0,10,1,35
69.26,0,10,1,35
83.21,0,10,1,35
84.54,0,10,1,35
92.47,1,10,1,35
89.9,0,10,1,35
80.27,0,10,1,35
82.78,0,10,1,35
70.18,0,10,1,35
92.88,0,10,1,35
98.55,0,10,1,35
88.97,0,10,1,35
80.04,1,9,1,35
97.6,1,9,1,35
94.65,1,9,1,35
97.16,1,10,1,35
90.02,0,10,1,35
87.39,1,10,1,35
87.64,1,10,1,35
85.51,1,10,1,35
92.82,1,10,1,35
88.58,0,10,1,35
95.61,1,10,1,35
77.49,1,10,1,35
97.18,1,10,1,35
79.72,0,10,1,35
93.95,0,10,1,35
95.48,1,10,1,35
93.12,1,10,1,35
97.3,0,10,1,35
98.94,0,10,1,35
95.19,0,10,1,35
83.66,1,10,1,35
98.04,1,10,1,35
93.6,1,10,1,35
95.47,0,10,1,35
97.71,1,10,1,35
91.86,0,10,1,35
100.0,0,9,1,35
91.23,1,10,1,35
41.92,0,10,1,35
82.65,1,9,1,35
74.59,1,10,1,35
96.88,1,10,1,35
93.91,1,10,1,35
98.71,1,10,1,35
64.81,1,10,1,35
99.02,1,10,1,35
98.58,1,10,1,35
98.49,1,10,1,35
96.17,1,10,1,35
98.36,0,10,1,35
98.5,0,10,1,35
95.79,1,10,1,35
93.03,0,10,1,35
99.15,0,10,1,35
86.44,1,10,1,35
94.62,0,10,1,35
96.2,0,10,1,35
90.67,0,10,1,35
95.34,0,10,1,35
96.72,0,10,1,35
97.24,0,10,1,35
96.37,1,10,1,35
98.78,0,10,1,35
98.14,0,10,1,35
95.38,0,10,1,35
92.31,1,9,1,35
99.19,0,10,1,35
97.84,0,10,1,35
96.95,1,10,1,35
99.34,1,9,1,35
99.53,0,10,1,35
89.29,1,9,1,35
78.55,0,10,1,35
97.72,1,10,1,35
77.85,0,10,1,35
93.36,0,9,1,35
98.53,1,9,1,35
74.68,0,9,1,35
84.3,0,9,1,35
96.99,0,9,1,35
98.82,0,9,1,35
83.26,0,9,1,35
99.41,0,9,1,35
95.14,1,9,1,35
97.47,1,9,1,35
86.61,0,9,1,35
88.23,1,9,1,35
95.42,1,9,1,35
95.11,1,9,1,35
72.82,0,9,1,35
92.2,1,9,1,35
95.53,1,9,1,35
99.01,1,10,1,35
95.26,1,2,1,35
85.59,0,3,1,35
98.81,0,1,1,35
92.11,0,3,1,35
90.15,0,3,1,35
77.4,1,3,1,35
80.13,1,1,1,35
99.39,1,3,1,35
99.11,1,3,1,35
94.96,1,3,1,35
97.72,1,3,1,35
93.33,1,2,1,35
77.05,0,2,1,35
82.21,0,2,1,35
80.74,1,2,1,35
92.2,1,2,1,35
99.49,0,2,1,35
83.07,1,2,1,35
98.1,1,2,1,35
97.64,1,2,1,35
95.2,1,2,1,35
94.89,1,2,1,35
99.5,1,2,1,35
82.26,1,2,1,35
91.7,1,2,1,35
73.26,1,1,1,35
83.99,0,2,1,35
98.26,1,2,1,35
97.06,1,2,1,35
95.37,1,2,1,35
84.6,1,2,1,35
79.63,0,2,1,35
93.45,0,2,1,35
97.05,0,2,1,35
93.71,0,2,1,35
82.7,0,2,1,35
84.87,0,2,1,35
97.61,0,2,1,35
97.26,0,2,1,35
97.32,1,1,1,35
90.81,1,1,1,35
85.04,0,1,1,35
80.52,1,1,1,35
92.82,0,1,1,35
97.93,1,1,1,35
85.18,0,1,1,35
88.71,0,5,1,35
92.62,1,6,1,35
95.88,0,6,1,35
92.41,0,6,1,35
94.54,1,6,1,35
98.92,0,6,1,35
56.55,0,6,1,35
76.73,1,6,1,35
90.48,1,6,1,35
69.98,1,6,1,35
57.91,1,6,1,35
93.16,1,3,1,35
94.15,1,6,1,35
86.46,0,6,1,35
91.54,0,6,1,35
93.88,1,6,1,35
98.97,0,6,1,35
98.91,0,6,1,35
98.6,0,6,1,35
93.92,0,6,1,35
92.48,1,6,1,35
93.88,1,6,1,35
92.52,0,6,1,35
96.94,1,6,1,35
97.45,0,6,1,35
97.3,0,6,1,35
90.28,1,6,1,35
85.77,0,6,1,35
96.19,0,6,1,35
94.04,0,5,1,35
96.84,0,5,1,35
68.42,0,5,1,35
87.45,0,5,1,35
63.66,0,5,1,35
55.5,0,5,1,35
96.44,0,5,1,35
91.08,0,5,1,35
87.53,1,6,1,35
91.29,1,4,1,35
86.81,1,4,1,35
98.65,1,4,1,35
85.36,0,4,1,35
87.08,0,4,1,35
92.08,0,4,1,35
99.54,0,4,1,35
91.75,1,4,1,35
98.01,1,4,1,35
98.78,1,4,1,35
88.9,0,4,1,35
70.06,0,4,1,35
93.69,1,4,1,35
95.38,1,4,1,35
92.06,1,4,1,35
68.72,0,4,1,35
93.35,0,4,1,35
67.6,0,4,1,35
80.92,0,4,1,35
89.95,1,4,1,35
91.25,0,4,1,35
99.11,0,4,1,35
93.89,0,4,1,35
97.85,1,4,1,35
89.83,1,4,1,35
98.45,1,4,1,35
97.55,0,4,1,35
92.68,0,4,1,35
81.65,0,4,1,35
96.68,1,4,1,35
73.87,0,4,1,35
80.64,0,4,1,35
75.62,0,4,1,35
94.56,0,4,1,35
90.13,1,4,1,35
89.05,0,4,1,35
92.45,0,4,1,35
91.94,1,4,1,35
95.29,1,4,1,35
89.52,0,4,1,35
96.05,0,4,1,35
96.22,1,4,1,35
97.6,0,4,1,35
93.2,0,4,1,35
91.3,0,4,1,35
82.53,0,4,1,35
85.76,0,18,1,35
91.33,0,18,1,35
85.54,0,18,1,35
77.93,1,18,1,35
86.54,0,18,1,35
94.92,1,18,1,35
99.45,0,18,1,35
87.64,0,18,1,35
99.9,0,18,1,35
88.05,1,18,1,35
95.92,1,18,1,35
94.13,1,18,1,35
99.72,1,18,1,35
83.75,1,18,1,35
89.4,1,17,1,35
93.05,0,18,1,35
94.96,1,18,1,35
67.51,0,18,1,35
99.9,0,18,1,35
99.93,0,18,1,35
91.13,1,18,1,35
95.05,0,18,1,35
98.05,0,18,1,35
75.47,0,18,1,35
97.54,1,18,1,35
92.06,0,18,1,35
96.7,0,18,1,35
88.27,1,18,1,35
92.73,0,18,1,35
90.97,1,17,1,35
83.2,0,18,1,35
97.13,0,18,1,35
76.45,1,18,1,35
87.01,0,17,1,35
97.88,1,18,1,35
82.78,0,18,1,35
91.79,1,18,1,35
57.41,1,18,1,35
79.38,1,18,1,35
99.79,1,18,1,35
80.21,0,18,1,35
97.41,0,18,1,35
54.55,0,18,1,35
96.82,0,18,1,35
95.44,0,18,1,35
97.02,0,18,1,35
96.25,0,18,1,35
99.4,0,18,1,35
95.39,0,18,1,35
81.95,1,18,1,35
96.93,1,18,1,35
100.0,0,18,1,35
98.3,0,18,1,35
98.61,1,18,1,35
98.55,1,18,1,35
91.43,1,18,1,35
84.59,0,18,1,35
98.26,0,18,1,35
96.86,1,18,1,35
95.14,0,18,1,35
97.43,1,18,1,35
89.34,0,18,1,35
98.74,0,18,1,35
94.72,1,18,1,35
81.6,1,18,1,35
95.5,0,18,1,35
88.03,1,18,1,35
94.72,0,18,1,35
89.28,0,18,1,35
99.08,0,18,1,35
94.09,0,18,1,35
85.57,0,18,1,35
97.68,0,18,1,35
99.36,1,18,1,35
90.31,0,18,1,35
50.68,0,18,1,35
97.37,1,18,1,35
89.56,0,18,1,35
87.39,1,18,1,35
96.71,0,18,1,35
90.65,1,18,1,35
93.13,0,18,1,35
83.65,0,18,1,35
96.94,1,18,1,35
97.87,1,18,1,35
66.57,0,18,1,35
97.29,0,18,1,35
96.29,0,18,1,35
90.18,0,18,1,35
86.13,0,18,1,35
70.63,1,18,1,35
96.49,0,18,1,35
97.91,0,18,1,35
75.06,0,18,1,35
96.4,0,18,1,35
93.42,1,18,1,35
79.92,1,18,1,35
82.39,0,18,1,35
97.95,1,18,1,35
84.81,0,18,1,35
94.4,0,18,1,35
96.17,0,18,1,35
77.03,0,18,1,35
90.28,0,18,1,35
74.8,1,18,1,35
96.81,0,18,1,35
71.64,1,18,1,35
94.3,0,18,1,35
86.39,0,18,1,35
93.83,0,18,1,35
94.86,0,18,1,35
98.25,0,18,1,35
71.26,0,18,1,35
75.9,0,18,1,35
66.4,1,18,1,35
81.05,0,18,1,35
94.4,0,18,1,35
91.67,0,18,1,35
95.16,0,18,1,35
94.66,0,17,1,35
97.34,0,18,1,35
88.12,0,18,1,35
89.61,1,18,1,35
50.44,1,18,1,35
91.01,0,18,1,35
93.27,1,18,1,35
94.55,0,18,1,35
97.66,0,18,1,35
87.74,0,18,1,35
99.16,0,18,1,35
96.33,1,18,1,35
80.55,0,18,1,35
92.93,0,18,1,35
89.41,1,18,1,35
93.43,0,18,1,35
85.68,1,18,1,35
85.47,1,18,1,35
97.64,1,18,1,35
84.54,0,18,1,35
92.0,1,18,1,35
96.11,0,18,1,35
90.89,0,18,1,35
86.04,1,18,1,35
61.19,0,18,1,35
90.23,1,18,1,35
88.79,0,18,1,35
91.5,1,18,1,35
98.53,0,18,1,35
90.93,1,18,1,35
96.4,0,18,1,35
62.73,0,18,1,35
95.3,1,18,1,35
92.46,1,18,1,35
96.1,1,17,1,35
97.57,1,17,1,35
93.71,1,17,1,35
77.88,1,17,1,35
98.28,1,17,1,35
95.61,0,17,1,35
98.03,0,17,1,35
98.36,1,17,1,35
98.3,1,17,1,35
98.04,1,17,1,35
98.87,1,17,1,35
71.54,1,17,1,35
97.56,1,17,1,35
99.21,0,17,1,35
81.68,0,15,1,35
87.37,0,15,1,35
94.07,0,15,1,35
97.46,0,15,1,35
78.0,0,15,1,35
92.64,0,15,1,35
57.38,1,15,1,35
96.81,0,15,1,35
93.66,1,15,1,35
94.45,1,14,1,35
78.19,0,15,1,35
94.51,1,14,1,35
96.51,1,15,1,35
56.42,1,15,1,35
96.91,0,15,1,35
94.43,1,15,1,35
89.48,0,15,1,35
85.81,0,15,1,35
94.06,0,14,1,35
93.65,1,17,1,35
98.91,0,16,1,35
97.19,0,15,1,35
91.53,0,16,1,35
79.96,0,16,1,35
98.3,0,16,1,35
96.6,1,16,1,35
90.47,1,16,1,35
80.65,0,15,1,35
99.37,1,16,1,35
92.63,0,15,1,35
98.76,0,16,1,35
91.78,1,15,1,35
91.57,0,16,1,35
96.73,0,16,1,35
79.22,0,15,1,35
88.86,0,16,1,35
87.23,0,17,1,35
94.58,0,17,1,35
88.5,0,15,1,35
89.16,0,16,1,35
85.45,0,16,1,35
93.05,0,15,1,35
96.7,1,15,1,35
90.06,0,15,1,35
93.13,1,15,1,35
81.13,0,16,1,35
97.37,0,16,1,35
79.55,0,16,1,35
97.02,0,16,1,35
81.99,1,16,1,35
97.99,0,16,1,35
88.21,0,15,1,35
72.24,1,15,1,35
94.95,0,15,1,35
93.26,0,15,1,35
98.49,0,16,1,35
98.71,0,16,1,35
96.63,1,15,1,35
87.69,1,15,1,35
100.0,0,16,1,35
98.83,1,16,1,35
97.69,0,16,1,35
97.5,0,16,1,35
97.03,0,16,1,35
93.25,0,15,1,35
98.95,0,16,1,35
94.69,1,16,1,35
92.79,0,15,1,35
98.79,0,16,1,35
93.43,1,15,1,35
95.09,0,16,1,35
93.99,0,16,1,35
95.08,1,15,1,35
93.68,0,16,1,35
70.42,0,16,1,35
84.67,1,15,1,35
86.31,0,16,1,35
95.36,0,15,1,35
94.86,0,16,1,35
95.44,1,16,1,35
82.53,0,16,1,35
94.64,1,15,1,35
94.67,1,15,1,35
89.93,1,16,1,35
99.85,0,16,1,35
88.17,0,16,1,35
96.47,1,16,1,35
94.82,0,16,1,35
92.94,1,16,1,35
90.58,0,16,1,35
100.0,0,16,1,35
96.11,0,16,1,35
86.37,0,16,1,35
96.05,0,16,1,35
99.1,0,16,1,35
98.35,0,16,1,35
41.71,0,16,1,35
97.02,0,16,1,35
81.28,0,16,1,35
99.88,0,16,1,35
96.11,1,16,1,35
97.52,0,16,1,35
61.08,0,16,1,35
93.69,1,16,1,35
78.58,0,16,1,35
81.48,0,16,1,35
80.06,0,16,1,35
89.75,1,16,1,35
95.1,1,16,1,35
91.76,1,16,1,35
94.72,0,16,1,35
80.11,0,16,1,35
85.88,0,16,1,35
95.49,0,16,1,35
76.1,0,16,1,35
91.47,1,16,1,35
79.32,1,16,1,35
90.3,0,16,1,35
76.62,0,16,1,35
91.72,1,16,1,35
80.55,0,16,1,35
97.87,1,16,1,35
97.09,1,16,1,35
97.22,0,16,1,35
97.38,0,16,1,35
90.51,0,16,1,35
91.04,0,16,1,35
92.21,1,16,1,35
61.12,0,16,1,35
91.04,0,16,1,35
97.91,1,16,1,35
87.35,0,16,1,35
89.12,0,16,1,35
97.09,0,16,1,35
81.48,0,16,1,35
94.11,0,16,1,35
99.69,0,16,1,35
97.92,0,16,1,35
88.22,0,16,1,35
98.52,0,16,1,35
98.01,0,16,1,35
98.48,0,16,1,35
97.71,0,15,1,35
83.43,1,18,2,35
90.76,1,18,2,35
97.24,0,18,1,35
93.34,1,15,1,35
74.16,1,15,1,35
95.72,1,15,1,35
84.95,1,10,1,35
64.61,1,10,1,35
92.72,0,10,1,35
90.39,0,10,1,35
88.28,1,10,1,35
97.94,1,10,1,35
96.15,0,10,1,35
93.21,0,10,1,35
94.84,0,10,1,35
89.92,1,10,1,35
98.5,0,10,1,35
96.09,1,15,1,35
95.06,1,10,1,35
89.11,0,10,1,35
94.79,1,10,1,35
91.99,0,10,1,35
62.47,0,10,1,35
90.41,1,10,1,35
89.19,0,10,1,35
95.71,1,15,1,35
80.94,0,15,1,35
92.7,0,15,1,35
98.24,0,18,1,35
96.96,1,15,1,35
58.1,0,15,1,35
93.44,1,10,1,35
86.89,0,15,1,35
77.93,0,10,1,35
89.84,1,15,1,35
93.55,1,15,1,35
90.96,0,15,1,35
95.98,0,15,1,35
94.18,1,15,1,35
94.49,0,18,1,35
96.14,1,18,1,35
99.42,0,18,1,35
75.58,0,10,1,35
92.02,1,15,1,35
98.39,0,15,1,35
98.85,0,10,1,35
93.11,1,15,1,35
97.07,1,10,1,35
96.13,0,18,1,35
98.92,0,10,1,35
98.96,1,15,1,35
97.92,1,15,1,35
75.22,0,15,1,35
94.93,1,15,1,35
98.75,0,18,1,35
97.72,0,18,1,35
93.19,1,15,1,35
93.92,1,15,1,35
92.74,0,15,1,35
90.3,1,10,1,35
98.32,1,15,1,35
77.12,1,10,1,35
93.35,1,10,1,35
98.96,1,15,1,35
92.05,0,15,1,35
67.86,0,15,1,35
88.41,0,15,1,35
97.37,1,10,1,35
77.52,1,10,1,35
87.08,0,10,1,35
97.09,0,18,1,35
86.46,0,15,1,35
92.92,1,15,1,35
94.91,1,15,1,35
90.26,1,15,1,35
85.67,1,15,1,35
88.54,1,15,1,35
88.45,1,10,1,35
94.53,1,15,1,35
98.24,1,15,1,35
99.18,1,15,1,35
78.21,0,15,1,35
81.16,1,15,1,35
85.93,0,15,1,35
66.09,0,10,1,35
79.03,0,14,1,35
96.12,0,15,1,35
96.5,0,14,1,35
91.94,1,15,1,35
69.16,1,10,1,35
100.0,0,18,1,35
98.87,0,18,1,35
88.77,1,14,1,35
93.11,0,14,1,35
99.9,0,14,1,35
98.52,1,17,1,35
71.02,0,14,1,35
80.72,0,10,1,35
79.56,0,14,1,35
99.16,0,10,1,35
91.31,1,15,1,35
99.34,0,10,1,35
96.31,0,14,1,35
74.41,0,14,1,35
66.23,0,18,1,35
94.38,1,10,1,35
99.43,0,14,1,35
91.05,0,14,1,35
93.96,0,15,1,35
97.97,0,14,1,35
96.64,0,18,1,35
88.1,0,14,1,35
88.42,0,15,1,35
63.33,0,18,1,35
94.72,1,10,1,35
97.75,1,18,1,35
93.47,0,15,1,35
38.05,0,15,1,35
94.26,1,10,1,35
94.36,0,14,1,35
97.34,0,15,1,35
96.59,0,15,1,35
91.8,0,15,1,35
87.54,0,10,1,35
97.79,0,14,1,35
95.59,1,10,1,35
96.62,0,10,1,35
75.38,1,10,1,35
94.05,1,17,1,35
96.99,0,10,1,35
95.85,0,15,1,35
97.51,0,18,1,35
78.73,0,17,1,35
90.39,0,15,1,35
91.63,0,15,1,35
91.27,0,14,1,35
96.07,0,18,1,35
95.09,0,15,1,35
92.35,0,10,1,35
98.68,0,14,1,35
99.04,0,10,1,35
96.53,0,10,1,35
95.12,0,18,1,35
47.17,0,15,1,35
97.6,0,15,1,35
86.15,0,15,1,35
72.97,0,15,1,35
69.58,1,18,1,35
87.6,0,10,1,35
97.0,1,15,1,35
92.27,0,15,1,35
96.6,0,15,1,35
84.11,0,15,1,35
92.61,1,10,1,35
79.9,0,10,1,35
89.9,1,10,1,35
96.83,0,10,1,35
82.23,0,15,1,35
97.18,1,10,1,35
95.4,1,15,1,35
53.95,0,15,1,35
94.55,0,15,1,35
94.01,0,10,1,35
93.48,1,10,1,35
48.82,0,14,1,35
76.86,0,14,1,35
93.93,1,10,1,35
70.59,0,10,1,35
77.12,0,10,1,35
88.08,0,10,1,35
97.49,0,15,1,35
94.38,1,18,1,35
95.35,0,15,1,35
90.14,1,10,1,35
95.44,1,15,1,35
91.16,1,15,1,35
86.27,1,15,1,35
78.78,1,14,1,35
65.85,0,14,1,35
97.27,0,14,1,35
97.5,0,14,1,35
97.82,1,15,1,35
85.35,0,15,1,35
84.46,1,15,1,35
88.77,1,15,1,35
89.14,0,15,1,35
92.46,0,14,1,35
98.55,0,14,1,35
68.42,0,18,1,35
67.13,0,15,1,35
71.79,0,15,1,35
90.89,1,18,1,35
84.93,0,15,1,35
82.45,0,15,1,35
58.77,1,15,1,35
95.37,0,15,1,35
89.03,0,15,1,35
91.08,0,15,1,35
82.72,0,15,1,35
94.31,1,15,1,35
96.6,1,15,1,35
90.78,0,10,1,35
90.3,1,15,1,35
96.2,1,15,1,35
96.65,1,10,1,35
96.65,1,15,1,35
74.87,1,14,1,35
95.19,0,10,1,35
48.1,0,14,1,35
99.75,0,14,1,35
67.7,0,14,1,35
95.1,1,14,1,35
97.36,1,14,1,35
48.82,0,10,1,35
93.44,1,14,1,35
95.59,1,10,1,35
96.3,1,14,1,35
98.95,0,14,1,35
92.76,0,10,1,35
91.16,1,15,1,35
91.86,1,15,1,35
93.46,1,14,1,35
59.19,0,16,1,35
98.13,1,16,1,35
82.88,0,15,1,35
96.7,0,14,1,35
98.51,0,14,1,35
82.85,0,14,1,35
79.35,0,14,1,35
95.68,1,15,1,35
92.22,0,14,1,35
85.01,1,10,1,35
92.85,1,10,1,35
72.05,0,15,1,35
97.12,0,18,1,35
69.66,0,10,1,35
87.94,0,10,1,35
84.41,1,10,1,35
93.13,0,14,1,35
78.04,0,10,1,35
93.46,1,11,1,35
89.18,0,15,1,35
98.61,1,15,1,35
88.9,1,15,1,35
91.59,1,10,1,35
87.56,0,11,1,35
83.17,0,15,1,35
95.41,0,10,1,35
99.93,1,10,1,35
63.32,0,10,1,35
85.52,0,15,1,35
91.23,1,10,1,35
95.94,0,14,1,35
88.12,0,15,1,35
81.42,0,14,1,35
93.03,1,15,1,35
48.91,0,15,1,35
42.46,0,15,1,35
98.3,0,16,1,35
94.02,1,14,1,35
97.78,0,10,1,35
98.28,0,15,1,35
90.15,0,15,1,35
95.77,1,18,1,35
92.31,0,18,1,35
64.85,0,18,1,35
92.94,1,10,1,35
86.01,1,14,1,35
91.61,1,15,1,35
96.88,0,15,1,35
93.55,1,18,1,35
75.25,1,10,1,35
96.19,1,17,1,35
71.24,0,15,1,35
96.91,0,16,1,35
93.33,1,15,1,35
88.66,1,15,1,35
91.22,1,16,1,35
79.17,1,10,1,35
96.77,0,18,1,35
93.93,1,10,1,35
97.73,1,10,1,35
94.91,1,10,1,35
85.65,0,15,1,35
84.83,1,14,1,35
92.27,1,15,1,35
99.67,0,16,1,35
89.6,0,16,1,35
92.04,1,10,1,35
87.94,0,15,1,35
94.12,0,15,1,35
97.57,1,10,1,35
92.05,1,14,1,35
98.63,1,14,1,35
86.45,1,15,1,35
84.03,0,15,1,35
96.81,0,12,1,35
71.91,0,14,1,35
89.75,1,16,1,35
90.23,1,14,1,35
60.38,0,15,1,35
91.92,1,10,1,35
93.74,1,18,1,35
98.67,0,18,1,35
92.61,1,14,1,35
95.56,0,14,1,35
99.25,1,14,1,35
90.49,1,14,1,35
98.4,1,10,1,35
91.02,0,10,1,35
70.8,0,15,1,35
86.93,1,10,1,35
99.64,0,14,1,35
91.49,0,17,1,35
97.09,0,10,1,35
97.02,0,12,1,35
94.34,1,15,1,35
92.09,0,10,1,35
94.75,0,15,1,35
98.17,1,10,1,35
59.94,0,15,1,35
82.29,0,10,1,35
97.87,0,10,1,35
97.13,0,10,1,35
99.2,1,10,1,35
96.58,0,18,1,35
65.52,0,12,1,35
85.19,1,14,1,35
95.0,0,18,1,35
69.49,0,10,1,35
93.94,1,11,1,35
98.23,1,10,1,35
85.5,0,16,1,35
92.0,1,14,1,35
97.3,0,16,1,35
68.8,0,15,1,35
60.74,1,10,1,35
99.54,0,17,1,35
97.71,0,14,1,35
65.63,0,18,1,35
97.68,0,10,1,35
95.18,0,18,1,35
87.41,0,16,1,35
89.15,1,15,1,35
96.98,0,10,1,35
99.84,0,10,1,35
91.31,0,14,1,35
70.22,0,15,1,35
99.63,1,18,1,35
90.36,0,18,1,35
88.75,1,18,1,35
97.0,1,18,1,35
89.79,0,18,1,35
92.04,1,18,1,35
80.79,1,18,1,35
98.05,1,18,1,35
81.63,0,18,1,35
91.8,0,18,1,35
89.73,1,18,1,35
53.81,1,18,1,35
92.55,0,18,1,35
95.16,1,18,1,35
95.65,0,18,1,35
64.78,1,18,1,35
96.76,1,6,2,35
97.92,1,6,2,35
93.84,1,9,2,35
99.4,1,9,2,35
92.74,1,6,2,35
83.91,0,6,2,35
74.8,1,6,2,35
97.26,1,6,2,35
80.94,1,6,2,35
64.8,1,6,2,35
76.84,1,6,2,35
75.75,1,6,2,35
99.27,1,6,2,35
96.23,1,6,2,35
98.35,1,1,2,35
79.45,0,6,2,35
95.56,1,6,2,35
83.11,1,6,2,35
94.32,1,6,2,35
96.23,1,6,2,35
87.92,1,6,2,35
91.44,0,9,2,35
80.5,1,6,2,35
97.68,1,6,2,35
86.44,0,6,2,35
100.0,1,6,2,35
93.7,0,6,2,35
99.69,1,6,2,35
99.23,1,6,2,35
61.64,1,6,2,35
80.7,1,6,2,35
87.3,1,18,2,35
99.9,1,6,2,35
85.17,1,6,2,35
79.5,1,6,2,35
75.84,1,6,2,35
96.45,1,6,2,35
99.06,0,1,2,35
84.94,1,18,2,35
92.77,1,6,2,35
47.42,0,9,2,35
90.6,1,6,2,35
94.21,1,1,2,35
99.77,1,6,2,35
99.5,1,6,2,35
97.47,1,18,2,35
71.37,0,6,2,35
82.84,1,6,2,35
95.97,1,6,2,35
86.41,1,1,2,35
78.83,1,6,2,35
64.39,1,1,2,35
94.27,1,6,2,35
87.93,1,6,2,35
96.56,1,6,2,35
80.5,1,6,2,35
68.74,1,9,2,35
78.22,1,6,2,35
96.23,1,6,2,35
89.83,1,6,2,35
93.31,1,7,2,35
91.37,1,6,2,35
89.45,1,9,2,35
89.57,1,6,2,35
97.28,1,1,2,35
76.67,0,6,2,35
49.2,1,1,2,35
97.6,1,9,2,35
85.76,1,9,2,35
86.73,1,6,2,35
96.94,1,6,2,35
87.84,0,7,2,35
95.8,1,6,2,35
93.83,1,6,2,35
92.76,1,7,2,35
94.57,1,7,2,35
95.62,1,6,2,35
80.51,1,1,2,35
75.37,1,1,2,35
87.02,0,7,2,35
99.67,1,6,2,35
94.08,1,6,2,35
73.98,1,9,2,35
82.4,1,9,2,35
97.77,1,18,2,35
89.02,1,9,2,35
55.95,1,1,2,35
86.37,1,6,2,35
87.83,1,9,2,35
93.37,1,9,2,35
87.65,1,6,2,35
98.03,1,18,2,35
71.86,0,9,2,35
88.25,0,18,2,35
97.0,1,9,2,35
97.03,1,9,2,35
92.59,1,9,2,35
94.0,1,9,2,35
95.04,1,9,2,35
72.97,1,6,2,35
73.16,1,6,2,35
60.68,1,1,2,35
92.26,1,9,2,35
96.87,1,1,2,35
96.63,1,9,2,35
84.98,1,6,2,35
97.51,1,18,2,35
100.0,1,18,2,35
94.4,1,9,2,35
75.91,1,9,2,35
67.68,1,1,2,35
70.02,1,6,2,35
70.26,1,9,2,35
97.9,1,9,2,35
97.19,0,9,2,35
86.5,1,9,2,35
92.41,0,6,2,35
84.73,1,18,2,35
92.39,0,9,2,35
84.28,1,9,2,35
94.45,1,9,2,35
95.98,1,9,2,35
93.01,1,9,2,35
94.05,1,9,2,35
88.85,1,6,2,35
97.97,1,18,2,35
91.92,1,9,2,35
64.55,1,6,2,35
90.4,1,9,2,35
93.96,1,9,2,35
93.03,1,9,2,35
56.58,1,6,2,35
90.6,1,6,2,35
76.49,1,9,2,35
79.85,1,9,2,35
91.02,1,9,2,35
79.8,1,9,2,35
87.14,1,9,2,35
96.23,1,1,2,35
97.08,1,9,2,35
91.53,1,9,2,35
94.54,1,6,2,35
91.81,0,18,2,35
96.24,1,9,2,35
98.71,1,6,2,35
76.27,1,9,2,35
93.7,1,1,2,35
90.95,0,9,2,35
77.63,1,9,2,35
77.63,1,9,2,35
97.95,1,6,2,35
86.29,1,6,2,35
85.57,1,6,2,35
93.35,1,6,2,35
85.27,1,9,2,35
85.13,1,9,2,35
72.29,1,9,2,35
94.73,0,18,2,35
88.41,0,9,2,35
70.38,1,9,2,35
94.01,1,6,2,35
83.43,1,9,2,35
92.68,1,6,2,35
88.5,1,6,2,35
74.93,0,6,2,35
95.59,1,6,2,35
91.93,1,6,2,35
94.41,1,9,2,35
84.92,1,9,2,35
90.27,1,9,2,35
80.42,0,9,2,35
81.88,1,9,2,35
81.3,1,6,2,35
88.15,1,9,2,35
92.22,1,18,2,35
94.09,1,6,2,35
91.61,1,1,2,35
91.37,0,1,2,35
70.77,1,1,2,35
72.62,1,1,2,35
79.98,0,1,2,35
80.94,1,6,2,35
91.01,1,6,2,35
49.7,1,1,2,35
56.53,1,1,2,35
91.84,1,9,2,35
88.88,1,1,2,35
74.94,1,6,2,35
94.51,1,6,2,35
96.26,0,6,2,35
83.71,1,1,2,35
62.15,0,6,2,35
89.78,0,6,2,35
84.48,1,6,2,35
90.88,1,9,2,35
94.94,1,6,2,35
84.05,1,6,2,35
86.88,0,6,2,35
89.52,0,9,2,35
81.51,1,6,2,35
92.96,1,1,2,35
94.94,1,6,2,35
74.42,1,6,2,35
80.29,1,6,2,35
84.89,1,6,2,35
82.61,1,6,2,35
88.54,0,6,2,35
94.01,1,6,2,35
75.14,1,6,2,35
90.31,1,6,2,35
67.3,0,1,2,35
97.49,1,6,2,35
78.74,1,6,2,35
94.01,1,6,2,35
95.3,1,1,2,35
98.62,1,1,2,35
99.72,1,1,2,35
98.54,1,1,2,35
98.68,1,1,2,35
100.0,1,1,2,35
94.45,1,1,2,35
86.21,1,6,2,35
95.12,1,1,2,35
92.18,1,6,2,35
77.07,0,1,2,35
72.45,1,6,2,35
82.97,1,6,2,35
70.16,1,9,2,35
85.73,1,6,2,35
91.62,1,6,2,35
76.86,1,6,2,35
93.94,1,6,2,35
52.81,1,6,2,35
89.64,1,6,2,35
77.13,1,6,2,35
93.94,1,6,2,35
80.87,1,6,2,35
59.61,1,1,2,35
71.45,1,6,2,35
67.5,0,6,2,35
76.09,0,9,2,35
92.54,1,9,2,35
84.46,1,11,2,35
53.19,0,12,2,35
88.85,1,16,2,35
88.85,1,16,2,35
73.91,0,15,2,35
92.74,1,16,2,35
88.86,1,16,2,35
89.6,1,10,2,35
91.16,1,14,2,35
86.44,0,16,2,35
81.96,1,16,2,35
98.51,0,16,2,35
85.14,1,14,2,35
72.88,1,16,2,35
69.83,1,14,2,35
74.55,0,16,2,35
81.1,0,16,2,35
95.44,0,14,2,35
82.6,0,14,2,35
93.56,0,10,2,35
99.69,1,16,2,35
89.75,1,14,2,35
89.06,1,14,2,35
99.8,0,14,2,35
68.47,1,14,2,35
87.56,1,10,2,35
75.71,1,14,2,35
79.8,1,10,2,35
55.72,0,14,2,35
74.48,0,14,2,35
71.88,1,14,2,35
73.87,0,16,2,35
81.28,1,14,2,35
96.63,1,10,2,35
76.42,1,16,2,35
95.83,1,10,2,35
90.66,0,14,2,35
81.1,1,14,2,35
53.89,0,14,2,35
76.06,1,14,2,35
79.51,1,14,2,35
61.19,1,14,2,35
97.19,1,14,2,35
93.05,1,14,2,35
82.95,1,10,2,35
79.47,1,16,2,35
83.91,1,10,2,35
94.78,1,14,2,35
93.27,1,10,2,35
81.36,1,10,2,35
87.62,1,14,2,35
59.82,0,14,2,35
76.61,1,10,2,35
93.19,1,10,2,35
91.71,1,14,2,35
91.85,1,14,2,35
64.5,1,10,2,35
93.01,1,14,2,35
88.2,1,16,2,35
74.52,1,14,2,35
82.98,1,14,2,35
65.02,0,14,2,35
95.16,1,14,2,35
96.51,0,16,2,35
72.55,1,14,2,35
81.44,1,16,2,35
92.53,1,16,2,35
97.11,1,16,2,35
79.07,0,16,2,35
92.47,0,16,2,35
93.77,1,16,2,35
91.44,0,14,2,35
89.68,1,16,2,35
95.38,1,16,2,35
91.63,1,14,2,35
77.01,1,16,2,35
91.44,1,16,2,35
82.83,0,16,2,35
85.48,0,16,2,35
87.0,1,16,2,35
76.45,1,10,2,35
64.05,1,16,2,35
90.38,1,16,2,35
61.85,1,16,2,35
78.84,0,14,2,35
88.69,1,16,2,35
88.07,0,10,2,35
92.57,1,16,2,35
90.8,0,16,2,35
88.36,1,16,2,35
96.54,1,16,2,35
79.4,0,16,2,35
86.15,1,16,2,35
70.65,1,16,2,35
89.49,0,16,2,35
76.67,1,16,2,35
91.33,1,14,2,35
94.09,0,14,2,35
82.92,0,16,2,35
77.58,0,16,2,35
95.2,1,16,2,35
93.36,1,16,2,35
78.72,1,14,2,35
74.45,1,16,2,35
59.77,0,16,2,35
96.11,1,16,2,35
80.32,0,16,2,35
85.08,0,16,2,35
61.22,0,16,2,35
60.31,0,16,2,35
90.75,1,16,2,35
93.24,1,14,2,35
89.73,1,16,2,35
92.49,0,16,2,35
85.42,0,14,2,35
65.08,0,16,2,35
87.22,1,10,2,35
32.1,0,16,2,35
76.15,1,16,2,35
79.0,1,16,2,35
88.53,1,10,2,35
94.41,1,10,2,35
87.48,1,16,2,35
97.54,1,16,2,35
88.34,0,16,2,35
93.38,1,16,2,35
84.33,1,10,2,35
64.5,1,15,2,35
65.61,1,10,2,35
74.56,0,14,2,35
85.61,1,16,2,35
96.94,0,16,2,35
79.94,1,16,2,35
93.25,1,16,2,35
97.38,1,16,2,35
93.16,1,16,2,35
94.37,1,16,2,35
86.61,1,16,2,35
53.71,1,16,2,35
96.88,1,14,2,35
94.85,1,16,2,35
98.35,1,10,2,35
92.6,1,10,2,35
89.47,1,16,2,35
79.34,1,10,2,35
88.1,1,16,2,35
99.41,1,16,2,35
98.67,1,16,2,35
98.36,1,16,2,35
99.1,1,16,2,35
99.2,1,16,2,35
51.94,0,15,2,35
91.18,1,10,2,35
97.45,0,16,2,35
90.22,1,15,2,35
89.16,1,16,2,35
99.07,1,14,2,35
83.39,1,10,2,35
83.11,1,10,2,35
94.33,1,16,2,35
70.01,0,16,2,35
87.17,1,14,2,35
99.07,1,16,2,35
94.97,1,16,2,35
93.06,1,16,2,35
50.32,1,16,2,35
54.84,1,16,2,35
94.68,1,16,2,35
86.6,1,10,2,35
89.49,1,16,2,35
87.4,1,16,2,35
87.92,1,16,2,35
82.42,1,11,2,35
87.0,0,16,2,35
97.89,1,16,2,35
97.37,1,16,2,35
81.02,1,16,2,35
73.79,1,11,2,35
89.02,1,10,2,35
89.35,0,16,2,35
92.23,1,14,2,35
97.17,1,16,2,35
89.31,1,16,2,35
83.38,1,11,2,35
95.53,1,16,2,35
81.12,0,16,2,35
85.07,0,16,2,35
79.32,1,11,2,35
94.77,1,16,2,35
90.82,1,16,2,35
96.02,1,16,2,35
72.0,0,16,2,35
74.55,1,15,2,35
81.91,1,11,2,35
62.99,1,16,2,35
95.92,1,16,2,35
97.79,1,10,2,35
99.1,1,14,2,35
87.16,1,16,2,35
76.52,1,14,2,35
67.47,1,16,2,35
89.79,1,14,2,35
98.4,1,10,2,35
82.14,1,16,2,35
82.78,0,12,2,35
87.76,1,16,2,35
89.94,1,16,2,35
91.19,1,16,2,35
90.35,1,12,2,35
69.77,1,16,2,35
67.59,1,11,2,35
90.89,1,14,2,35
86.21,1,14,2,35
91.45,1,16,2,35
96.0,0,14,2,35
52.6,1,12,2,35
90.17,1,16,2,35
85.84,1,15,2,35
96.88,1,16,2,35
97.06,1,16,2,35
84.89,1,14,2,35
90.45,1,16,2,35
81.65,1,16,2,35
67.58,1,14,2,35
46.98,0,14,2,35
79.96,0,10,2,35
99.41,1,16,2,35
91.6,1,12,2,35
96.37,1,14,2,35
59.8,0,16,2,35
90.52,0,14,2,35
85.11,0,16,2,35
91.99,1,16,2,35
65.93,0,14,2,35
84.04,1,11,2,35
88.26,1,2,2,35
89.53,1,3,2,35
81.06,1,10,2,35
93.77,1,3,2,35
59.0,1,2,2,35
73.28,1,2,2,35
99.69,1,2,2,35
83.95,1,3,2,35
82.98,1,2,2,35
93.23,1,10,2,35
58.1,1,2,2,35
88.29,1,2,2,35
95.37,1,1,2,35
97.4,1,2,2,35
62.54,1,2,2,35
91.54,1,2,2,35
87.27,1,2,2,35
96.08,1,3,2,35
99.33,1,9,2,35
87.86,1,2,2,35
93.49,1,2,2,35
94.1,1,2,2,35
92.62,1,10,2,35
97.01,0,2,2,35
85.57,1,2,2,35
98.46,1,2,2,35
85.89,0,3,2,35
75.54,0,2,2,35
85.55,1,3,2,35
80.3,1,3,2,35
45.22,1,3,2,35
64.18,1,10,2,35
83.71,1,3,2,35
75.8,0,1,2,35
96.59,1,3,2,35
70.2,1,3,2,35
81.2,1,10,2,35
84.06,1,10,2,35
88.76,1,2,2,35
90.03,1,3,2,35
98.04,1,3,2,35
99.63,1,2,2,35
88.62,0,3,2,35
67.1,1,10,2,35
94.01,1,10,2,35
92.64,1,3,2,35
94.56,1,2,2,35
91.94,1,1,2,35
99.03,1,3,2,35
86.82,1,3,2,35
96.62,1,3,2,35
89.08,1,3,2,35
82.92,1,2,2,35
71.85,1,10,2,35
82.98,1,2,2,35
68.36,1,10,2,35
72.77,1,3,2,35
71.37,1,10,2,35
91.73,1,3,2,35
94.99,1,10,2,35
98.75,1,3,2,35
72.9,1,2,2,35
96.89,1,9,2,35
95.78,1,9,2,35
70.2,1,3,2,35
97.51,1,1,2,35
98.17,1,10,2,35
69.75,0,3,2,35
88.14,1,2,2,35
73.94,0,10,2,35
80.52,1,2,2,35
93.07,1,1,2,35
99.61,1,2,2,35
92.21,1,9,2,35
86.44,1,3,2,35
74.17,1,10,2,35
95.49,1,2,2,35
87.34,1,2,2,35
64.81,1,10,2,35
91.94,1,9,2,35
91.54,1,9,2,35
55.18,1,2,2,35
87.26,1,3,2,35
89.55,1,3,2,35
89.59,1,3,2,35
96.2,1,3,2,35
94.13,1,10,2,35
90.66,1,3,2,35
92.81,1,3,2,35
94.53,0,3,2,35
95.13,1,2,2,35
81.68,1,2,2,35
69.57,1,2,2,35
99.74,1,3,2,35
85.8,1,3,2,35
94.13,1,10,2,35
96.31,1,3,2,35
76.05,1,2,2,35
93.74,1,3,2,35
91.76,1,3,2,35
49.83,1,10,2,35
85.08,1,10,2,35
87.34,1,10,2,35
88.67,1,2,2,35
92.3,1,1,2,35
95.19,1,2,2,35
63.78,1,10,2,35
94.72,1,2,2,35
97.77,1,2,2,35
65.56,1,10,2,35
81.96,1,3,2,35
74.42,1,2,2,35
67.37,1,10,2,35
72.49,1,3,2,35
76.82,1,2,2,35
90.45,1,3,2,35
91.83,1,10,2,35
81.51,0,2,2,35
86.12,1,3,2,35
87.31,1,3,2,35
96.93,1,3,2,35
90.74,1,3,2,35
98.03,0,3,2,35
90.96,1,3,2,35
95.86,0,3,2,35
83.84,1,10,2,35
81.74,0,3,2,35
88.21,1,3,2,35
91.76,0,3,2,35
92.9,1,3,2,35
93.15,1,3,2,35
90.41,1,3,2,35
78.97,1,2,2,35
92.72,1,2,2,35
72.91,1,2,2,35
92.99,1,2,2,35
84.45,1,1,2,35
98.08,1,3,2,35
80.06,1,3,2,35
90.48,1,4,2,35
91.45,1,4,2,35
89.62,1,1,2,35
76.53,1,10,2,35
78.68,1,3,2,35
79.48,1,4,2,35
90.87,1,2,2,35
83.18,1,4,2,35
90.68,1,2,2,35
82.45,0,2,2,35
92.5,1,2,2,35
88.97,0,10,2,35
45.8,1,3,2,35
95.85,1,3,2,35
95.33,0,4,2,35
92.71,1,2,2,35
98.54,1,1,2,35
94.12,1,3,2,35
91.31,1,1,2,35
98.61,1,3,2,35
95.77,1,2,2,35
99.1,1,2,2,35
97.62,1,3,2,35
73.0,0,3,2,35
86.54,1,3,2,35
87.05,0,2,2,35
99.8,1,2,2,35
75.05,1,10,2,35
70.2,1,2,2,35
38.23,1,2,2,35
87.69,1,3,2,35
84.33,1,2,2,35
93.26,0,3,2,35
97.99,1,10,2,35
92.66,0,3,2,35
97.15,0,3,2,35
91.69,1,2,2,35
83.99,1,3,2,35
95.88,1,2,2,35
84.76,1,10,2,35
94.76,1,3,2,35
90.9,1,3,2,35
98.27,1,2,2,35
81.26,0,2,2,35
87.61,1,2,2,35
90.1,1,1,2,35
100.0,1,1,2,35
71.51,1,1,2,35
92.81,1,2,2,35
89.77,1,2,2,35
87.3,0,10,2,35
90.54,1,2,2,35
96.41,1,2,2,35
83.31,1,1,2,35
80.69,1,1,2,35
78.04,1,2,2,35
61.65,0,2,2,35
61.99,0,3,2,35
99.08,1,1,2,35
92.18,1,2,2,35
44.44,1,1,2,35
94.74,1,1,2,35
67.27,0,2,2,35
88.64,1,2,2,35
82.17,1,1,2,35
98.72,1,2,2,35
79.61,1,1,2,35
82.44,1,2,2,35
65.58,1,1,2,35
87.99,1,3,2,35
86.34,1,3,2,35
82.88,1,3,2,35
91.42,1,1,2,35
67.5,1,9,2,35
86.73,1,3,2,35
91.35,1,3,2,35
70.2,1,3,2,35
87.02,1,17,2,35
74.88,1,6,2,35
85.82,1,17,2,35
93.56,1,6,2,35
97.05,1,6,2,35
97.05,1,6,2,35
97.05,1,6,2,35
97.05,1,6,2,35
80.89,0,6,2,35
97.48,1,17,2,35
82.44,0,17,2,35
80.42,1,6,2,35
88.71,1,6,2,35
62.49,0,3,2,35
98.02,1,3,2,35
79.32,0,17,2,35
94.13,1,6,2,35
95.44,1,6,2,35
94.7,1,4,2,35
94.35,1,6,2,35
90.72,1,6,2,35
95.89,1,4,2,35
79.54,1,17,2,35
80.55,1,6,2,35
79.77,1,17,2,35
78.72,0,17,2,35
84.93,1,6,2,35
94.59,1,18,2,35
84.39,0,17,2,35
64.33,1,6,2,35
53.78,1,6,2,35
94.15,1,4,2,35
56.99,1,6,2,35
65.46,0,3,2,35
90.68,0,6,2,35
87.07,1,6,2,35
90.47,0,17,2,35
98.78,0,6,2,35
82.4,0,17,2,35
99.7,1,18,2,35
91.87,1,6,2,35
68.84,0,6,2,35
99.83,1,17,2,35
81.12,1,18,2,35
93.83,1,3,2,35
92.09,1,6,2,35
98.04,1,3,2,35
84.07,1,3,2,35
91.26,1,6,2,35
86.27,0,4,2,35
99.1,1,18,2,35
72.96,0,6,2,35
80.63,1,6,2,35
98.85,1,6,2,35
98.85,1,6,2,35
80.23,0,18,2,35
89.75,0,4,2,35
90.03,1,6,2,35
91.79,1,4,2,35
82.8,1,3,2,35
96.13,1,6,2,35
94.18,1,6,2,35
63.37,1,4,2,35
56.47,1,6,2,35
95.72,0,17,2,35
61.62,1,6,2,35
86.44,1,17,2,35
83.12,1,17,2,35
83.23,1,6,2,35
88.22,1,6,2,35
83.65,1,4,2,35
85.25,1,6,2,35
81.37,1,6,2,35
83.88,1,6,2,35
82.3,1,4,2,35
60.3,1,6,2,35
97.97,1,6,2,35
96.84,1,3,2,35
50.07,1,6,2,35
98.94,0,6,2,35
96.78,0,6,2,35
76.53,0,6,2,35
64.3,1,18,2,35
96.27,1,18,2,35
64.38,0,6,2,35
97.3,1,6,2,35
59.33,0,17,2,35
96.74,0,17,2,35
64.37,0,17,2,35
88.9,1,6,2,35
83.87,1,6,2,35
75.8,1,6,2,35
80.2,1,6,2,35
63.98,1,6,2,35
81.17,1,17,2,35
86.97,1,6,2,35
79.18,1,6,2,35
97.85,1,3,2,35
75.76,1,6,2,35
92.22,1,6,2,35
97.22,1,6,2,35
70.8,1,3,2,35
88.8,0,18,2,35
80.16,0,6,2,35
79.34,1,6,2,35
80.8,1,4,2,35
71.68,1,6,2,35
83.29,1,17,2,35
91.53,1,17,2,35
83.93,1,17,2,35
76.68,1,17,2,35
84.17,0,17,2,35
80.99,1,17,2,35
74.33,1,17,2,35
81.11,1,17,2,35
87.1,1,6,2,35
88.11,0,17,2,35
76.37,1,6,2,35
93.4,1,17,2,35
83.08,1,6,2,35
84.53,0,17,2,35
85.98,1,6,2,35
80.65,1,6,2,35
89.15,1,17,2,35
85.42,1,17,2,35
86.78,1,17,2,35
67.99,0,17,2,35
98.4,1,17,2,35
96.69,1,17,2,35
67.97,1,17,2,35
89.18,1,17,2,35
80.28,1,4,2,35
74.73,1,17,2,35
61.33,1,17,2,35
71.95,1,17,2,35
63.6,0,17,2,35
89.55,1,6,2,35
94.85,1,3,2,35
93.29,0,17,2,35
79.09,1,17,2,35
86.95,1,17,2,35
48.38,1,17,2,35
82.04,1,17,2,35
94.15,1,3,2,35
77.14,1,3,2,35
88.74,1,4,2,35
91.23,1,17,2,35
97.01,1,17,2,35
91.67,1,4,2,35
84.19,0,6,2,35
66.46,1,17,2,35
84.57,1,3,2,35
97.41,1,17,2,35
78.79,1,17,2,35
93.83,1,17,2,35
69.04,1,4,2,35
93.69,1,17,2,35
96.73,1,17,2,35
97.72,1,6,2,35
89.89,1,4,2,35
93.33,1,18,2,35
91.55,1,17,2,35
92.04,1,17,2,35
87.19,1,4,2,35
92.61,1,4,2,35
95.41,1,17,2,35
87.42,1,3,2,35
98.21,1,17,2,35
87.5,0,4,2,35
72.65,0,17,2,35
73.39,1,17,2,35
85.5,1,3,2,35
85.64,1,17,2,35
62.23,0,17,2,35
91.97,1,6,2,35
91.21,1,17,2,35
80.23,0,17,2,35
79.41,1,3,2,35
83.46,1,3,2,35
93.68,1,6,2,35
86.82,1,6,2,35
72.25,1,18,2,35
90.31,1,18,2,35
75.56,1,17,2,35
71.55,1,17,2,35
99.63,0,17,2,35
90.53,0,3,2,35
84.48,1,18,2,35
85.8,0,17,2,35
94.56,0,17,2,35
78.0,1,17,2,35
96.22,1,3,2,35
78.37,1,4,2,35
76.38,1,4,2,35
44.4,0,17,2,35
81.69,1,17,2,35
80.94,0,17,2,35
87.98,1,6,2,35
88.69,1,3,2,35
79.9,1,17,2,35
88.74,1,6,2,35
91.67,0,18,2,35
85.09,0,4,2,35
97.82,1,18,2,35
53.47,0,17,2,35
57.67,1,17,2,35
69.44,1,17,2,35
95.23,1,6,2,35
80.08,1,17,2,35
55.89,0,17,2,35
91.74,1,18,2,35
89.03,1,18,2,35
95.62,0,6,2,35
88.68,0,4,2,35
85.26,1,18,2,35
91.92,1,17,2,35
78.36,1,18,2,35
61.37,0,17,2,35
93.65,1,18,2,35
90.0,1,17,2,35
63.69,0,18,2,35
71.45,1,18,2,35
72.29,1,17,2,35
90.7,0,4,2,35
93.8,0,18,2,35
93.6,1,18,2,35
78.93,1,18,2,35
70.03,1,17,2,35
81.48,1,6,2,35
94.59,1,3,2,35
74.31,1,6,2,35
81.74,0,18,2,35
77.8,0,5,2,35
87.52,1,17,2,35
82.87,0,18,2,35
94.65,1,4,2,35
88.96,0,6,2,35
90.11,1,4,2,35
94.15,1,6,2,35
77.12,1,17,2,35
66.01,0,17,2,35
71.68,0,18,2,35
80.23,1,17,2,35
80.51,0,6,2,35
85.92,1,17,2,35
79.28,0,4,2,35
70.72,1,4,2,35
90.23,1,5,2,35
72.56,1,17,2,35
69.0,0,5,2,35
95.51,0,4,2,35
96.22,0,3,2,35
98.75,1,3,2,35
94.13,1,6,2,35
76.27,1,4,2,35
80.65,1,3,2,35
98.09,0,5,2,35
76.57,0,3,2,35
93.2,1,18,2,35
77.14,1,17,2,35
96.58,0,17,2,35
79.6,1,17,2,35
99.52,0,17,2,35
82.63,1,5,2,35
97.28,1,3,2,35
86.55,0,4,2,35
98.26,0,18,2,35
85.94,1,6,2,35
82.41,1,6,2,35
91.39,0,6,2,35
97.66,0,4,2,35
75.21,1,6,2,35
93.53,1,6,2,35
91.46,1,18,2,35
86.21,1,17,2,35
85.98,0,18,2,35
95.59,1,6,2,35
92.46,1,3,2,35
64.11,0,4,2,35
80.8,1,4,2,35
95.61,0,17,2,35
86.51,1,17,2,35
77.27,1,17,2,35
53.11,1,6,2,35
87.23,0,5,2,35
79.79,1,18,2,35
79.46,1,17,2,35
61.58,1,3,2,35
86.42,1,17,2,35
86.1,1,17,2,35
80.62,0,6,2,35
73.99,0,5,2,35
57.15,0,5,2,35
80.44,1,17,2,35
95.67,0,6,2,35
78.04,1,5,2,35
72.23,1,18,2,35
69.23,1,17,2,35
69.97,1,17,2,35
75.15,1,17,2,35
73.55,1,18,2,35
69.1,1,17,2,35
94.36,1,5,2,35
97.32,1,17,2,35
73.82,1,17,2,35
70.26,1,17,2,35
99.37,1,5,2,35
44.15,1,17,2,35
91.11,1,17,2,35
94.95,1,17,2,35
92.38,0,6,2,35
94.99,0,17,2,35
68.69,1,17,2,35
98.66,1,17,2,35
80.15,1,17,2,35
91.24,1,5,2,35
81.76,0,4,2,35
97.0,1,15,2,35
90.68,1,15,2,35
50.57,0,15,2,35
84.78,1,15,2,35
51.46,0,15,2,35
87.71,1,15,2,35
96.17,0,17,2,35
79.37,1,15,2,35
80.57,1,15,2,35
97.5,0,15,2,35
58.01,0,15,2,35
85.97,1,15,2,35
90.83,1,15,2,35
91.58,1,15,2,35
59.73,1,14,2,35
76.44,1,15,2,35
80.17,0,17,2,35
81.85,1,15,2,35
96.5,1,15,2,35
85.23,1,15,2,35
73.04,1,15,2,35
86.01,1,15,2,35
98.62,1,18,2,35
84.79,1,15,2,35
81.01,1,18,2,35
98.66,1,18,2,35
71.52,1,15,2,35
93.14,0,15,2,35
92.21,1,15,2,35
99.5,0,15,2,35
84.09,1,15,2,35
95.64,1,14,2,35
93.12,1,15,2,35
88.42,1,10,2,35
78.17,1,15,2,35
84.99,1,15,2,35
87.76,0,18,2,35
92.14,1,10,2,35
91.98,0,15,2,35
86.3,1,15,2,35
79.65,1,18,2,35
84.71,0,15,2,35
92.83,1,15,2,35
99.81,0,18,2,35
95.06,1,10,2,35
60.97,1,15,2,35
95.78,0,18,2,35
82.69,0,15,2,35
79.18,1,15,2,35
79.92,0,18,2,35
78.16,1,14,2,35
78.96,1,15,2,35
95.22,0,18,2,35
83.78,1,15,2,35
89.65,0,15,2,35
80.47,1,14,2,35
77.27,1,15,2,35
91.34,1,15,2,35
68.2,0,15,2,35
97.36,1,15,2,35
82.18,1,15,2,35
96.15,1,14,2,35
76.84,1,15,2,35
84.65,1,15,2,35
57.94,1,15,2,35
99.23,1,15,2,35
95.9,1,18,2,35
62.42,1,15,2,35
84.14,1,15,2,35
92.84,1,15,2,35
93.79,1,15,2,35
95.02,1,18,2,35
93.36,0,15,2,35
85.4,0,18,2,35
76.45,0,17,2,35
81.66,1,18,2,35
62.08,0,15,2,35
77.22,0,14,2,35
86.53,0,18,2,35
94.76,1,10,2,35
81.12,1,15,2,35
97.05,1,18,2,35
82.76,1,15,2,35
77.3,1,15,2,35
90.98,1,15,2,35
92.89,1,18,2,35
76.3,1,15,2,35
86.55,1,15,2,35
73.22,0,10,2,35
90.68,1,15,2,35
96.39,1,10,2,35
87.59,1,15,2,35
82.06,0,15,2,35
75.35,0,17,2,35
80.37,0,18,2,35
99.15,1,10,2,35
98.56,1,15,2,35
93.85,1,15,2,35
89.58,1,18,2,35
79.09,1,10,2,35
88.84,1,15,2,35
96.17,1,10,2,35
82.71,1,10,2,35
73.08,1,10,2,35
92.37,0,15,2,35
95.67,1,15,2,35
72.13,0,15,2,35
95.01,1,10,2,35
57.97,1,15,2,35
84.39,1,14,2,35
68.93,0,17,2,35
75.81,1,15,2,35
99.95,1,10,2,35
90.95,1,15,2,35
92.48,1,18,2,35
82.91,1,18,2,35
74.52,1,10,2,35
90.13,1,15,2,35
87.07,1,15,2,35
71.12,1,10,2,35
81.02,1,10,2,35
97.62,1,10,2,35
62.63,1,10,2,35
78.59,1,10,2,35
80.04,0,15,2,35
54.08,1,10,2,35
96.49,1,15,2,35
79.88,0,17,2,35
62.87,1,15,2,35
91.48,1,17,2,35
87.23,1,15,2,35
83.69,1,15,2,35
84.94,1,15,2,35
84.72,0,15,2,35
85.32,1,15,2,35
93.67,1,14,2,35
86.86,1,15,2,35
83.48,1,17,2,35
72.57,1,15,2,35
64.68,1,10,2,35
80.45,1,15,2,35
89.31,1,15,2,35
84.99,1,15,2,35
88.1,1,15,2,35
90.89,1,10,2,35
76.51,1,10,2,35
85.62,1,10,2,35
97.56,1,10,2,35
99.76,1,15,2,35
92.4,1,10,2,35
93.4,1,15,2,35
86.71,1,15,2,35
97.65,1,10,2,35
83.03,1,18,2,35
97.0,1,15,2,35
87.41,1,15,2,35
91.53,1,17,2,35
87.95,1,15,2,35
72.65,1,15,2,35
98.71,1,18,2,35
91.65,1,15,2,35
91.64,0,15,2,35
84.98,0,17,2,35
84.54,1,15,2,35
92.71,1,15,2,35
97.25,1,15,2,35
97.25,1,15,2,35
88.02,1,15,2,35
92.0,0,17,2,35
75.83,1,15,2,35
84.85,0,15,2,35
84.47,1,15,2,35
88.56,1,15,2,35
82.4,1,14,2,35
98.25,1,15,2,35
75.78,1,15,2,35
92.89,1,18,2,35
86.22,1,14,2,35
94.24,0,18,2,35
85.0,0,17,2,35
73.63,0,18,2,35
53.99,1,15,2,35
88.15,1,15,2,35
95.13,0,15,2,35
81.03,1,15,2,35
82.24,1,15,2,35
91.78,1,15,2,35
94.99,0,15,2,35
80.5,1,15,2,35
74.01,1,15,2,35
84.65,1,15,2,35
95.2,1,14,2,35
85.98,1,15,2,35
93.02,1,15,2,35
93.01,1,15,2,35
85.98,1,15,2,35
88.41,1,15,2,35
93.84,1,15,2,35
92.93,1,18,2,35
96.18,1,14,2,35
63.97,1,17,2,35
86.39,1,15,2,35
91.29,1,15,2,35
95.37,1,15,2,35
70.91,1,15,2,35
95.97,1,14,2,35
76.78,0,10,3,35
64.43,0,1,3,35
99.21,1,16,2,35
94.6,1,9,3,35
87.36,0,2,3,35
76.42,1,17,2,35
91.58,1,16,2,35
92.21,0,16,2,35
72.15,1,15,2,35
96.57,0,16,2,35
94.55,1,17,2,35
75.4,1,16,2,35
81.0,0,9,3,35
82.57,1,16,2,35
70.84,0,10,3,35
89.59,0,2,3,35
93.38,1,16,2,35
96.96,0,9,3,35
87.51,0,16,2,35
98.43,1,16,2,35
98.72,1,16,2,35
89.75,1,15,2,35
96.91,1,16,2,35
87.45,0,16,2,35
96.75,1,16,2,35
95.96,1,16,2,35
76.02,1,1,3,35
97.93,1,16,2,35
98.43,1,16,2,35
81.91,1,1,3,35
92.39,1,1,3,35
97.56,1,16,2,35
86.58,1,16,2,35
98.0,0,17,2,35
87.97,1,16,2,35
77.1,0,15,2,35
84.25,1,2,3,35
63.96,1,17,2,35
86.36,1,17,2,35
78.84,0,17,2,35
56.47,1,16,2,35
87.19,0,17,2,35
81.5,0,16,2,35
80.15,1,18,3,35
97.48,0,18,3,35
92.72,1,18,3,35
98.11,1,18,3,35
84.0,0,18,3,35
75.83,0,18,3,35
77.66,1,18,3,35
65.89,0,18,3,35
87.76,0,18,3,35
83.27,0,18,3,35
88.55,1,18,3,35
91.9,0,18,3,35
95.86,1,9,3,35
90.98,0,18,3,35
96.33,0,18,3,35
93.65,1,18,3,35
86.95,0,18,3,35
88.14,0,18,3,35
98.2,1,18,3,35
75.58,1,6,3,35
85.13,1,6,3,35
88.12,1,6,3,35
88.12,1,6,3,35
95.4,0,6,3,35
92.05,0,6,3,35
99.6,1,6,3,35
92.1,1,6,3,35
96.86,1,6,3,35
93.51,1,6,3,35
85.03,1,6,3,35
85.03,1,6,3,35
85.03,1,6,3,35
93.66,1,6,3,35
68.63,1,6,3,35
84.24,1,6,3,35
60.28,0,6,3,35
87.87,0,17,2,35
86.99,0,6,3,35
82.45,0,6,3,35
81.1,0,6,3,35
97.18,1,6,3,35
85.87,0,6,3,35
92.87,1,6,3,35
84.08,1,6,3,35
84.81,1,6,3,35
83.14,1,6,3,35
88.5,0,6,3,35
71.74,1,6,3,35
92.22,1,2,3,35
93.57,0,6,3,35
80.17,0,6,3,35
86.02,1,6,3,35
89.79,1,9,3,35
86.64,1,6,3,35
96.79,0,6,3,35
89.08,1,6,3,35
91.61,1,6,3,35
83.46,0,6,3,35
92.39,1,6,3,35
87.8,1,6,3,35
93.8,1,6,3,35
90.56,1,6,3,35
73.86,0,6,3,35
86.97,1,6,3,35
79.02,0,6,3,35
61.53,1,16,2,35
72.25,1,6,3,35
91.15,0,6,3,35
82.6,1,6,3,35
84.28,1,16,2,35
72.6,1,6,3,35
78.24,1,6,3,35
82.54,1,6,3,35
91.67,0,6,3,35
93.1,1,6,3,35
85.28,1,6,3,35
87.93,1,6,3,35
78.83,0,6,3,35
85.65,0,6,3,35
89.78,1,6,3,35
36.59,0,16,2,35
90.58,1,6,3,35
79.42,1,6,3,35
95.08,1,16,2,35
92.22,1,2,3,35
88.13,0,2,3,35
64.84,1,6,3,35
87.94,1,6,3,35
81.77,1,6,3,35
76.28,1,6,3,35
78.63,0,6,3,35
77.65,1,6,3,35
81.81,1,6,3,35
96.18,1,6,3,35
96.18,1,6,3,35
94.09,1,6,3,35
88.19,1,6,3,35
94.62,1,6,3,35
73.9,1,6,3,35
92.04,0,2,3,35
88.19,1,6,3,35
88.19,1,6,3,35
72.93,1,6,3,35
90.06,1,6,3,35
69.35,0,9,3,35
89.98,1,6,3,35
70.82,0,6,3,35
91.82,1,6,3,35
87.93,1,6,3,35
84.25,1,2,3,35
89.02,1,6,3,35
76.52,0,2,3,35
87.93,1,6,3,35
69.7,1,6,3,35
65.04,1,6,3,35
82.51,0,2,3,35
87.93,1,6,3,35
83.57,1,2,3,35
90.17,1,17,2,35
88.47,1,7,3,35
82.28,1,7,3,35
82.28,1,7,3,35
90.27,1,9,3,35
65.33,1,9,3,35
80.43,0,9,3,35
90.05,0,9,3,35
94.4,0,9,3,35
98.74,1,9,3,35
82.82,1,9,3,35
82.82,1,9,3,35
97.11,1,9,3,35
94.97,1,2,3,35
89.98,1,9,3,35
94.61,1,9,3,35
88.25,1,9,3,35
99.73,1,9,3,35
97.81,1,9,3,35
90.81,1,9,3,35
94.92,1,9,3,35
93.35,1,9,3,35
92.99,1,9,3,35
97.73,1,9,3,35
81.89,1,9,3,35
87.53,0,9,3,35
97.95,1,9,3,35
97.95,1,9,3,35
97.95,1,9,3,35
97.87,1,9,3,35
89.0,1,9,3,35
93.7,0,9,3,35
90.42,1,9,3,35
89.38,0,9,3,35
76.0,0,9,3,35
98.34,0,9,3,35
72.57,1,9,3,35
97.02,1,9,3,35
83.7,0,9,3,35
92.46,1,9,3,35
96.13,0,9,3,35
88.74,0,9,3,35
92.82,1,9,3,35
67.76,1,9,3,35
75.19,1,9,3,35
76.19,1,9,3,35
81.61,1,9,3,35
91.53,1,16,2,35
97.85,0,16,2,35
57.06,0,2,3,35
83.41,0,9,3,35
66.28,1,9,3,35
74.31,1,9,3,35
84.74,1,9,3,35
97.92,0,9,3,35
76.29,1,9,3,35
60.44,1,9,3,35
97.03,1,9,3,35
95.85,1,9,3,35
99.1,1,9,3,35
99.02,1,9,3,35
99.3,1,9,3,35
90.83,1,9,3,35
90.83,1,9,3,35
65.25,1,16,2,35
96.27,0,9,3,35
84.71,1,9,3,35
92.71,1,9,3,35
96.38,1,9,3,35
96.38,1,9,3,35
99.64,1,9,3,35
89.82,1,9,3,35
75.35,1,9,3,35
90.01,1,9,3,35
80.09,1,9,3,35
95.86,1,9,3,35
58.75,1,1,3,35
93.02,1,1,3,35
84.49,1,9,3,35
98.48,1,9,3,35
99.34,1,16,2,35
74.55,0,1,3,35
65.57,0,9,3,35
80.07,1,9,3,35
59.53,0,9,3,35
88.54,1,9,3,35
81.73,0,9,3,35
67.7,0,1,3,35
69.82,0,9,3,35
88.09,1,9,3,35
79.39,1,9,3,35
57.43,0,9,3,35
81.5,1,9,3,35
91.54,1,9,3,35
91.37,1,9,3,35
82.12,1,9,3,35
98.38,1,2,3,35
71.92,1,9,3,35
77.95,0,9,3,35
73.3,0,9,3,35
84.29,0,9,3,35
98.67,1,9,3,35
99.12,1,9,3,35
67.04,0,1,3,35
99.27,1,9,3,35
61.47,1,9,3,35
65.49,0,9,3,35
56.07,0,9,3,35
65.08,0,9,3,35
87.16,1,1,3,35
87.63,1,1,3,35
86.69,1,1,3,35
87.81,1,1,3,35
85.74,1,16,2,35
79.26,0,1,3,35
70.98,0,1,3,35
69.29,0,1,3,35
95.2,1,1,3,35
76.79,1,1,3,35
78.01,1,1,3,35
94.38,1,1,3,35
74.34,1,1,3,35
91.19,1,1,3,35
59.75,1,1,3,35
98.31,1,1,3,35
84.2,1,1,3,35
94.58,0,1,3,35
98.5,1,1,3,35
78.68,0,1,3,35
90.19,1,1,3,35
66.87,0,1,3,35
79.43,0,1,3,35
73.25,0,1,3,35
91.07,1,1,3,35
81.24,1,1,3,35
78.92,1,1,3,35
58.58,0,1,3,35
80.49,1,1,3,35
66.75,1,1,3,35
80.07,1,1,3,35
78.92,1,1,3,35
79.88,1,1,3,35
95.49,1,1,3,35
54.56,0,1,3,35
71.23,1,1,3,35
67.28,1,1,3,35
72.84,0,1,3,35
92.87,1,1,3,35
52.71,1,1,3,35
75.14,1,1,3,35
75.14,1,1,3,35
75.14,1,1,3,35
75.14,1,1,3,35
93.06,1,1,3,35
49.35,0,1,3,35
87.86,0,1,3,35
81.15,0,1,3,35
80.26,1,1,3,35
80.26,1,1,3,35
86.25,1,1,3,35
75.25,1,1,3,35
72.49,0,1,3,35
85.85,0,1,3,35
70.02,1,1,3,35
92.0,1,1,3,35
90.59,1,1,3,35
73.7,1,1,3,35
72.94,1,1,3,35
72.5,1,1,3,35
95.7,1,1,3,35
78.19,1,1,3,35
95.15,1,16,2,35
72.22,0,1,3,35
89.25,1,1,3,35
88.72,1,1,3,35
86.53,1,1,3,35
62.02,0,1,3,35
96.14,1,1,3,35
96.77,1,1,3,35
75.47,0,1,3,35
77.01,1,1,3,35
88.03,1,1,3,35
94.16,0,1,3,35
43.07,0,1,3,35
70.1,1,1,3,35
77.29,1,1,3,35
78.8,1,1,3,35
87.33,1,1,3,35
89.86,1,1,3,35
73.94,1,1,3,35
77.08,1,1,3,35
87.27,0,1,3,35
81.57,1,1,3,35
94.18,1,1,3,35
86.96,1,1,3,35
78.48,0,1,3,35
77.58,0,1,3,35
77.32,1,1,3,35
42.61,0,1,3,35
92.4,0,2,3,35
90.02,1,2,3,35
85.44,1,1,3,35
96.07,1,16,2,35
73.55,1,1,3,35
91.78,1,16,2,35
78.76,1,1,3,35
47.87,1,1,3,35
82.17,1,1,3,35
62.28,1,1,3,35
91.26,1,1,3,35
89.72,0,1,3,35
27.55,1,1,3,35
92.94,1,1,3,35
88.91,1,1,3,35
70.58,1,1,3,35
68.64,1,1,3,35
84.86,1,1,3,35
72.09,0,16,2,35
81.43,0,15,2,35
41.89,0,1,3,35
67.56,0,1,3,35
57.41,0,16,2,35
94.18,1,1,3,35
69.23,0,1,3,35
77.19,0,1,3,35
99.44,1,9,3,35
75.63,1,9,3,35
92.22,1,2,3,35
81.66,0,9,3,35
84.51,0,9,3,35
85.39,1,9,3,35
77.2,0,9,3,35
95.18,1,9,3,35
80.46,1,1,3,35
54.44,1,9,3,35
84.48,0,9,3,35
55.98,1,2,3,35
98.46,1,9,3,35
54.44,1,9,3,35
72.46,1,10,3,35
97.47,0,10,3,35
96.83,0,10,3,35
98.39,1,10,3,35
98.39,1,10,3,35
98.39,1,10,3,35
87.17,0,16,2,35
67.45,0,10,3,35
75.96,0,10,3,35
85.9,1,10,3,35
67.12,1,16,2,35
70.52,0,10,3,35
61.86,1,10,3,35
63.65,0,10,3,35
84.88,0,10,3,35
87.53,1,10,3,35
76.41,1,9,3,35
71.44,0,10,3,35
75.66,1,10,3,35
81.69,0,10,3,35
73.08,0,10,3,35
86.06,1,2,3,35
87.77,0,10,3,35
79.8,1,10,3,35
81.69,1,10,3,35
62.37,0,10,3,35
64.37,0,10,3,35
95.58,0,10,3,35
93.56,1,1,3,35
57.17,0,1,3,35
71.26,1,1,3,35
84.0,1,1,3,35
89.52,1,1,3,35
89.52,1,1,3,35
79.98,1,1,3,35
72.49,1,1,3,35
73.96,1,1,3,35
77.69,0,1,3,35
64.2,1,1,3,35
63.87,1,1,3,35
51.49,1,1,3,35
78.8,1,1,3,35
68.88,1,1,3,35
86.14,0,1,3,35
80.1,1,1,3,35
78.01,0,1,3,35
84.44,0,1,3,35
46.08,0,1,3,35
84.49,1,1,3,35
81.09,0,1,3,35
65.81,1,1,3,35
87.89,1,9,3,35
96.12,1,1,3,35
87.13,0,1,3,35
80.98,1,10,3,35
72.0,0,1,3,35
81.16,0,1,3,35
79.69,1,1,3,35
28.2,1,1,3,35
78.26,1,1,3,35
64.46,1,1,3,35
78.97,1,1,3,35
90.36,1,1,3,35
95.22,1,2,3,35
74.02,1,1,3,35
90.13,1,1,3,35
90.08,1,1,3,35
79.45,0,2,3,35
87.04,0,2,3,35
74.8,0,9,3,35
73.34,1,2,3,35
83.97,1,2,3,35
78.76,1,2,3,35
84.48,1,2,3,35
69.21,0,16,2,35
93.59,0,2,3,35
76.08,0,2,3,35
83.07,1,2,3,35
87.33,0,2,3,35
78.9,0,2,3,35
77.49,1,2,3,35
84.67,1,2,3,35
48.22,1,1,3,35
87.22,0,2,3,35
86.26,0,2,3,35
92.2,1,2,3,35
94.24,1,2,3,35
63.42,0,2,3,35
63.43,0,2,3,35
98.82,1,3,3,35
94.3,1,3,3,35
84.96,0,3,3,35
75.94,0,3,3,35
90.75,1,3,3,35
97.78,0,3,3,35
82.75,0,3,3,35
60.31,1,3,3,35
88.23,1,2,3,35
98.79,1,3,3,35
98.13,1,3,3,35
78.74,1,3,3,35
82.33,0,16,2,35
84.28,1,3,3,35
74.04,1,3,3,35
69.86,1,3,3,35
74.71,1,3,3,35
77.41,1,3,3,35
58.27,0,3,3,35
91.66,0,3,3,35
74.77,1,3,3,35
60.76,0,3,3,35
90.08,1,3,3,35
86.46,1,3,3,35
84.11,1,3,3,35
85.33,0,3,3,35
87.13,0,3,3,35
75.23,0,3,3,35
69.16,1,2,3,35
74.74,0,1,3,35
56.97,1,3,3,35
88.76,1,17,2,35
75.88,0,3,3,35
91.77,0,3,3,35
77.36,0,1,3,35
59.0,0,2,3,35
85.16,0,2,3,35
84.98,1,17,2,35
99.02,1,2,3,35
82.13,0,2,3,35
84.62,1,17,2,35
71.61,1,1,3,35
90.94,0,2,3,35
99.14,0,9,3,35
81.43,1,1,3,35
77.87,1,1,3,35
69.17,0,1,3,35
38.64,1,2,3,35
94.84,0,9,3,35
99.15,1,2,3,35
86.62,1,2,3,35
49.43,0,1,3,35
95.06,1,2,3,35
82.12,1,9,3,35
88.48,1,10,3,35
92.43,1,1,3,35
38.64,1,2,3,35
79.29,1,1,3,35
98.18,0,17,2,35
81.77,1,1,3,35
89.54,0,1,3,35
44.39,0,9,3,35
77.44,1,1,3,35
82.52,0,2,3,35
75.65,0,1,3,35
73.55,0,2,3,35
81.41,1,1,3,35
99.02,1,2,3,35
96.94,1,9,3,35
78.08,1,1,3,35
70.43,0,1,3,35
90.88,1,9,3,35
47.56,1,1,3,35
76.83,0,2,3,35
88.52,1,2,3,35
57.93,0,1,3,35
80.4,1,16,2,35
67.41,0,1,3,35
77.05,1,1,3,35
71.58,0,1,3,35
97.92,0,17,2,35
94.56,0,9,3,35
60.36,0,1,3,35
82.12,1,9,3,35
90.24,1,9,3,35
88.58,1,1,3,35
82.12,1,9,3,35
99.0,1,2,3,35
99.19,1,2,3,35
46.78,1,2,3,35
86.06,1,2,3,35
90.38,1,2,3,35
84.51,1,2,3,35
99.26,1,2,3,35
92.22,1,2,3,35
91.64,1,17,2,35
88.67,0,1,3,35
95.85,0,9,3,35
84.4,1,2,3,35
89.87,0,9,3,35
59.75,0,9,3,35
85.56,1,9,3,35
96.66,1,2,3,35
38.77,1,2,3,35
87.6,0,9,3,35
77.05,1,1,3,35
75.64,0,2,3,35
72.42,0,1,3,35
68.14,1,2,3,35
61.93,0,2,3,35
85.34,0,1,3,35
86.47,1,1,3,35
88.94,0,9,3,35
84.32,1,2,3,35
86.06,1,17,2,35
84.32,1,2,3,35
88.02,1,10,3,35
88.39,0,9,3,35
87.21,1,17,2,35
95.05,1,2,3,35
67.9,0,17,2,35
84.12,1,15,2,35
82.16,0,1,3,35
95.98,1,17,2,35
94.08,0,9,3,35
90.42,1,16,2,35
73.45,1,2,3,35
53.24,0,2,3,35
78.31,0,1,3,35
82.3,1,1,3,35
82.78,0,1,3,35
78.78,0,1,3,35
84.32,1,2,3,35
40.99,0,2,3,35
82.12,1,9,3,35
86.39,1,1,3,35
84.71,1,9,3,35
66.39,1,2,3,35
67.41,1,2,3,35
67.44,0,2,3,35
90.18,1,9,3,35
85.03,0,2,3,35
77.72,0,10,3,35
90.3,0,2,3,35
27.86,1,1,3,35
76.79,1,9,3,35
91.3,1,10,3,35
91.78,1,2,3,35
91.29,1,10,3,35
73.48,1,1,3,35
91.12,1,16,2,35
87.37,0,2,3,35
79.49,1,9,3,35
83.62,0,1,3,35
65.85,1,1,3,35
98.4,0,1,3,35
67.85,1,2,3,35
73.11,0,1,3,35
79.1,1,1,3,35
98.12,1,2,3,35
31.6,0,10,3,35
97.81,1,2,3,35
99.4,0,2,3,35
71.33,1,1,3,35
65.97,0,10,3,35
86.06,1,2,3,35
53.45,1,10,3,35
82.52,1,2,3,35
62.77,0,2,3,35
92.94,1,2,3,35
72.52,0,10,3,35
78.75,1,2,3,35
79.42,1,2,3,35
88.94,1,2,3,35
74.5,0,10,3,35
67.72,1,10,3,35
83.79,1,17,2,35
92.08,1,2,3,35
92.08,1,2,3,35
71.15,1,10,3,35
82.21,1,2,3,35
97.71,1,1,3,35
80.28,1,2,3,35
42.2,1,2,3,35
92.08,1,2,3,35
88.52,1,2,3,35
80.28,1,2,3,35
99.94,1,16,2,35
80.28,1,2,3,35
76.89,0,2,3,35
93.51,0,1,3,35
86.06,1,2,3,35
92.72,0,9,3,35
98.91,1,10,3,35
98.91,1,10,3,35
98.91,1,10,3,35
73.04,1,1,3,35
59.59,0,2,3,35
95.86,1,9,3,35
98.91,1,10,3,35
72.72,1,10,3,35
56.69,0,1,3,35
38.55,0,9,3,35
89.37,1,1,3,35
89.62,1,2,3,35
65.63,1,9,3,35
68.79,1,1,3,35
85.11,0,10,3,35
82.12,1,9,3,35
75.72,1,1,3,35
58.77,1,17,2,35
69.17,0,2,3,35
75.75,1,1,3,35
91.93,0,1,3,35
91.55,0,2,3,35
77.58,1,1,3,35
76.72,0,16,2,35
76.07,1,2,3,35
92.4,1,2,3,35
89.85,1,16,2,35
61.1,1,2,3,35
77.05,1,1,3,35
81.7,1,1,3,35
87.31,1,2,3,35
90.88,1,9,3,35
92.39,1,1,3,35
84.68,1,1,3,35
92.86,0,1,3,35
64.35,0,2,3,35
74.47,0,9,3,35
55.58,1,2,3,35
97.12,1,17,2,35
86.2,0,1,3,35
82.94,1,2,3,35
86.06,1,2,3,35
82.38,1,2,3,35
82.38,1,2,3,35
94.97,1,2,3,35
82.38,1,2,3,35
60.63,0,9,3,35
57.51,0,9,3,35
64.29,0,1,3,35
78.46,0,1,3,35
65.09,1,1,3,35
91.78,0,1,3,35
11.3,1,1,3,35
75.45,1,1,3,35
66.91,0,16,2,35
85.29,0,2,3,35
96.94,1,2,3,35
67.06,1,10,3,35
67.85,1,2,3,35
16.65,1,1,3,35
84.09,1,1,3,35
91.63,1,16,2,35
94.31,1,10,3,35
83.57,1,2,3,35
67.85,1,2,3,35
64.6,0,2,3,35
92.1,1,2,3,35
88.73,0,1,3,35
82.85,0,9,3,35
98.52,1,2,3,35
82.38,1,2,3,35
70.26,0,17,2,35
86.41,0,10,3,35
83.73,1,10,3,35
87.85,1,6,3,35
87.8,0,6,3,35
67.83,0,4,3,35
60.87,0,3,3,35
68.96,0,3,3,35
53.38,1,3,3,35
47.04,0,3,3,35
82.96,0,3,3,35
81.07,0,3,3,35
61.71,0,3,3,35
83.6,0,3,3,35
68.27,1,3,3,35
72.94,0,3,3,35
62.34,1,3,3,35
81.25,1,3,3,35
82.36,1,3,3,35
75.04,0,3,3,35
82.18,1,3,3,35
78.73,1,3,3,35
80.84,1,3,3,35
69.43,1,3,3,35
71.7,1,3,3,35
64.73,1,3,3,35
79.18,1,3,3,35
71.72,1,3,3,35
90.36,0,3,3,35
79.41,1,3,3,35
71.55,1,3,3,35
85.73,0,3,3,35
91.26,1,6,3,35
89.59,1,3,3,35
81.04,1,3,3,35
83.72,1,3,3,35
77.15,1,3,3,35
79.49,1,3,3,35
51.47,1,3,3,35
77.14,1,3,3,35
71.02,1,3,3,35
84.85,0,3,3,35
87.12,1,3,3,35
55.33,0,3,3,35
94.06,1,3,3,35
82.67,1,3,3,35
70.59,0,3,3,35
57.48,0,3,3,35
64.32,0,3,3,35
69.69,1,3,3,35
71.46,1,3,3,35
82.13,1,4,3,35
79.62,1,4,3,35
83.55,1,4,3,35
74.97,1,4,3,35
59.31,1,4,3,35
75.24,1,4,3,35
71.27,1,4,3,35
76.06,1,4,3,35
86.7,0,4,3,35
78.33,0,4,3,35
83.98,0,4,3,35
96.41,0,4,3,35
88.12,1,4,3,35
73.13,0,4,3,35
98.94,0,4,3,35
76.97,1,4,3,35
78.02,1,4,3,35
71.71,0,4,3,35
81.93,1,4,3,35
95.33,1,4,3,35
81.52,0,3,3,35
79.06,1,3,3,35
96.08,1,3,3,35
95.38,0,4,3,35
65.42,1,4,3,35
66.39,1,4,3,35
62.06,1,4,3,35
88.32,1,4,3,35
91.94,0,4,3,35
94.75,1,4,3,35
92.99,1,4,3,35
97.39,1,4,3,35
98.23,1,4,3,35
96.81,1,4,3,35
83.15,1,4,3,35
98.65,1,4,3,35
97.53,1,4,3,35
89.51,1,4,3,35
74.26,1,4,3,35
94.92,1,4,3,35
95.76,0,4,3,35
87.41,0,4,3,35
92.77,1,4,3,35
97.04,0,4,3,35
90.52,0,4,3,35
96.12,0,4,3,35
89.84,1,4,3,35
83.17,0,4,3,35
88.56,1,4,3,35
82.42,1,4,3,35
89.0,0,4,3,35
76.8,0,4,3,35
93.19,1,4,3,35
76.94,1,5,3,35
78.42,1,5,3,35
78.44,1,5,3,35
75.23,1,5,3,35
77.31,1,5,3,35
83.96,1,5,3,35
90.16,0,6,3,35
79.27,1,6,3,35
80.23,0,6,3,35
93.29,1,6,3,35
94.63,1,6,3,35
92.13,0,6,3,35
95.88,1,6,3,35
95.63,1,6,3,35
99.77,1,6,3,35
98.37,1,6,3,35
97.06,1,6,3,35
94.44,1,6,3,35
97.81,0,6,3,35
94.87,0,6,3,35
80.69,1,6,3,35
83.61,1,6,3,35
80.69,1,6,3,35
85.71,1,6,3,35
84.39,1,6,3,35
91.72,1,6,3,35
68.78,1,6,3,35
85.86,0,6,3,35
88.82,1,6,3,35
65.87,1,6,3,35
90.62,0,6,3,35
93.66,0,6,3,35
97.67,1,6,3,35
77.11,0,3,3,35
84.58,1,6,3,35
82.01,1,6,3,35
79.73,1,6,3,35
89.17,0,6,3,35
93.05,1,6,3,35
80.82,0,6,3,35
92.64,0,6,3,35
99.88,1,6,3,35
99.88,1,6,3,35
99.88,1,6,3,35
99.88,1,6,3,35
99.88,1,6,3,35
99.88,1,6,3,35
99.88,1,6,3,35
99.88,1,6,3,35
94.37,1,3,3,35
78.2,0,6,3,35
87.28,1,6,3,35
88.1,0,6,3,35
89.14,1,6,3,35
90.7,1,6,3,35
71.74,0,6,3,35
81.34,1,6,3,35
91.13,1,6,3,35
86.73,1,6,3,35
90.0,1,6,3,35
84.57,1,6,3,35
71.27,1,6,3,35
87.52,1,6,3,35
87.52,1,6,3,35
87.52,1,6,3,35
91.34,0,6,3,35
84.64,1,6,3,35
87.4,1,6,3,35
82.32,1,6,3,35
81.92,1,6,3,35
78.07,1,6,3,35
90.0,1,6,3,35
90.0,1,6,3,35
87.16,1,6,3,35
92.03,0,6,3,35
96.02,1,6,3,35
81.5,0,6,3,35
66.8,1,6,3,35
72.53,1,6,3,35
77.02,1,6,3,35
46.96,1,6,3,35
46.96,1,6,3,35
92.36,1,6,3,35
87.15,1,6,3,35
88.37,1,6,3,35
90.56,0,6,3,35
73.85,0,6,3,35
91.06,0,6,3,35
92.51,1,6,3,35
62.36,0,6,3,35
48.35,1,6,3,35
48.35,1,6,3,35
48.35,1,6,3,35
73.73,1,6,3,35
73.73,1,6,3,35
80.24,0,6,3,35
83.04,0,6,3,35
73.9,0,6,3,35
90.42,1,6,3,35
58.35,1,6,3,35
91.55,0,6,3,35
82.85,1,6,3,35
90.18,1,6,3,35
85.7,0,6,3,35
82.94,1,6,3,35
71.65,1,6,3,35
78.64,0,6,3,35
95.59,1,6,3,35
80.29,1,6,3,35
92.91,0,6,3,35
95.55,1,6,3,35
73.42,1,6,3,35
95.55,1,6,3,35
63.28,1,6,3,35
63.28,1,6,3,35
70.93,1,6,3,35
85.44,0,6,3,35
88.8,0,6,3,35
93.2,0,6,3,35
98.13,1,6,3,35
85.67,0,6,3,35
60.31,1,6,3,35
60.31,1,6,3,35
87.94,1,6,3,35
78.05,1,6,3,35
78.05,1,6,3,35
78.33,0,6,3,35
63.18,0,6,3,35
96.35,0,6,3,35
96.68,1,6,3,35
98.11,1,6,3,35
89.64,0,6,3,35
97.97,1,6,3,35
91.62,1,6,3,35
90.32,1,6,3,35
94.61,1,6,3,35
95.8,1,6,3,35
97.02,1,6,3,35
97.1,1,6,3,35
94.93,1,6,3,35
72.15,0,6,3,35
81.72,1,6,3,35
83.82,1,6,3,35
61.66,1,6,3,35
94.93,1,6,3,35
71.81,1,6,3,35
86.93,1,6,3,35
83.76,1,6,3,35
83.76,1,6,3,35
77.54,1,6,3,35
83.54,1,6,3,35
86.28,0,6,3,35
62.7,0,17,3,35
65.47,0,17,3,35
85.93,1,17,3,35
98.42,0,17,3,35
79.72,0,17,3,35
90.19,1,17,3,35
60.65,1,17,3,35
64.72,1,17,3,35
84.38,1,17,3,35
84.38,1,17,3,35
84.38,1,17,3,35
87.64,1,17,3,35
66.45,1,17,3,35
84.84,1,17,3,35
81.78,1,17,3,35
71.34,1,17,3,35
71.34,1,17,3,35
71.34,1,17,3,35
71.34,1,17,3,35
35.59,1,17,3,35
81.45,0,17,3,35
77.55,0,17,3,35
63.44,1,17,3,35
91.23,0,17,3,35
63.06,1,17,3,35
68.44,1,17,3,35
87.84,0,17,3,35
74.71,0,17,3,35
45.75,1,17,3,35
51.11,1,17,3,35
57.56,1,17,3,35
50.81,1,17,3,35
57.41,1,17,3,35
45.69,1,17,3,35
45.9,1,17,3,35
41.48,1,17,3,35
89.14,0,17,3,35
82.13,0,17,3,35
66.94,1,17,3,35
69.06,1,17,3,35
76.64,1,17,3,35
73.25,1,17,3,35
74.52,0,17,3,35
83.55,1,17,3,35
80.69,1,17,3,35
62.02,0,17,3,35
66.69,1,17,3,35
59.3,1,17,3,35
70.28,1,17,3,35
85.61,1,17,3,35
85.07,0,17,3,35
93.7,0,17,3,35
65.27,0,17,3,35
91.55,1,17,3,35
89.52,1,17,3,35
54.8,0,17,3,35
89.49,0,17,3,35
65.64,1,17,3,35
89.72,1,17,3,35
65.77,1,17,3,35
45.59,1,17,3,35
45.59,1,17,3,35
45.59,1,17,3,35
45.59,1,17,3,35
87.28,1,17,3,35
72.12,0,17,3,35
67.19,0,17,3,35
66.37,1,17,3,35
66.33,1,17,3,35
59.5,1,17,3,35
86.99,1,17,3,35
87.27,1,17,3,35
86.12,1,17,3,35
88.42,0,17,3,35
82.16,0,17,3,35
82.74,1,17,3,35
54.62,0,17,3,35
70.55,1,17,3,35
66.43,0,17,3,35
84.25,1,17,3,35
91.85,1,17,3,35
85.16,1,17,3,35
35.51,1,17,3,35
72.32,1,17,3,35
99.03,0,17,3,35
92.92,1,17,3,35
86.39,1,17,3,35
85.47,1,17,3,35
57.75,1,17,3,35
95.46,1,17,3,35
82.69,1,17,3,35
90.81,1,17,3,35
52.98,0,17,3,35
84.56,1,17,3,35
75.84,1,17,3,35
84.49,1,17,3,35
71.45,0,17,3,35
93.77,1,17,3,35
79.08,1,17,3,35
79.65,1,17,3,35
82.46,1,17,3,35
95.12,1,17,3,35
90.42,1,17,3,35
95.7,1,17,3,35
93.64,1,17,3,35
93.51,1,17,3,35
94.58,0,17,3,35
72.05,0,17,3,35
87.17,0,17,3,35
76.3,1,17,3,35
98.92,1,17,3,35
60.16,0,17,3,35
80.92,1,17,3,35
84.6,1,17,3,35
76.5,1,17,3,35
75.15,1,17,3,35
77.88,1,17,3,35
79.55,1,17,3,35
63.13,0,17,3,35
84.01,0,17,3,35
93.56,1,17,3,35
69.64,0,17,3,35
57.99,0,17,3,35
94.54,1,17,3,35
94.54,1,17,3,35
96.97,1,3,3,35
55.73,1,3,3,35
54.0,0,15,3,35
87.08,0,15,3,35
98.8,1,18,3,35
97.06,1,18,3,35
87.23,1,18,3,35
77.7,1,18,3,35
95.11,1,18,3,35
76.48,1,18,3,35
93.09,1,18,3,35
75.69,1,18,3,35
80.15,0,18,3,35
97.54,1,18,3,35
77.89,1,18,3,35
94.9,0,4,3,35
68.13,1,18,3,35
99.29,1,18,3,35
99.12,1,18,3,35
81.73,1,18,3,35
85.11,1,18,3,35
98.72,1,18,3,35
98.58,1,18,3,35
88.62,1,18,3,35
85.77,1,18,3,35
67.07,1,18,3,35
81.51,0,18,3,35
71.78,0,18,3,35
90.87,1,18,3,35
89.79,0,18,3,35
66.14,0,18,3,35
66.67,0,18,3,35
96.48,1,18,3,35
63.03,0,18,3,35
88.34,1,18,3,35
82.62,1,18,3,35
94.76,1,18,3,35
90.35,1,18,3,35
96.14,1,18,3,35
78.64,1,18,3,35
78.64,1,18,3,35
90.8,0,18,3,35
84.9,1,18,3,35
84.9,1,18,3,35
64.94,0,18,3,35
98.55,0,18,3,35
86.01,0,18,3,35
81.2,1,18,3,35
99.56,0,18,3,35
86.12,1,18,3,35
81.39,1,18,3,35
86.51,1,18,3,35
84.75,1,18,3,35
84.75,1,18,3,35
85.52,1,18,3,35
96.99,0,18,3,35
78.94,1,18,3,35
85.94,1,18,3,35
86.2,0,18,3,35
70.83,1,18,3,35
87.19,1,18,3,35
60.69,1,18,3,35
58.09,1,18,3,35
77.22,1,18,3,35
77.1,1,18,3,35
91.78,1,18,3,35
77.72,0,18,3,35
75.37,1,18,3,35
93.25,0,18,3,35
92.57,0,18,3,35
71.92,0,18,3,35
73.46,0,18,3,35
97.0,0,18,3,35
93.1,0,18,3,35
90.53,0,18,3,35
97.35,1,18,3,35
89.69,1,18,3,35
88.9,0,18,3,35
83.67,1,18,3,35
96.32,1,18,3,35
79.81,1,18,3,35
78.21,1,18,3,35
85.57,0,15,3,35
95.64,1,18,3,35
82.98,1,18,3,35
93.07,1,18,3,35
94.23,0,18,3,35
99.44,1,18,3,35
89.16,1,18,3,35
87.17,1,18,3,35
95.36,1,18,3,35
99.7,0,18,3,35
86.71,1,18,3,35
100.0,1,18,3,35
71.49,1,18,3,35
92.28,1,18,3,35
97.33,0,18,3,35
96.9,1,18,3,35
80.84,0,18,3,35
87.51,1,18,3,35
77.09,1,18,3,35
90.58,1,18,3,35
97.4,1,18,3,35
87.87,1,18,3,35
96.36,1,18,3,35
86.26,1,18,3,35
98.41,1,14,3,35
97.75,1,14,3,35
97.22,1,14,3,35
78.26,1,14,3,35
86.57,0,14,3,35
92.33,0,14,3,35
95.19,1,14,3,35
80.05,1,14,3,35
76.33,1,14,3,35
94.96,1,14,3,35
86.03,1,14,3,35
92.47,1,14,3,35
98.15,1,14,3,35
58.34,0,14,3,35
96.68,0,14,3,35
70.28,1,15,3,35
70.45,0,14,3,35
91.6,0,14,3,35
83.37,1,14,3,35
77.85,1,14,3,35
77.03,1,3,3,35
82.74,0,14,3,35
89.96,1,15,3,35
93.59,1,15,3,35
91.3,1,15,3,35
95.58,1,15,3,35
93.39,0,15,3,35
58.35,0,15,3,35
96.87,1,15,3,35
80.78,1,15,3,35
79.23,1,15,3,35
90.9,1,15,3,35
95.15,1,3,3,35
86.83,0,3,3,35
95.52,0,3,3,35
80.0,1,3,3,35
92.69,1,3,3,35
94.71,1,3,3,35
79.47,1,3,3,35
98.75,1,3,3,35
91.34,1,3,3,35
95.02,0,15,3,35
70.01,0,3,3,35
86.38,0,3,3,35
99.82,1,18,3,35
58.4,0,3,3,35
86.26,1,15,3,35
81.65,0,15,3,35
91.74,1,15,3,35
99.03,1,15,3,35
98.69,1,15,3,35
80.23,0,15,3,35
74.28,0,15,3,35
54.9,0,15,3,35
89.03,1,15,3,35
73.0,0,17,3,35
98.95,1,15,3,35
79.22,1,3,3,35
98.74,1,15,3,35
76.47,1,15,3,35
99.08,1,15,3,35
99.17,0,15,3,35
90.37,0,15,3,35
96.41,0,15,3,35
90.77,1,15,3,35
88.11,1,10,3,35
99.9,1,10,3,35
98.12,1,10,3,35
97.49,1,10,3,35
97.49,1,10,3,35
97.49,1,10,3,35
97.49,1,10,3,35
84.48,0,10,3,35
87.51,1,10,3,35
69.68,1,10,3,35
71.29,1,10,3,35
64.4,1,10,3,35
83.29,1,10,3,35
91.01,1,10,3,35
94.49,1,10,3,35
90.68,1,10,3,35
87.97,1,10,3,35
89.67,1,10,3,35
50.74,0,10,3,35
69.4,1,10,3,35
88.89,0,10,3,35
97.07,1,10,3,35
96.97,1,3,3,35
89.14,1,10,3,35
73.37,1,10,3,35
69.15,1,10,3,35
87.45,1,10,3,35
86.05,1,10,3,35
72.74,1,10,3,35
94.88,1,10,3,35
97.23,1,10,3,35
98.06,1,11,3,35
61.0,1,11,3,35
95.88,1,11,3,35
96.79,1,11,3,35
60.93,1,12,3,35
86.47,1,12,3,35
72.87,1,12,3,35
97.12,1,12,3,35
67.7,0,12,3,35
62.4,1,12,3,35
78.6,1,12,3,35
80.93,1,12,3,35
71.71,1,12,3,35
65.84,1,12,3,35
93.67,1,14,3,35
90.45,1,14,3,35
94.64,1,14,3,35
83.96,1,14,3,35
82.87,1,14,3,35
62.95,1,14,3,35
97.33,1,14,3,35
93.07,1,14,3,35
96.08,1,14,3,35
95.26,1,14,3,35
82.12,1,14,3,35
90.33,1,14,3,35
93.61,1,3,3,35
57.79,1,14,3,35
95.88,1,14,3,35
69.09,1,14,3,35
64.05,1,15,3,35
85.79,1,15,3,35
67.92,1,15,3,35
76.24,1,15,3,35
76.58,1,15,3,35
76.89,1,15,3,35
74.55,1,15,3,35
88.36,1,15,3,35
77.05,0,15,3,35
39.52,1,15,3,35
84.78,0,15,3,35
40.59,1,15,3,35
89.98,1,15,3,35
68.02,1,14,3,35
84.32,0,15,3,35
54.79,0,4,3,35
87.7,1,4,3,35
95.24,1,15,3,35
86.5,0,4,3,35
59.14,1,3,3,35
87.61,0,15,3,35
82.53,0,4,3,35
93.59,0,4,3,35
84.31,0,4,3,35
85.92,0,4,3,35
92.67,1,4,3,35
96.17,1,4,3,35
96.26,1,4,3,35
94.83,1,4,3,35
65.27,1,15,3,35
91.23,1,4,3,35
84.69,0,4,3,35
79.94,0,4,3,35
85.59,0,15,3,35
95.09,1,4,3,35
87.77,1,3,3,35
94.95,1,4,3,35
94.56,1,4,3,35
76.23,1,3,3,35
98.0,1,4,3,35
97.74,1,4,3,35
91.4,0,14,3,35
93.39,1,14,3,35
58.02,0,3,3,35
73.31,1,14,3,35
66.04,0,15,3,35
95.57,0,14,3,35
66.73,1,14,3,35
91.66,0,14,3,35
87.4,0,3,3,35
91.42,1,14,3,35
65.79,1,3,3,35
87.45,0,14,3,35
92.38,1,15,3,35
83.05,1,14,3,35
63.71,1,3,3,35
78.42,0,15,3,35
95.88,0,15,3,35
68.74,1,14,3,35
77.49,1,3,3,35
66.44,0,15,3,35
60.51,0,17,3,35
72.89,1,3,3,35
58.83,0,15,3,35
91.27,1,14,3,35
91.93,0,15,3,35
77.74,1,14,3,35
94.21,0,15,3,35
83.76,1,15,3,35
94.84,1,3,3,35
85.11,0,15,3,35
89.64,1,15,3,35
65.81,1,14,3,35
84.66,1,14,3,35
47.05,1,15,3,35
94.69,0,15,3,35
81.76,1,15,3,35
78.96,0,15,3,35
92.37,1,14,3,35
78.88,0,14,3,35
70.33,0,15,3,35
85.34,1,3,3,35
82.31,0,15,3,35
90.12,0,15,3,35
93.43,1,15,3,35
64.23,1,15,3,35
90.72,0,15,3,35
85.85,0,14,3,35
68.06,1,14,3,35
71.98,1,15,3,35
70.9,0,15,3,35
98.66,1,14,3,35
89.92,0,15,3,35
97.86,1,15,3,35
89.55,1,15,3,35
91.16,1,15,3,35
83.54,0,14,3,35
83.83,0,15,3,35
84.84,0,15,3,35
71.77,0,17,3,35
82.41,0,3,3,35
85.98,1,14,3,35
62.42,1,3,3,35
79.7,0,3,3,35
64.7,0,14,3,35
64.59,1,15,3,35
86.49,0,14,3,35
86.07,0,3,3,35
93.83,1,15,3,35
93.79,1,15,3,35
94.21,0,14,3,35
50.95,0,15,3,35
90.64,0,15,3,35
85.74,1,14,3,35
30.66,1,14,3,35
85.01,0,15,3,35
78.87,0,14,3,35
78.86,1,14,3,35
58.83,1,3,3,35
59.43,0,3,3,35
81.05,1,14,3,35
84.13,0,15,3,35
91.78,1,15,3,35
93.4,0,15,3,35
61.24,1,15,3,35
76.51,1,14,3,35
87.99,1,15,3,35
72.76,0,3,3,35
88.26,1,14,3,35
88.48,0,3,3,35
82.64,1,15,3,35
91.16,0,3,3,35
97.99,1,15,3,35
84.08,1,15,3,35
95.61,1,15,3,35
70.94,0,3,3,35
87.04,1,3,3,35
77.22,0,15,3,35
80.51,1,15,3,35
76.97,0,15,3,35
37.04,1,15,3,35
90.9,1,15,3,35
81.51,0,14,3,35
67.1,1,15,3,35
91.82,0,3,3,35
61.24,1,14,3,35
73.58,0,15,3,35
99.36,1,15,3,35
34.08,1,15,3,35
78.91,1,14,3,35
77.88,0,15,3,35
84.84,0,15,3,35
91.24,1,15,3,35
56.25,0,15,3,35
96.89,1,15,3,35
85.38,1,15,3,35
70.2,1,15,3,35
93.45,1,15,3,35
84.8,0,14,3,35
68.37,0,15,3,35
84.4,1,15,3,35
72.34,0,15,3,35
86.72,1,15,3,35
93.25,1,14,3,35
94.14,0,15,3,35
99.31,0,15,3,35
90.26,1,15,3,35
89.6,1,14,3,35
52.01,0,15,3,35
99.42,0,15,3,35
93.85,0,15,3,35
90.18,1,15,3,35
93.47,1,15,3,35
61.72,0,15,3,35
76.35,0,15,3,35
96.13,0,15,3,35
86.37,1,14,3,35
97.48,0,15,3,35
69.64,1,14,3,35
98.12,1,14,3,35
98.89,1,15,3,35
63.13,1,14,3,35
57.08,0,15,3,35
90.18,1,15,3,35
89.67,1,14,3,35
70.25,1,14,3,35
94.35,0,3,3,35
84.03,0,15,3,35
65.19,1,15,3,35
93.7,0,4,3,35
85.69,1,14,3,35
98.35,1,15,3,35
69.7,1,15,3,35
86.98,1,3,3,35
81.08,1,14,3,35
88.47,1,15,3,35
92.7,1,15,3,35
91.83,0,3,3,35
70.08,1,14,3,35
88.92,1,3,3,35
43.51,0,15,3,35
95.51,0,15,3,35
74.96,0,15,3,35
93.97,1,14,3,35
60.77,1,15,3,35
90.17,0,14,3,35
94.24,0,15,3,35
56.0,0,15,3,35
89.69,1,3,3,35
72.83,0,3,3,35
92.27,0,4,3,35
83.96,1,15,3,35
95.69,0,3,3,35
60.93,0,3,3,35
56.86,0,14,3,35
62.2,1,15,3,35
82.63,1,4,3,35
95.07,1,15,3,35
99.69,0,14,3,35
77.89,0,14,3,35
98.74,1,15,3,35
57.68,0,15,3,35
78.06,1,14,3,35
98.12,1,14,3,35
59.77,0,15,3,35
84.45,1,14,3,35
91.22,0,14,3,35
95.9,1,15,3,35
76.56,0,15,3,35
89.76,1,14,3,35
82.88,1,15,3,35
70.96,0,14,3,35
60.03,1,15,3,35
71.31,0,15,3,35
76.1,1,3,3,35
97.97,0,3,3,35
96.89,1,14,3,35
99.96,1,15,3,35
77.7,1,15,3,35
57.92,0,15,3,35
94.14,0,15,3,35
75.13,1,15,3,35
75.44,1,14,3,35
62.93,1,15,3,35
88.91,0,15,3,35
90.56,1,14,3,35
52.12,0,15,3,35
87.03,0,15,3,35
73.15,1,14,3,35
75.3,0,15,3,35
99.92,0,15,3,35
85.21,1,3,3,35
68.69,0,3,3,35
89.78,1,3,3,35
90.66,1,15,3,35
78.38,1,15,3,35
63.29,0,15,3,35
98.82,1,15,3,35
57.58,1,14,3,35
97.26,0,4,3,35
92.38,1,15,3,35
95.2,0,3,3,35
89.02,0,14,3,35
89.2,0,15,3,35
94.76,1,15,3,35
92.38,1,15,3,35
88.26,0,3,3,35
68.32,1,3,3,35
88.46,1,3,3,35
52.29,0,15,3,35
79.69,1,14,3,35
68.96,0,14,3,35
69.96,1,15,3,35
76.02,0,15,3,35
54.82,1,15,3,35
90.66,1,15,3,35
83.94,1,14,3,35
89.22,1,14,3,35
89.47,1,3,3,35
72.96,0,14,3,35
95.55,1,15,3,35
88.3,1,14,3,35
95.3,1,15,3,35
60.73,1,3,3,35
43.6,0,14,3,35
83.43,1,15,3,35
94.17,1,15,3,35
68.53,0,15,3,35
93.35,0,3,3,35
89.03,1,14,3,35
86.41,1,15,3,35
65.79,1,3,3,35
79.16,1,14,3,35
86.08,0,15,3,35
62.41,1,14,3,35
89.56,1,3,3,35
51.44,1,14,3,35
93.47,1,15,3,35
96.85,1,3,3,35
76.25,0,15,3,35
71.3,1,3,3,35
91.32,1,3,3,35
93.47,1,15,3,35
42.63,0,14,3,35
76.25,1,14,3,35
80.34,1,3,3,35
89.89,0,15,3,35
97.75,1,15,3,35
96.23,1,3,3,35
93.69,1,3,3,35
62.4,1,3,3,35
75.23,1,3,3,35
75.27,1,3,3,35
79.52,1,3,3,35
75.27,1,3,3,35
78.85,1,4,3,35
94.8,1,4,3,35
90.15,1,4,3,35
91.41,0,4,3,35
85.57,1,4,3,35
69.55,0,3,3,35
85.0,0,3,3,35
86.33,0,3,3,35
72.91,1,3,3,35
82.17,0,15,3,35
96.8,1,1,2,35
91.4,1,9,2,35
53.53,0,1,2,35
96.51,1,10,2,35
93.77,1,1,2,35
88.26,1,1,2,35
78.72,1,10,2,35
60.8,0,1,2,35
86.69,1,10,2,35
97.51,1,10,2,35
90.89,1,1,2,35
92.75,1,1,2,35
74.15,1,1,2,35
56.16,0,10,2,35
89.53,1,9,2,35
93.12,1,1,2,35
98.4,1,1,2,35
86.27,1,1,2,35
92.7,1,1,2,35
69.68,1,1,2,35
93.25,0,1,2,35
95.89,1,10,2,35
96.45,1,1,2,35
79.81,1,10,2,35
68.85,0,1,2,35
100.0,1,1,2,35
66.99,1,10,2,35
95.65,1,1,2,35
94.32,1,9,2,35
58.03,0,1,2,35
79.77,1,1,2,35
61.81,1,1,2,35
95.88,1,1,2,35
97.36,1,9,2,35
75.57,1,1,2,35
67.57,1,1,2,35
96.01,1,1,2,35
89.76,1,1,2,35
98.43,1,1,2,35
87.2,1,1,2,35
91.91,1,1,2,35
91.9,0,10,2,35
53.29,0,1,2,35
96.66,1,1,2,35
58.53,1,1,2,35
95.85,1,9,2,35
95.85,1,9,2,35
52.7,1,10,2,35
88.66,1,1,2,35
90.85,1,10,2,35
58.27,1,1,2,35
97.22,0,9,2,35
78.26,1,10,2,35
81.57,0,9,2,35
98.31,1,9,2,35
96.42,0,1,2,35
100.0,1,1,2,35
55.91,1,1,2,35
97.07,1,9,2,35
100.0,1,1,2,35
46.63,1,1,2,35
88.82,1,9,2,35
75.93,1,1,2,35
72.92,1,10,2,35
69.2,0,9,2,35
70.43,1,1,2,35
92.38,1,9,2,35
77.32,1,1,2,35
73.2,1,10,2,35
77.75,1,9,2,35
95.85,0,1,2,35
82.86,1,9,2,35
89.25,1,9,2,35
84.38,1,9,2,35
81.05,1,9,2,35
96.99,1,1,2,35
72.71,1,9,2,35
93.7,1,9,2,35
88.69,0,9,2,35
93.09,1,9,2,35
84.08,1,10,2,35
94.25,1,10,2,35
92.64,1,10,2,35
92.06,1,10,2,35
91.79,1,9,2,35
82.38,0,1,2,35
82.36,1,10,2,35
96.05,1,1,2,35
88.24,1,10,2,35
89.1,1,1,2,35
90.63,1,1,2,35
97.63,1,9,2,35
64.81,1,1,2,35
97.16,0,10,2,35
94.88,1,10,2,35
99.89,1,1,2,35
80.21,0,1,2,35
87.71,1,1,2,35
92.22,1,1,2,35
90.99,1,1,2,35
99.87,0,1,2,35
76.97,0,10,2,35
80.32,1,10,2,35
81.9,1,10,2,35
100.0,1,1,2,35
70.66,1,9,2,35
90.59,1,1,2,35
75.89,1,1,2,35
94.38,1,9,2,35
97.68,1,1,2,35
97.0,1,1,2,35
95.41,1,10,2,35
76.61,1,10,2,35
92.56,1,1,2,35
63.42,1,10,2,35
77.93,1,10,2,35
80.89,1,1,2,35
81.59,1,10,2,35
48.76,0,1,2,35
99.87,0,9,2,35
96.95,0,1,2,35
79.19,1,1,2,35
63.71,1,1,2,35
90.13,1,1,2,35
92.4,1,9,2,35
81.24,0,10,2,35
90.2,0,1,2,35
72.41,1,10,2,35
96.89,0,10,2,35
62.83,0,10,2,35
85.37,1,9,2,35
95.43,1,10,2,35
48.73,1,1,2,35
63.1,1,1,2,35
96.9,0,1,2,35
98.2,1,1,2,35
100.0,1,10,2,35
97.05,1,1,2,35
76.69,1,10,2,35
79.59,1,10,2,35
90.99,1,10,2,35
92.75,1,10,2,35
95.09,1,10,2,35
98.07,1,9,2,35
58.44,0,1,2,35
99.81,1,10,2,35
76.4,1,1,2,35
65.63,1,1,2,35
77.92,1,10,2,35
93.88,1,9,2,35
94.74,1,10,2,35
77.99,1,1,2,35
51.63,1,10,2,35
93.97,1,9,2,35
83.81,1,10,2,35
86.55,0,1,2,35
75.55,0,1,2,35
76.16,1,1,2,35
95.27,1,10,2,35
92.9,1,10,2,35
95.65,0,1,2,35
81.59,1,1,2,35
71.81,1,1,2,35
68.88,1,1,2,35
80.74,1,9,2,35
95.02,0,9,2,35
98.4,1,1,2,35
98.53,1,1,2,35
84.33,1,1,2,35
93.88,0,1,2,35
64.62,1,1,2,35
34.6,1,1,2,35
46.88,1,1,2,35
94.2,1,9,2,35
86.13,1,10,2,35
96.11,1,10,2,35
81.45,1,1,2,35
94.19,1,1,2,35
63.05,1,1,2,35
70.66,1,9,2,35
52.03,1,1,2,35
87.92,1,1,2,35
88.8,1,1,2,35
98.25,1,10,2,35
53.05,0,1,2,35
96.31,1,1,2,35
91.94,1,10,2,35
69.56,1,16,3,36
83.92,1,16,3,36
76.97,1,16,3,36
57.36,1,16,3,36
75.62,1,16,3,36
93.57,1,9,2,36
96.41,1,6,2,36
50.1,1,8,2,36
71.46,1,6,2,36
91.76,1,7,2,36
45.01,1,18,2,36
75.57,1,14,2,36
92.86,1,16,2,36
85.07,1,16,2,36
89.87,1,16,2,36
49.23,1,16,2,36
80.31,1,10,2,36
63.94,1,11,2,36
81.0,1,12,2,36
44.89,1,14,2,36
93.69,1,10,2,36
77.87,1,1,2,36
72.92,1,1,2,36
74.53,1,2,2,36
98.31,1,10,2,36
97.06,1,10,2,36
92.98,1,2,2,36
71.24,1,2,2,36
93.84,1,6,2,36
88.7,1,6,2,36
96.72,1,6,2,36
82.27,1,17,2,36
85.76,1,17,2,36
95.26,1,4,2,36
77.53,1,14,2,36
97.91,1,15,2,36
95.02,1,15,2,36
98.29,1,18,2,36
61.43,1,14,2,36
46.74,1,3,3,36
63.6,1,9,3,36
76.35,1,18,3,36
50.5,1,6,3,36
53.6,1,9,3,36
53.6,1,9,3,36
50.11,1,9,3,36
50.11,1,9,3,36
47.32,1,9,3,36
44.89,1,9,3,36
44.04,1,9,3,36
46.74,1,3,3,36
41.53,1,1,3,36
54.52,1,1,3,36
63.6,1,9,3,36
47.65,1,2,3,36
54.52,1,1,3,36
78.48,1,6,3,36
79.13,1,6,3,36
79.13,1,6,3,36
68.25,1,6,3,36
64.92,1,6,3,36
66.93,1,3,3,36
46.26,1,3,3,36
63.27,1,15,3,36
87.66,1,10,2,36
61.65,1,1,2,36
54.36,1,1,2,36
76.41,1,1,2,36
85.0,1,1,2,36
77.12,1,10,2,36
48.21,1,1,2,36
46.35,1,1,2,36
55.8,1,1,2,36
48.92,1,1,2,36
86.01,1,9,2,36
78.49,1,1,2,36
84.67,1,1,2,36
86.57,1,1,2,36
49.91,1,16,3,37
61.41,1,17,3,37
85.29,1,16,3,37
63.78,1,16,3,37
63.78,1,16,3,37
63.78,1,16,3,37
68.57,1,16,3,37
63.78,1,16,3,37
63.78,1,16,3,37
75.06,1,16,1,37
95.79,1,6,2,37
73.73,1,6,2,37
96.56,1,18,2,37
87.71,1,1,2,37
61.18,1,6,2,37
64.85,1,1,2,37
86.35,1,1,2,37
85.44,1,6,2,37
53.54,1,6,2,37
63.15,1,1,2,37
56.66,1,1,2,37
83.74,1,6,2,37
75.74,1,1,2,37
89.52,1,6,2,37
91.94,1,8,2,37
89.12,1,1,2,37
65.51,1,1,2,37
95.24,1,6,2,37
79.0,1,1,2,37
99.81,1,6,2,37
77.56,1,1,2,37
81.9,1,1,2,37
91.43,1,1,2,37
64.71,1,9,2,37
90.94,1,6,2,37
72.63,1,1,2,37
82.86,1,9,2,37
84.38,1,6,2,37
85.38,1,9,2,37
80.82,1,9,2,37
67.46,1,18,2,37
77.85,1,1,2,37
96.86,1,6,2,37
92.55,1,9,2,37
63.93,1,18,2,37
63.93,1,18,2,37
63.03,1,6,2,37
91.72,1,6,2,37
90.81,1,6,2,37
74.44,1,6,2,37
96.82,1,18,2,37
39.63,1,6,2,37
77.93,1,6,2,37
70.71,1,9,2,37
95.59,1,18,2,37
63.94,1,6,2,37
61.57,1,1,2,37
74.14,1,6,2,37
90.0,1,9,2,37
90.18,1,6,2,37
96.64,1,18,2,37
99.93,1,18,2,37
67.33,1,6,2,37
75.78,1,6,2,37
83.99,1,9,2,37
86.05,1,9,2,37
90.63,1,9,2,37
68.0,1,18,2,37
75.41,1,1,2,37
70.71,1,9,2,37
95.86,1,6,2,37
83.4,1,6,2,37
80.09,1,1,2,37
86.37,1,6,2,37
90.68,1,6,2,37
90.68,1,6,2,37
90.74,1,1,2,37
86.66,1,6,2,37
86.27,0,9,2,37
90.96,1,1,2,37
90.68,1,6,2,37
94.3,0,9,2,37
82.12,1,18,2,37
99.55,1,6,2,37
70.71,1,9,2,37
82.81,1,6,2,37
87.71,1,1,2,37
89.01,1,7,2,37
50.33,1,7,2,37
97.35,1,1,2,37
46.96,1,9,2,37
63.38,1,6,2,37
86.19,1,18,2,37
72.41,1,8,2,37
64.41,1,7,2,37
67.04,1,7,2,37
73.03,1,7,2,37
83.66,1,9,2,37
73.93,1,7,2,37
77.83,1,7,2,37
95.45,1,9,2,37
83.07,1,6,2,37
90.37,1,18,2,37
76.66,1,6,2,37
84.11,1,9,2,37
87.03,1,6,2,37
85.44,1,6,2,37
92.1,1,7,2,37
67.93,1,1,2,37
85.28,1,6,2,37
85.44,1,6,2,37
90.68,1,6,2,37
85.44,1,6,2,37
91.73,1,9,2,37
94.97,1,9,2,37
93.2,1,1,2,37
46.98,1,1,2,37
85.44,1,6,2,37
74.44,1,6,2,37
86.93,1,9,2,37
85.26,1,6,2,37
83.46,1,9,2,37
61.76,1,1,2,37
95.37,1,6,2,37
85.44,1,6,2,37
95.86,1,6,2,37
72.17,1,1,2,37
62.71,1,6,2,37
74.44,1,6,2,37
90.97,1,1,2,37
90.17,1,1,2,37
86.85,1,1,2,37
99.08,1,6,2,37
77.02,1,10,2,37
82.95,1,14,2,37
72.69,1,16,2,37
90.8,1,10,2,37
99.55,1,16,2,37
93.18,1,14,2,37
61.58,1,14,2,37
89.88,1,16,2,37
94.44,1,16,2,37
73.33,1,15,2,37
82.42,1,16,2,37
97.0,1,16,2,37
87.0,1,16,2,37
97.0,1,16,2,37
79.11,1,14,2,37
83.87,1,10,2,37
87.03,1,11,2,37
69.74,1,16,2,37
91.75,1,14,2,37
73.97,1,11,2,37
78.81,1,10,2,37
74.17,1,11,2,37
87.9,1,16,2,37
88.52,1,14,2,37
91.1,1,16,2,37
78.11,1,10,2,37
95.38,1,10,2,37
58.68,1,16,2,37
97.74,1,10,2,37
86.85,1,16,2,37
84.21,1,14,2,37
73.41,1,11,2,37
79.17,1,16,2,37
72.58,1,16,2,37
86.07,1,14,2,37
97.71,1,16,2,37
89.1,1,14,2,37
87.71,1,10,2,37
85.24,1,16,2,37
40.7,1,16,2,37
94.56,1,16,2,37
92.49,1,14,2,37
77.09,1,14,2,37
41.63,1,16,2,37
80.65,1,16,2,37
78.3,1,16,2,37
61.72,1,14,2,37
85.11,1,16,2,37
86.07,1,14,2,37
85.08,1,16,2,37
79.88,1,15,2,37
84.04,1,16,2,37
71.59,1,10,2,37
92.5,1,14,2,37
75.15,1,14,2,37
81.88,1,14,2,37
72.84,1,16,2,37
65.06,1,10,2,37
63.47,1,10,2,37
94.14,1,14,2,37
82.14,1,10,2,37
90.58,1,14,2,37
96.23,1,16,2,37
78.91,1,10,2,37
76.34,1,10,2,37
75.79,1,16,2,37
77.47,1,16,2,37
96.17,1,10,2,37
65.49,1,10,2,37
97.0,1,16,2,37
78.68,1,10,2,37
96.9,1,10,2,37
87.52,1,10,2,37
80.74,1,10,2,37
98.46,1,10,2,37
94.48,1,10,2,37
84.06,1,10,2,37
78.94,1,16,2,37
70.11,1,16,2,37
88.22,1,16,2,37
81.49,1,16,2,37
86.23,1,14,2,37
99.93,1,10,2,37
90.92,1,10,2,37
92.63,1,16,2,37
90.54,1,16,2,37
44.39,1,14,2,37
71.52,1,10,2,37
46.32,1,16,2,37
93.03,1,16,2,37
82.09,1,16,2,37
87.56,1,16,2,37
81.23,1,14,2,37
75.09,1,14,2,37
79.24,1,14,2,37
82.17,1,10,2,37
87.41,1,10,2,37
91.94,1,14,2,37
82.65,1,16,2,37
90.9,1,14,2,37
78.18,1,14,2,37
86.15,1,14,2,37
84.4,1,10,2,37
62.41,1,16,2,37
81.23,1,14,2,37
73.33,1,15,2,37
87.68,1,14,2,37
87.6,1,14,2,37
81.23,1,14,2,37
79.83,1,14,2,37
90.85,1,14,2,37
64.29,1,14,2,37
74.54,1,14,2,37
90.27,1,14,2,37
72.79,1,10,2,37
54.71,1,10,2,37
79.71,1,14,2,37
88.82,1,14,2,37
99.72,1,16,2,37
65.5,1,1,2,37
88.22,1,10,2,37
76.96,1,4,2,37
76.05,1,3,2,37
93.36,1,2,2,37
67.04,1,1,2,37
99.15,1,2,2,37
92.04,1,9,2,37
95.38,1,2,2,37
97.59,1,2,2,37
97.2,1,2,2,37
57.53,1,1,2,37
54.98,1,2,2,37
79.52,1,2,2,37
86.54,1,2,2,37
81.82,1,3,2,37
91.94,1,2,2,37
85.07,1,2,2,37
94.07,1,1,2,37
89.53,1,2,2,37
86.61,1,2,2,37
87.23,1,2,2,37
77.12,1,1,2,37
84.48,1,2,2,37
42.76,1,10,2,37
84.94,1,2,2,37
89.15,1,2,2,37
70.52,1,10,2,37
50.0,1,1,2,37
87.81,0,3,2,37
68.71,1,10,2,37
97.59,1,2,2,37
54.98,1,2,2,37
91.81,1,2,2,37
99.22,1,2,2,37
65.73,1,1,2,37
70.21,1,2,2,37
78.15,1,1,2,37
77.15,1,4,2,37
90.46,1,2,2,37
90.46,1,2,2,37
84.31,1,4,2,37
87.28,1,2,2,37
67.63,1,4,2,37
93.24,1,2,2,37
82.88,1,3,2,37
97.59,1,2,2,37
82.1,1,10,2,37
72.04,1,2,2,37
76.79,1,4,2,37
76.79,1,4,2,37
65.33,1,10,2,37
86.26,1,2,2,37
96.18,1,2,2,37
70.3,1,1,2,37
88.35,1,10,2,37
86.28,1,3,2,37
83.74,1,10,2,37
92.95,1,2,2,37
92.95,1,2,2,37
57.53,1,1,2,37
84.73,1,4,2,37
91.06,1,2,2,37
65.85,1,3,2,37
87.04,1,2,2,37
70.09,1,10,2,37
86.65,1,4,2,37
93.07,1,1,2,37
94.55,1,10,2,37
75.96,1,3,2,37
69.09,1,2,2,37
81.15,1,3,2,37
74.06,1,3,2,37
59.52,1,10,2,37
87.68,1,3,2,37
85.71,1,3,2,37
80.9,1,1,2,37
88.8,1,3,2,37
93.85,1,3,2,37
94.95,1,3,2,37
72.35,1,3,2,37
72.51,1,3,2,37
72.02,1,2,2,37
78.31,1,3,2,37
97.59,1,2,2,37
80.35,1,10,2,37
87.54,1,10,2,37
81.99,1,3,2,37
60.0,1,1,2,37
87.48,1,1,2,37
68.07,1,9,2,37
99.39,1,10,2,37
94.79,1,2,2,37
84.99,1,3,2,37
85.9,1,10,2,37
56.31,1,2,2,37
77.86,1,4,2,37
90.8,1,10,2,37
83.28,1,3,2,37
84.8,1,3,2,37
83.66,1,3,2,37
82.39,1,10,2,37
79.22,1,2,2,37
82.39,1,10,2,37
82.44,1,10,2,37
89.77,1,10,2,37
88.2,1,9,2,37
83.03,1,3,2,37
89.37,1,10,2,37
82.67,1,3,2,37
86.04,1,3,2,37
66.86,1,3,2,37
61.85,1,3,2,37
81.86,1,3,2,37
87.18,1,1,2,37
65.1,1,17,2,37
77.46,1,6,2,37
89.86,1,17,2,37
78.99,1,4,2,37
88.78,1,17,2,37
78.83,1,6,2,37
81.49,1,17,2,37
79.58,1,6,2,37
100.0,1,6,2,37
65.98,1,5,2,37
84.37,1,17,2,37
86.79,1,18,2,37
65.98,1,5,2,37
63.7,1,5,2,37
76.71,1,6,2,37
76.05,1,3,2,37
72.75,1,4,2,37
82.26,1,17,2,37
86.99,1,17,2,37
80.39,1,4,2,37
92.32,1,4,2,37
89.47,1,18,2,37
76.86,1,4,2,37
83.75,1,3,2,37
72.5,1,4,2,37
62.84,1,6,2,37
72.5,1,4,2,37
86.66,1,17,2,37
88.78,1,17,2,37
87.28,1,17,2,37
81.01,1,17,2,37
78.71,1,18,2,37
65.98,1,5,2,37
76.51,1,17,2,37
92.36,1,6,2,37
81.3,1,17,2,37
60.32,1,17,2,37
76.05,1,3,2,37
85.62,1,3,2,37
81.82,1,3,2,37
87.01,1,17,2,37
55.93,1,3,2,37
94.0,1,18,2,37
76.95,1,6,2,37
92.46,1,4,2,37
91.85,1,17,2,37
87.67,1,18,2,37
94.51,1,18,2,37
61.51,1,6,2,37
84.98,1,17,2,37
92.36,1,6,2,37
98.35,1,6,2,37
78.52,1,3,2,37
56.54,1,17,2,37
97.94,1,5,2,37
85.16,1,18,2,37
86.52,1,3,2,37
92.36,1,6,2,37
92.36,1,6,2,37
97.04,1,4,2,37
94.88,1,6,2,37
75.98,1,17,2,37
73.52,1,17,2,37
65.22,1,4,2,37
85.06,1,6,2,37
98.06,1,4,2,37
97.82,1,6,2,37
72.42,1,4,2,37
71.51,1,4,2,37
98.16,1,6,2,37
91.39,1,4,2,37
61.89,1,18,2,37
90.3,1,3,2,37
98.42,1,4,2,37
79.23,1,17,2,37
67.66,1,6,2,37
95.64,1,18,2,37
85.84,1,17,2,37
57.21,1,17,2,37
70.63,1,17,2,37
70.63,1,17,2,37
80.78,1,18,2,37
64.55,1,6,2,37
83.04,1,6,2,37
73.49,1,17,2,37
44.27,1,6,2,37
64.21,1,17,2,37
81.8,1,17,2,37
77.95,1,6,2,37
69.64,1,4,2,37
84.28,1,6,2,37
75.94,1,4,2,37
79.7,1,6,2,37
84.98,1,17,2,37
92.36,1,6,2,37
85.82,1,17,2,37
78.1,1,4,2,37
54.3,1,4,2,37
69.38,1,6,2,37
82.14,1,6,2,37
75.22,1,6,2,37
89.01,1,6,2,37
97.37,1,6,2,37
77.26,1,6,2,37
76.84,1,6,2,37
74.97,1,6,2,37
79.31,1,6,2,37
85.23,1,6,2,37
86.59,1,6,2,37
92.86,1,6,2,37
88.44,1,6,2,37
92.86,1,6,2,37
81.61,1,6,2,37
92.69,1,6,2,37
78.2,1,4,2,37
80.82,1,6,2,37
79.95,1,17,2,37
80.27,1,4,2,37
92.83,1,4,2,37
81.05,1,17,2,37
85.84,1,17,2,37
53.96,1,6,2,37
86.84,1,6,2,37
90.77,1,17,2,37
79.69,1,6,2,37
80.32,1,6,2,37
69.73,1,4,2,37
83.03,1,3,2,37
92.9,1,3,2,37
82.86,1,3,2,37
88.97,1,6,2,37
94.02,1,6,2,37
64.89,1,17,2,37
90.79,1,10,2,37
75.74,1,15,2,37
93.23,1,14,2,37
78.67,1,15,2,37
75.3,1,14,2,37
87.85,1,15,2,37
88.7,1,15,2,37
92.99,1,14,2,37
70.85,1,15,2,37
92.84,1,15,2,37
81.4,1,15,2,37
71.13,1,15,2,37
89.76,1,14,2,37
99.04,1,18,2,37
69.05,1,15,2,37
96.63,1,15,2,37
94.41,1,15,2,37
81.68,1,15,2,37
77.95,1,14,2,37
83.35,1,15,2,37
82.95,1,14,2,37
56.96,1,14,2,37
96.76,1,15,2,37
78.83,1,15,2,37
86.2,1,15,2,37
84.96,1,15,2,37
86.24,1,15,2,37
87.95,1,15,2,37
85.75,1,15,2,37
86.88,1,15,2,37
65.22,1,14,2,37
87.26,1,15,2,37
92.08,1,15,2,37
86.52,1,15,2,37
58.23,1,15,2,37
89.09,1,15,2,37
95.02,1,10,2,37
95.57,1,10,2,37
92.31,1,14,2,37
80.77,1,15,2,37
84.8,1,15,2,37
92.07,1,15,2,37
82.05,1,10,2,37
87.44,1,18,2,37
73.74,1,15,2,37
89.16,1,15,2,37
86.51,1,15,2,37
94.79,1,10,2,37
85.95,1,15,2,37
91.28,1,10,2,37
98.99,1,15,2,37
81.96,1,15,2,37
71.27,1,15,2,37
88.94,1,15,2,37
85.16,1,15,2,37
93.25,1,10,2,37
80.27,1,15,2,37
81.1,1,15,2,37
75.56,1,10,2,37
86.8,1,18,2,37
88.73,1,15,2,37
84.7,1,10,2,37
60.21,1,15,2,37
97.28,1,15,2,37
90.49,1,15,2,37
83.5,1,10,2,37
76.09,1,15,2,37
71.26,1,10,2,37
77.26,1,10,2,37
78.27,1,10,2,37
96.96,1,18,2,37
86.8,1,18,2,37
71.78,1,15,2,37
66.4,1,17,2,37
98.2,1,18,2,37
77.08,1,10,2,37
85.05,1,10,2,37
78.89,1,17,2,37
75.0,1,15,2,37
75.46,1,10,2,37
98.07,1,18,2,37
97.52,1,17,2,37
66.84,1,10,2,37
97.52,1,17,2,37
77.7,1,15,2,37
73.23,1,15,2,37
77.97,1,10,2,37
73.97,1,14,2,37
91.16,1,15,2,37
82.52,1,18,2,37
99.71,1,18,2,37
70.99,1,17,2,37
62.33,1,15,2,37
99.02,1,15,2,37
93.49,1,15,2,37
82.81,1,15,2,37
99.85,1,15,2,37
65.89,1,17,2,37
87.48,1,15,2,37
93.2,1,15,2,37
94.48,1,18,2,37
72.11,1,15,2,37
77.97,1,10,2,37
59.88,1,17,2,37
66.7,1,17,2,37
82.66,1,15,2,37
82.77,1,15,2,37
45.04,0,10,2,37
93.82,1,18,2,37
72.9,1,15,2,37
71.42,1,17,2,37
99.85,1,15,2,37
41.96,1,17,2,37
94.69,1,15,2,37
85.3,1,15,2,37
99.65,1,18,2,37
47.01,1,17,2,37
94.8,1,15,2,37
96.89,1,10,2,37
79.56,1,17,2,37
95.83,1,15,2,37
71.56,1,18,2,37
51.75,1,17,2,37
75.51,1,15,2,37
99.65,1,18,2,37
94.56,1,15,2,37
86.01,1,15,2,37
67.06,1,18,2,37
86.55,1,15,2,37
87.8,1,15,2,37
97.39,1,15,2,37
72.2,1,15,2,37
97.01,1,15,2,37
63.78,1,15,2,37
90.57,1,14,2,37
95.2,1,15,2,37
87.9,1,10,2,37
96.44,1,15,2,37
96.22,1,15,2,37
94.69,1,15,2,37
93.54,1,15,2,37
98.27,1,15,2,37
73.92,1,15,2,37
88.28,1,2,3,37
91.37,1,2,3,37
92.19,1,17,2,37
92.57,1,2,3,37
82.23,0,3,3,37
95.49,1,16,2,37
89.12,1,2,3,37
95.03,1,16,2,37
68.4,1,16,2,37
75.16,1,1,3,37
73.07,1,16,2,37
98.25,1,10,3,37
68.4,1,16,2,37
63.69,1,10,3,37
87.04,1,15,2,37
41.31,0,16,2,37
73.45,1,9,3,37
94.86,1,17,2,37
83.71,1,17,2,37
83.66,1,16,2,37
87.18,1,17,2,37
70.78,1,1,3,37
83.04,1,15,2,37
46.71,1,9,3,37
86.7,1,2,3,37
73.45,1,9,3,37
92.67,1,16,2,37
73.39,0,9,3,37
75.68,1,2,3,37
93.2,1,17,2,37
52.65,1,1,3,37
90.5,1,6,3,37
78.52,1,15,2,37
93.9,1,6,3,37
93.9,1,6,3,37
95.63,1,6,3,37
93.9,1,6,3,37
93.9,1,6,3,37
47.57,1,6,3,37
50.95,1,6,3,37
89.5,1,2,3,37
96.05,1,6,3,37
67.76,1,6,3,37
60.6,1,6,3,37
81.09,1,6,3,37
81.09,1,6,3,37
81.09,1,6,3,37
81.09,1,6,3,37
81.09,1,6,3,37
81.09,1,6,3,37
81.09,1,6,3,37
79.69,1,3,3,37
81.54,1,4,3,37
51.21,1,17,3,37
95.25,1,15,3,37
98.82,1,18,3,37
92.61,0,18,3,37
93.85,1,14,3,37
73.54,1,3,3,37
83.4,1,14,3,37
87.8,1,3,3,37
78.4,1,15,3,37
76.8,1,15,3,37
87.77,1,3,3,37
80.03,1,14,3,37
88.61,1,10,3,37
69.88,1,15,3,37
85.8,1,14,3,37
90.66,1,15,3,37
51.21,1,17,3,37
77.8,1,14,3,37
78.29,1,1,2,37
97.25,1,10,2,37
100.0,1,10,2,37
50.2,1,1,2,37
67.29,1,10,2,37
48.4,1,10,2,37
76.09,1,1,2,37
75.72,1,1,2,37
67.99,1,10,2,37
95.63,1,9,2,37
81.82,1,10,2,37
77.65,1,1,2,37
75.0,1,1,2,37
82.17,1,1,2,37
62.52,1,9,2,37
71.07,1,1,2,37
91.53,1,10,2,37
61.63,1,1,2,37
72.2,1,10,2,37
50.57,1,1,2,37
86.71,1,10,2,37
93.38,1,1,2,37
72.81,1,1,2,37
86.94,1,10,2,37
72.88,1,1,2,37
93.14,1,10,2,37
84.95,0,10,2,37
57.72,1,10,2,37
46.21,1,10,2,37
63.35,1,10,2,37
71.11,1,10,2,37
65.63,1,10,2,37
48.77,1,10,2,37
56.87,1,1,2,37
76.66,1,10,2,37
67.64,1,1,2,37
92.73,1,10,2,37
86.22,1,10,2,37
97.17,1,1,2,37
66.4,1,1,2,37
75.27,1,1,2,37
93.76,1,10,2,37
97.05,1,10,2,37
96.0,1,1,2,37
90.69,1,1,2,37
44.2,1,1,2,37
70.41,1,1,2,37
96.75,1,10,2,37
79.19,1,10,2,37
63.35,1,1,2,37
82.15,1,10,2,37
85.58,1,1,2,37
85.45,1,1,2,37
83.37,1,1,2,37
72.35,1,10,2,37
69.87,1,10,2,37
76.25,1,1,2,37
75.51,1,1,2,37
95.36,1,1,2,37
88.96,1,10,2,37
84.96,1,10,2,37
84.28,1,1,2,37
73.49,1,10,2,37
75.51,1,1,2,37
64.32,0,10,2,37
87.78,1,9,2,37
94.01,1,10,2,37
75.51,1,1,2,37
87.39,1,1,2,37
75.51,1,1,2,37
86.17,1,10,2,37
66.38,1,10,2,37
84.42,1,10,2,37
87.98,1,1,2,37
74.31,1,1,2,37
81.83,1,1,2,37
92.91,1,1,2,37
95.91,1,10,2,37
80.01,1,10,2,37
86.06,1,1,2,37
82.13,1,9,2,37
55.16,1,10,2,37
72.14,1,10,2,37
72.85,1,10,2,37
86.26,1,10,2,37
90.02,1,10,2,37
84.41,1,10,2,37
89.82,1,9,2,37
72.81,1,1,2,37
87.98,1,1,2,37
85.82,1,1,2,37
56.09,0,10,2,37
94.88,1,1,2,37
90.31,1,1,2,37
78.52,1,1,2,37
95.28,1,1,2,37
60.69,1,1,2,37
89.3,1,1,2,37
79.74,1,1,2,37
71.36,1,9,2,37
76.82,1,1,2,37
72.64,1,10,2,37
53.66,1,1,2,37
59.21,1,1,2,37
85.35,1,1,2,37
91.37,1,9,2,37
82.13,1,9,2,37
92.52,1,1,2,37
84.76,1,1,2,37
70.38,1,9,2,37
88.24,1,10,2,37
82.61,1,10,2,37
79.24,1,9,2,37
50.82,1,1,2,37
99.92,1,16,3,38
81.35,1,16,1,38
72.55,0,6,2,38
94.22,1,18,2,38
94.94,1,6,2,38
95.0,1,10,2,38
92.62,1,4,2,38
89.2,1,6,2,38
82.15,1,17,2,38
85.28,1,5,2,38
79.26,1,4,2,38
99.09,1,15,2,38
83.2,1,14,2,38
94.87,1,18,2,38
99.1,1,6,3,38
99.84,1,9,3,38
85.67,1,16,2,38
89.6,1,17,2,38
100.0,1,15,3,38
100.0,1,15,3,38
100.0,1,15,3,38
63.87,1,1,2,38
100.0,1,16,3,39
82.23,1,16,1,39
68.41,0,7,2,39
86.54,1,1,2,39
83.03,1,6,2,39
90.69,1,10,2,39
96.64,0,10,2,39
72.62,1,10,2,39
87.67,1,1,2,39
92.62,1,4,2,39
70.58,1,10,2,39
97.39,1,10,2,39
86.44,1,1,2,39
65.63,1,6,2,39
99.37,1,17,2,39
88.57,1,4,2,39
82.15,1,17,2,39
79.26,1,4,2,39
91.41,1,15,2,39
94.32,1,15,2,39
94.38,1,15,2,39
94.52,1,18,2,39
92.34,1,15,2,39
93.89,1,18,2,39
96.06,1,18,2,39
91.42,1,1,3,39
98.96,1,9,3,39
99.59,1,6,3,39
95.69,1,1,3,39
89.6,1,17,2,39
93.03,1,1,3,39
93.14,1,1,3,39
100.0,1,10,3,39
100.0,1,15,3,39
100.0,1,15,3,39
100.0,1,15,3,39
100.0,1,15,3,39
100.0,1,15,3,39
100.0,1,14,3,39
81.18,1,15,3,39
86.23,1,10,2,39
99.64,1,10,2,39
99.93,1,10,2,39
99.6,1,9,2,39
90.08,1,1,2,39
99.07,1,10,2,39
63.87,1,1,2,39
63.87,1,1,2,39
82.76,0,1,2,39
89.76,1,10,2,39
89.31,1,9,2,39
95.66,1,10,2,39
98.75,1,10,2,39
93.77,1,18,2,40
77.19,1,1,2,40
77.26,1,7,2,40
85.21,1,6,2,40
100.0,1,6,2,40
87.14,1,9,2,40
85.57,1,18,2,40
99.33,1,18,2,40
91.66,1,6,2,40
95.25,1,6,2,40
86.71,1,18,2,40
65.27,1,6,2,40
84.24,1,6,2,40
82.03,1,6,2,40
96.02,1,6,2,40
91.35,1,18,2,40
89.82,1,18,2,40
99.15,1,6,2,40
69.6,1,6,2,40
97.39,1,10,2,40
96.59,1,10,2,40
94.33,1,16,2,40
86.42,1,16,2,40
80.77,1,10,2,40
74.31,1,14,2,40
85.81,1,11,2,40
93.89,1,16,2,40
89.07,1,11,2,40
95.12,1,14,2,40
95.69,1,3,2,40
77.34,1,10,2,40
90.05,1,3,2,40
50.44,1,3,2,40
83.73,1,10,2,40
81.54,1,2,2,40
88.51,1,2,2,40
80.69,1,10,2,40
76.08,1,3,2,40
67.81,1,10,2,40
98.25,1,2,2,40
63.33,1,2,2,40
81.51,1,3,2,40
64.0,1,10,2,40
76.08,1,3,2,40
80.07,1,3,2,40
84.46,1,2,2,40
68.26,1,4,2,40
81.93,1,4,2,40
81.76,1,6,2,40
70.52,1,17,2,40
40.79,1,4,2,40
77.6,1,6,2,40
92.24,1,6,2,40
55.84,1,6,2,40
97.9,1,18,2,40
94.28,1,18,2,40
92.92,1,18,2,40
91.58,1,17,2,40
95.4,1,6,2,40
81.05,1,17,2,40
100.0,1,14,2,40
72.31,1,17,2,40
67.41,1,10,2,40
80.83,1,15,2,40
95.41,1,15,2,40
76.65,1,15,2,40
56.98,1,15,2,40
80.45,1,10,2,40
79.19,1,15,2,40
91.38,1,15,2,40
91.27,0,18,2,40
93.54,1,15,2,40
97.22,0,18,2,40
41.91,1,15,2,40
95.92,1,15,2,40
57.16,1,14,2,40
69.98,1,15,2,40
58.08,1,15,2,40
77.14,1,18,2,40
88.9,1,14,2,40
97.98,1,15,2,40
88.55,1,9,3,40
97.68,1,2,3,40
88.87,1,3,3,40
87.86,1,2,3,40
91.73,1,16,2,40
81.66,1,6,3,40
83.28,1,6,3,40
94.06,1,18,3,40
98.35,1,15,3,40
94.92,1,10,2,40
86.0,1,1,2,40
94.73,1,10,2,40
92.94,1,10,2,40
91.57,1,10,2,40
85.59,1,1,2,40
64.17,1,10,2,40
87.31,1,10,2,40
95.81,1,1,2,40
96.99,1,1,2,40
63.26,1,10,2,40
74.08,1,10,2,40
55.25,1,10,2,40
96.4,1,1,2,40
89.71,1,1,2,40
88.96,1,9,2,40
82.79,1,1,2,40
84.59,1,1,2,40
68.95,1,10,2,40
84.24,1,16,3,41
84.0,1,16,3,41
84.24,1,16,3,41
68.47,1,16,1,41
100.0,1,9,2,41
76.08,1,1,2,41
82.86,1,9,2,41
91.19,1,9,2,41
91.19,1,9,2,41
91.19,1,9,2,41
100.0,1,6,2,41
70.95,1,1,2,41
75.76,1,6,2,41
80.05,1,6,2,41
88.29,1,6,2,41
85.85,1,6,2,41
70.95,1,1,2,41
70.95,1,1,2,41
85.1,1,6,2,41
63.46,1,1,2,41
56.45,1,1,2,41
56.45,1,1,2,41
89.91,1,1,2,41
88.11,1,9,2,41
94.23,1,9,2,41
93.13,1,6,2,41
91.31,1,9,2,41
92.64,1,9,2,41
90.85,1,9,2,41
81.57,1,9,2,41
96.72,1,9,2,41
61.54,1,9,2,41
81.74,1,9,2,41
87.75,1,9,2,41
77.24,1,6,2,41
99.79,1,9,2,41
98.32,1,6,2,41
95.41,1,6,2,41
68.15,1,6,2,41
69.87,1,6,2,41
96.49,1,6,2,41
71.55,1,6,2,41
75.1,1,6,2,41
80.03,1,6,2,41
88.33,1,6,2,41
82.48,1,9,2,41
69.4,1,1,2,41
73.69,1,6,2,41
96.49,1,6,2,41
71.68,1,9,2,41
74.37,1,6,2,41
62.19,1,1,2,41
78.73,1,6,2,41
99.01,1,6,2,41
79.91,1,9,2,41
82.64,1,1,2,41
62.19,1,1,2,41
64.46,1,1,2,41
85.81,1,9,2,41
75.96,1,1,2,41
87.31,1,9,2,41
84.7,1,9,2,41
83.39,1,9,2,41
86.44,1,9,2,41
91.19,1,9,2,41
83.34,1,1,2,41
77.8,1,1,2,41
93.78,1,9,2,41
90.77,1,9,2,41
94.27,1,9,2,41
86.02,1,1,2,41
94.7,1,9,2,41
71.87,1,1,2,41
81.9,1,9,2,41
71.87,1,1,2,41
94.67,1,9,2,41
96.63,1,9,2,41
93.22,1,9,2,41
64.46,1,1,2,41
88.33,1,1,2,41
60.53,1,1,2,41
87.27,1,9,2,41
87.09,1,9,2,41
89.53,1,9,2,41
89.36,1,9,2,41
87.59,1,9,2,41
94.39,1,9,2,41
68.5,1,9,2,41
56.27,1,1,2,41
62.19,1,1,2,41
80.33,1,1,2,41
85.15,1,9,2,41
76.08,1,1,2,41
77.33,1,9,2,41
77.83,1,9,2,41
72.94,1,1,2,41
64.46,1,1,2,41
56.27,1,1,2,41
80.31,1,9,2,41
86.56,1,9,2,41
64.98,1,9,2,41
76.87,1,9,2,41
70.18,1,9,2,41
97.23,1,6,2,41
92.98,1,14,2,41
88.27,1,16,2,41
98.37,1,10,2,41
50.07,1,14,2,41
97.24,1,10,2,41
90.69,1,14,2,41
93.71,1,14,2,41
85.93,1,10,2,41
78.69,1,14,2,41
60.4,1,14,2,41
87.27,1,14,2,41
62.25,1,14,2,41
74.19,1,14,2,41
91.99,1,10,2,41
87.71,1,14,2,41
45.16,1,14,2,41
83.56,1,14,2,41
90.59,1,14,2,41
83.74,1,16,2,41
76.43,1,16,2,41
100.0,1,16,2,41
76.68,1,16,2,41
97.47,1,16,2,41
90.52,1,16,2,41
67.82,1,10,2,41
88.57,1,16,2,41
56.71,1,16,2,41
52.94,1,16,2,41
90.97,1,15,2,41
84.06,1,16,2,41
95.85,1,16,2,41
71.32,1,16,2,41
98.5,1,16,2,41
73.32,1,14,2,41
68.62,1,12,2,41
87.76,1,14,2,41
86.18,1,14,2,41
97.88,1,16,2,41
88.55,1,16,2,41
97.9,1,16,2,41
87.48,1,16,2,41
96.01,1,16,2,41
90.68,1,16,2,41
77.77,1,14,2,41
88.09,1,14,2,41
87.0,1,16,2,41
85.41,1,14,2,41
83.75,1,16,2,41
65.29,1,16,2,41
93.12,1,16,2,41
88.72,1,16,2,41
75.47,1,14,2,41
80.24,1,16,2,41
76.43,1,16,2,41
87.41,1,14,2,41
89.7,1,1,2,41
76.95,1,2,2,41
95.93,1,1,2,41
57.84,1,1,2,41
99.21,1,1,2,41
81.67,1,2,2,41
96.05,1,10,2,41
93.79,1,10,2,41
84.63,1,10,2,41
89.28,1,2,2,41
90.4,1,2,2,41
96.83,1,2,2,41
99.48,1,2,2,41
98.93,1,2,2,41
83.99,1,1,2,41
74.38,1,2,2,41
88.43,1,2,2,41
97.54,1,2,2,41
95.24,1,2,2,41
90.17,1,10,2,41
84.83,1,10,2,41
87.38,1,10,2,41
74.61,1,2,2,41
70.03,1,2,2,41
63.81,1,10,2,41
95.9,1,1,2,41
80.95,1,2,2,41
95.09,1,2,2,41
81.91,1,2,2,41
60.93,1,1,2,41
73.11,1,3,2,41
87.62,1,10,2,41
89.27,1,2,2,41
88.65,1,2,2,41
78.98,1,1,2,41
79.8,1,1,2,41
57.39,1,3,2,41
91.59,1,2,2,41
84.55,1,3,2,41
78.24,1,3,2,41
67.08,1,3,2,41
98.79,1,2,2,41
94.72,1,3,2,41
79.86,1,2,2,41
92.68,1,9,2,41
97.26,1,2,2,41
91.67,1,10,2,41
94.29,1,3,2,41
60.7,1,10,2,41
61.66,1,3,2,41
91.74,1,9,2,41
66.65,1,2,2,41
68.56,1,3,2,41
68.1,1,3,2,41
98.03,1,2,2,41
49.09,1,6,2,41
79.83,1,6,2,41
85.77,1,4,2,41
85.38,1,6,2,41
85.38,1,6,2,41
89.12,1,4,2,41
85.38,1,6,2,41
73.61,1,6,2,41
93.14,1,4,2,41
95.12,1,4,2,41
91.22,1,4,2,41
76.57,1,6,2,41
82.67,1,6,2,41
85.57,1,4,2,41
86.81,1,6,2,41
64.86,1,6,2,41
66.18,1,6,2,41
71.29,1,4,2,41
87.21,1,6,2,41
84.75,1,6,2,41
85.03,1,4,2,41
79.99,1,6,2,41
69.3,1,6,2,41
79.49,1,4,2,41
76.95,1,6,2,41
54.07,1,4,2,41
85.82,1,6,2,41
68.06,1,4,2,41
74.91,1,4,2,41
90.94,1,4,2,41
77.43,1,6,2,41
82.35,1,6,2,41
92.6,1,6,2,41
82.24,1,6,2,41
90.79,1,17,2,41
90.5,1,4,2,41
78.02,1,17,2,41
74.93,1,4,2,41
79.19,1,17,2,41
76.42,1,17,2,41
47.84,1,17,2,41
91.38,1,4,2,41
47.84,1,17,2,41
93.8,1,4,2,41
98.91,1,4,2,41
61.74,1,4,2,41
65.67,1,17,2,41
64.75,1,17,2,41
57.9,1,4,2,41
73.61,1,4,2,41
92.45,1,6,2,41
85.09,1,17,2,41
84.68,1,17,2,41
64.11,1,4,2,41
86.25,1,17,2,41
95.2,1,5,2,41
85.45,1,17,2,41
89.5,1,6,2,41
83.22,1,17,2,41
92.07,1,4,2,41
92.07,1,4,2,41
89.5,1,6,2,41
84.82,1,6,2,41
93.02,1,6,2,41
92.33,1,17,2,41
85.83,1,6,2,41
74.3,1,6,2,41
94.32,1,6,2,41
93.08,1,6,2,41
93.91,1,4,2,41
89.7,1,17,2,41
73.79,1,17,2,41
82.84,1,6,2,41
84.03,1,6,2,41
85.53,1,6,2,41
85.59,1,17,2,41
79.35,1,17,2,41
90.64,1,17,2,41
99.5,1,6,2,41
85.53,1,6,2,41
78.74,1,6,2,41
85.65,1,17,2,41
89.25,1,6,2,41
97.31,1,4,2,41
86.44,1,17,2,41
99.86,1,15,2,41
79.03,1,15,2,41
81.53,1,15,2,41
79.84,1,15,2,41
79.58,1,15,2,41
71.52,1,17,2,41
59.66,1,15,2,41
76.59,1,15,2,41
79.63,1,15,2,41
78.75,1,15,2,41
69.48,1,15,2,41
97.48,1,15,2,41
56.96,1,14,2,41
78.4,1,15,2,41
80.25,1,15,2,41
69.44,1,15,2,41
93.96,1,15,2,41
79.4,1,17,2,41
79.4,1,17,2,41
81.36,1,17,2,41
93.34,1,15,2,41
76.02,1,14,2,41
88.15,1,17,2,41
69.94,1,14,2,41
95.91,1,15,2,41
93.49,1,14,2,41
89.98,0,15,2,41
64.99,1,14,2,41
96.89,1,15,2,41
74.97,1,15,2,41
91.35,1,15,2,41
93.2,1,15,2,41
80.82,1,14,2,41
72.87,1,15,2,41
89.59,1,15,2,41
91.39,1,10,2,41
69.85,1,14,2,41
79.23,1,15,2,41
89.24,1,14,2,41
80.76,1,15,2,41
99.86,1,15,2,41
80.91,1,15,2,41
84.27,1,14,2,41
94.56,1,14,2,41
93.12,1,15,2,41
83.62,1,14,2,41
67.83,1,15,2,41
71.66,1,15,2,41
90.27,1,10,2,41
76.04,1,15,2,41
86.72,1,17,2,41
66.84,1,17,2,41
86.18,1,16,2,41
81.03,1,17,2,41
82.48,1,17,2,41
92.62,1,17,2,41
86.18,1,16,2,41
86.18,1,16,2,41
74.6,1,17,2,41
86.18,1,16,2,41
82.47,1,6,3,41
93.07,1,6,3,41
53.32,1,6,3,41
81.71,1,9,3,41
83.48,1,9,3,41
70.78,1,1,3,41
72.87,1,10,3,41
93.54,1,2,3,41
87.53,1,9,3,41
78.76,1,2,3,41
90.53,1,2,3,41
65.97,1,9,3,41
78.7,1,2,3,41
91.75,1,17,2,41
67.08,1,17,2,41
62.55,1,9,3,41
86.85,1,6,3,41
99.33,1,4,3,41
98.51,1,10,3,41
94.88,1,15,3,41
91.74,1,15,3,41
82.79,1,4,3,41
90.46,1,14,3,41
78.87,1,14,3,41
21.53,1,14,3,41
87.37,1,6,3,41
87.37,1,6,3,41
85.79,1,1,2,41
84.28,1,9,2,41
61.53,1,1,2,41
77.4,1,1,2,41
56.73,1,1,2,41
56.73,1,1,2,41
84.4,1,1,2,41
62.43,1,1,2,41
62.43,1,1,2,41
89.11,1,1,2,41
88.25,1,1,2,41
85.79,1,9,2,41
86.3,1,9,2,41
95.13,1,9,2,41
85.78,1,9,2,41
83.32,1,1,2,41
79.45,1,9,2,41
61.53,1,1,2,41
56.23,1,10,2,41
74.24,1,10,2,41
81.89,1,10,2,41
75.09,1,10,2,41
81.03,1,10,2,41
91.43,1,9,2,41
91.43,1,9,2,41
83.81,1,9,2,41
95.06,1,9,2,41
88.99,1,9,2,41
90.07,1,1,2,41
75.21,1,1,2,41
74.12,1,1,2,41
74.12,1,1,2,41
75.07,1,1,2,41
79.79,1,1,2,41
87.34,1,1,2,41
72.16,1,1,2,41
79.87,1,1,2,41
90.69,1,1,2,41
82.72,1,1,2,41
91.89,1,9,2,41
73.96,1,10,2,41
97.54,1,10,2,41
69.6,1,9,2,41
69.59,1,1,2,41
71.33,1,9,2,41
89.76,1,1,2,41
87.53,1,1,2,41
95.67,1,9,2,41
95.96,1,10,2,41
82.91,1,1,2,41
87.55,1,1,2,41
85.62,1,10,2,41
76.23,1,1,2,41
91.94,1,9,2,41
83.35,1,9,2,41
89.35,1,9,2,41
98.63,1,9,2,41
68.29,1,1,2,41
96.77,1,1,2,41
95.19,1,9,2,41
86.92,1,10,2,41
95.68,1,1,2,41
96.27,1,1,2,41
95.04,1,10,2,41
81.57,1,1,2,41
91.94,1,9,2,41
61.2,1,1,2,41
70.68,1,17,3,42
85.54,1,16,3,42
85.43,1,4,1,42
79.06,1,6,2,42
98.18,1,9,2,42
75.11,1,7,2,42
88.16,1,9,2,42
90.19,1,6,2,42
94.0,1,9,2,42
75.51,1,6,2,42
94.21,1,9,2,42
95.25,1,6,2,42
54.59,1,9,2,42
95.14,1,6,2,42
77.91,1,7,2,42
89.99,1,9,2,42
68.24,1,9,2,42
88.12,1,6,2,42
87.23,1,6,2,42
87.41,1,9,2,42
96.42,1,9,2,42
96.41,1,6,2,42
75.73,1,9,2,42
97.88,1,9,2,42
97.2,1,6,2,42
82.05,1,6,2,42
70.03,1,9,2,42
92.17,1,6,2,42
85.64,1,6,2,42
94.87,1,6,2,42
90.2,1,6,2,42
86.06,1,6,2,42
88.64,1,6,2,42
74.19,1,16,2,42
71.14,1,16,2,42
90.86,1,16,2,42
65.01,1,16,2,42
72.03,1,16,2,42
76.32,1,11,2,42
59.91,1,11,2,42
58.51,1,11,2,42
86.03,1,16,2,42
98.63,1,10,2,42
90.95,1,16,2,42
88.76,1,10,2,42
81.15,1,16,2,42
71.74,1,12,2,42
77.58,1,14,2,42
99.41,1,16,2,42
71.81,1,14,2,42
94.99,1,16,2,42
76.83,1,16,2,42
79.61,1,10,2,42
82.26,1,14,2,42
99.93,1,16,2,42
83.28,1,16,2,42
95.84,1,14,2,42
88.28,1,10,2,42
90.05,1,11,2,42
71.14,1,16,2,42
89.22,1,16,2,42
82.43,1,10,2,42
61.74,1,16,2,42
92.73,1,16,2,42
94.64,1,10,2,42
84.23,1,10,2,42
75.56,1,14,2,42
71.14,1,16,2,42
95.44,1,9,2,42
79.76,1,3,2,42
71.8,1,3,2,42
97.07,1,3,2,42
81.26,1,2,2,42
77.69,1,10,2,42
71.54,1,2,2,42
96.06,1,9,2,42
97.18,1,10,2,42
85.6,1,9,2,42
79.92,1,4,2,42
98.15,1,3,2,42
95.88,1,3,2,42
73.31,1,2,2,42
76.26,1,10,2,42
91.08,1,2,2,42
92.98,1,2,2,42
74.92,1,10,2,42
94.41,1,2,2,42
80.46,1,9,2,42
59.83,1,17,2,42
89.0,1,17,2,42
86.37,1,4,2,42
84.66,1,17,2,42
63.04,1,4,2,42
72.85,1,6,2,42
78.01,1,6,2,42
85.19,1,6,2,42
67.24,1,6,2,42
90.23,1,6,2,42
94.65,1,6,2,42
98.33,1,17,2,42
71.15,1,17,2,42
86.73,1,5,2,42
76.58,1,6,2,42
94.52,1,6,2,42
97.33,1,6,2,42
92.81,1,4,2,42
90.77,1,4,2,42
86.21,1,6,2,42
85.93,1,6,2,42
88.89,1,6,2,42
76.61,1,6,2,42
76.91,1,4,2,42
88.39,1,6,2,42
93.28,1,6,2,42
73.29,1,6,2,42
83.09,0,6,2,42
81.92,1,6,2,42
85.89,1,17,2,42
94.09,0,4,2,42
86.08,1,6,2,42
95.67,1,6,2,42
86.08,1,6,2,42
72.82,1,6,2,42
77.7,1,15,2,42
89.5,1,15,2,42
82.09,1,10,2,42
87.23,1,15,2,42
67.68,1,15,2,42
94.08,1,15,2,42
60.97,1,15,2,42
87.73,1,15,2,42
85.07,1,15,2,42
95.51,1,15,2,42
83.41,1,15,2,42
96.03,1,10,2,42
93.28,1,15,2,42
76.66,1,10,2,42
97.69,1,15,2,42
51.17,1,15,2,42
77.59,1,15,2,42
95.93,1,15,2,42
93.78,1,15,2,42
66.24,1,15,2,42
80.58,1,14,2,42
87.83,1,15,2,42
77.69,1,15,2,42
81.37,1,15,2,42
85.92,1,15,2,42
91.09,1,15,2,42
80.28,1,14,2,42
80.64,1,10,2,42
89.2,1,15,2,42
87.05,1,15,2,42
96.93,1,15,2,42
97.71,1,6,3,42
79.42,1,16,2,42
95.66,1,17,2,42
88.4,1,16,2,42
99.22,1,9,3,42
83.68,1,15,2,42
74.74,1,9,3,42
76.32,1,9,3,42
88.75,1,16,2,42
80.42,1,16,2,42
73.16,1,9,3,42
86.03,1,16,2,42
93.86,1,17,2,42
98.12,1,9,3,42
57.78,1,16,2,42
58.75,0,16,2,42
65.26,1,16,2,42
85.38,1,15,2,42
86.52,1,9,3,42
97.03,1,2,3,42
98.46,1,6,3,42
81.85,1,2,3,42
98.12,1,9,3,42
94.81,1,6,3,42
89.57,1,2,3,42
93.55,1,15,2,42
81.51,1,15,2,42
83.05,1,9,3,42
72.7,1,6,3,42
89.52,1,2,3,42
61.9,1,16,2,42
72.12,1,10,3,42
93.06,1,14,3,42
98.29,1,4,3,42
95.31,0,3,3,42
95.2,1,6,3,42
99.8,1,6,3,42
98.39,1,15,3,42
72.02,1,4,3,42
71.45,1,10,3,42
88.66,1,12,3,42
47.73,1,15,3,42
87.22,1,15,3,42
90.31,1,6,3,42
68.07,1,15,3,42
97.95,1,15,3,42
80.78,1,6,3,42
86.36,1,14,3,42
89.15,1,12,3,42
95.2,1,6,3,42
80.47,1,15,3,42
97.69,1,4,3,42
94.27,1,15,3,42
94.01,1,17,3,42
78.63,1,17,3,42
95.87,1,10,2,42
79.69,1,9,2,42
98.91,1,9,2,42
98.04,0,9,2,42
80.71,1,10,2,42
92.29,1,9,2,42
92.12,1,9,2,42
73.5,1,10,2,42
87.07,1,9,2,42
90.23,1,9,2,42
98.52,1,10,2,42
93.5,1,9,2,42
94.61,1,9,2,42
88.99,1,9,2,42
80.16,1,9,2,42
87.79,1,10,2,42
88.65,1,9,2,42
93.21,1,9,2,42
95.23,1,6,2,43
56.05,0,7,2,43
67.42,1,1,2,43
81.89,1,9,2,43
82.92,1,10,2,43
92.8,1,2,2,43
99.77,1,15,2,43
85.13,1,10,2,43
90.51,1,15,2,43
78.1,1,15,2,43
74.34,1,10,2,43
74.91,1,10,2,43
37.83,1,1,2,43
87.32,1,9,2,43
76.16,1,10,1,44
73.98,1,10,1,44
60.3,1,10,1,44
92.61,1,18,2,44
74.29,1,1,2,44
84.74,1,9,2,44
87.89,1,1,2,44
89.94,0,1,2,44
88.22,1,1,2,44
91.13,1,9,2,44
87.2,1,9,2,44
77.11,1,9,2,44
73.68,1,9,2,44
74.29,1,1,2,44
85.71,1,6,2,44
87.13,1,1,2,44
90.79,1,6,2,44
55.24,0,16,2,44
75.54,1,16,2,44
59.71,1,14,2,44
95.42,1,10,2,44
76.48,1,14,2,44
75.88,0,14,2,44
89.96,1,10,2,44
72.72,1,16,2,44
83.47,1,10,2,44
94.73,1,10,2,44
47.99,1,14,2,44
76.48,1,14,2,44
76.48,1,14,2,44
59.4,0,10,2,44
59.71,1,14,2,44
76.48,1,14,2,44
83.47,1,10,2,44
47.25,1,14,2,44
83.47,1,10,2,44
94.72,1,10,2,44
84.64,0,14,2,44
75.96,1,16,2,44
91.68,1,14,2,44
70.76,0,16,2,44
92.56,0,10,2,44
75.96,1,16,2,44
42.12,0,15,2,44
89.67,0,10,2,44
89.86,1,10,2,44
47.25,1,14,2,44
90.55,0,10,2,44
84.83,0,10,2,44
83.47,1,10,2,44
73.38,1,16,2,44
73.38,1,16,2,44
73.38,1,16,2,44
73.38,1,16,2,44
81.63,1,16,2,44
72.28,1,14,2,44
70.67,0,16,2,44
57.3,0,16,2,44
75.47,0,16,2,44
93.96,1,10,2,44
70.86,0,16,2,44
88.26,1,10,2,44
39.14,1,14,2,44
83.47,1,10,2,44
43.57,1,14,2,44
54.06,1,16,2,44
51.15,1,16,2,44
47.25,1,14,2,44
95.82,1,10,2,44
39.14,1,14,2,44
92.42,1,10,2,44
84.98,1,3,2,44
67.54,1,3,2,44
56.83,1,3,2,44
81.21,1,10,2,44
73.81,1,10,2,44
80.56,1,10,2,44
75.94,1,3,2,44
67.54,1,3,2,44
86.92,1,3,2,44
82.66,1,10,2,44
83.59,1,10,2,44
80.17,1,9,2,44
75.94,1,3,2,44
81.5,0,2,2,44
83.72,1,10,2,44
80.17,1,9,2,44
73.02,1,2,2,44
77.06,1,10,2,44
56.83,1,3,2,44
70.44,1,1,2,44
64.26,1,1,2,44
56.83,1,3,2,44
80.17,1,9,2,44
87.1,0,3,2,44
72.2,1,2,2,44
50.01,1,10,2,44
80.17,1,9,2,44
56.83,1,3,2,44
67.11,1,3,2,44
72.4,0,10,2,44
67.11,1,3,2,44
82.84,1,10,2,44
73.82,0,2,2,44
41.61,1,10,2,44
86.25,1,10,2,44
76.91,1,10,2,44
60.18,1,9,2,44
60.79,1,9,2,44
83.73,1,10,2,44
61.16,1,9,2,44
82.21,1,3,2,44
76.3,1,10,2,44
81.66,1,10,2,44
56.83,1,3,2,44
60.49,1,9,2,44
41.61,1,10,2,44
70.44,1,1,2,44
67.95,1,10,2,44
41.61,1,10,2,44
51.6,1,3,2,44
52.68,1,3,2,44
40.51,1,10,2,44
73.43,0,10,2,44
25.19,1,1,2,44
67.54,1,3,2,44
67.54,1,3,2,44
81.68,1,3,2,44
79.56,0,1,2,44
67.54,1,3,2,44
67.11,1,3,2,44
61.47,1,17,2,44
77.22,1,17,2,44
68.98,1,17,2,44
94.44,0,6,2,44
94.35,1,6,2,44
65.67,1,17,2,44
97.74,1,6,2,44
80.97,1,17,2,44
94.35,1,6,2,44
87.71,1,18,2,44
94.35,1,6,2,44
72.85,1,6,2,44
96.17,1,6,2,44
66.9,1,6,2,44
67.2,1,6,2,44
81.55,1,6,2,44
62.95,1,6,2,44
96.91,1,6,2,44
94.79,1,4,2,44
67.11,1,3,2,44
80.86,1,17,2,44
67.11,1,3,2,44
62.96,1,17,2,44
86.92,0,4,2,44
58.92,1,17,2,44
77.34,1,6,2,44
78.47,1,6,2,44
89.63,0,4,2,44
94.22,1,6,2,44
76.72,1,4,2,44
57.94,1,6,2,44
75.39,1,17,2,44
66.53,0,6,2,44
73.07,0,17,2,44
73.69,1,18,2,44
93.5,1,6,2,44
51.34,1,17,2,44
75.39,1,17,2,44
67.97,0,4,2,44
75.39,1,17,2,44
88.0,0,17,2,44
50.65,0,17,2,44
80.86,1,17,2,44
68.98,1,17,2,44
68.98,1,17,2,44
62.96,1,17,2,44
62.96,1,17,2,44
62.96,1,17,2,44
62.96,1,17,2,44
84.6,1,4,2,44
61.85,1,18,2,44
97.9,1,6,2,44
80.97,1,17,2,44
52.96,1,17,2,44
74.2,0,6,2,44
85.14,1,15,2,44
74.68,0,10,2,44
65.28,1,15,2,44
65.28,1,15,2,44
72.81,1,15,2,44
80.66,1,10,2,44
94.74,1,10,2,44
80.36,1,14,2,44
85.64,1,17,2,44
83.05,1,15,2,44
66.42,1,15,2,44
70.98,0,15,2,44
48.17,0,15,2,44
81.46,1,14,2,44
87.44,1,15,2,44
81.46,1,14,2,44
88.49,1,17,2,44
88.64,1,17,2,44
81.46,1,14,2,44
73.2,1,15,2,44
67.45,0,15,2,44
96.62,1,18,2,44
73.39,1,15,2,44
76.42,0,15,2,44
82.99,0,17,2,44
97.26,1,10,2,44
58.08,1,15,2,44
95.15,0,10,2,44
86.63,1,17,2,44
73.98,0,10,2,44
87.85,1,15,2,44
83.05,1,15,2,44
82.11,1,18,2,44
95.42,1,10,2,44
82.11,1,18,2,44
77.48,1,15,2,44
84.2,1,15,2,44
72.07,1,15,2,44
95.63,1,18,2,44
85.14,1,15,2,44
79.07,0,15,2,44
66.54,1,16,2,44
68.86,0,16,2,44
54.71,1,16,2,44
57.53,1,16,2,44
88.32,1,16,2,44
73.47,1,1,3,44
43.88,1,16,2,44
88.32,1,16,2,44
53.94,0,1,3,44
88.32,1,16,2,44
88.32,1,16,2,44
62.07,1,1,3,44
83.35,1,1,3,44
36.75,1,16,2,44
70.19,1,16,2,44
50.36,1,16,2,44
92.55,1,16,2,44
23.58,0,15,2,44
88.32,1,16,2,44
99.01,1,1,3,44
46.48,1,16,2,44
88.32,1,16,2,44
88.32,1,16,2,44
88.32,1,16,2,44
70.96,1,15,3,44
61.73,0,17,3,44
87.15,1,14,3,44
88.48,1,14,3,44
83.88,1,14,3,44
79.92,1,14,3,44
88.48,1,14,3,44
76.93,1,3,3,44
87.15,1,14,3,44
76.82,1,3,3,44
88.48,1,14,3,44
85.54,1,4,3,44
88.48,1,14,3,44
88.48,1,14,3,44
81.82,1,10,3,44
89.53,1,1,2,44
60.36,0,1,2,44
80.6,1,1,2,44
46.96,0,1,2,44
79.46,1,1,2,44
97.42,1,10,2,44
77.36,1,9,2,44
61.36,1,1,2,44
92.13,1,10,2,44
86.37,1,1,2,44
84.97,1,10,2,44
86.49,1,10,2,44
82.96,1,10,2,44
89.02,1,9,2,44
80.83,1,9,2,44
75.93,1,10,2,44
53.14,0,9,2,44
78.43,1,1,2,44
82.43,1,10,2,44
78.16,1,10,2,44
87.81,1,9,2,44
36.14,0,1,2,44
66.6,1,9,2,44
82.24,1,10,2,44
81.26,1,9,2,44
85.67,1,10,2,44
83.92,1,1,2,44
85.6,1,10,2,44
85.39,1,10,2,44
80.01,1,10,2,44
53.22,1,1,2,44
69.68,1,9,2,44
78.49,1,9,2,44
84.42,1,10,2,44
83.59,1,9,2,44
66.6,1,9,2,44
79.46,1,1,2,44
61.48,0,9,2,44
34.19,0,1,2,44
79.5,1,1,2,44
76.99,1,9,2,44
98.27,1,10,2,44
62.6,0,1,2,44
95.61,1,10,2,44
88.68,0,1,2,44
53.92,0,10,2,44
77.25,1,9,2,44
76.84,1,1,2,44
98.44,1,10,2,44
53.55,1,1,2,44
73.37,1,9,2,44
53.02,0,1,2,44
72.9,1,10,2,44
60.07,0,1,2,44
66.6,1,9,2,44
88.83,1,1,2,44
34.57,1,1,2,44
89.01,1,9,2,44
64.41,1,1,2,44
69.38,1,1,2,44
45.33,0,1,2,44
68.3,0,16,3,45
67.21,0,15,3,45
76.34,1,16,3,45
47.2,0,9,1,45
75.46,1,6,1,45
68.54,1,6,1,45
67.98,1,1,1,45
95.41,1,1,1,45
96.67,1,18,1,45
64.06,0,6,2,45
98.29,1,9,2,45
87.64,1,9,2,45
98.13,1,6,2,45
63.35,1,1,2,45
88.43,1,6,2,45
85.64,1,6,2,45
63.13,0,9,2,45
87.94,1,6,2,45
88.64,1,9,2,45
90.35,1,9,2,45
98.94,1,9,2,45
82.3,1,6,2,45
99.15,1,9,2,45
61.56,1,9,2,45
95.87,1,9,2,45
87.66,1,9,2,45
91.98,1,9,2,45
74.4,1,6,2,45
62.02,1,6,2,45
92.02,1,6,2,45
88.62,1,9,2,45
77.69,1,1,2,45
99.56,1,9,2,45
94.01,1,6,2,45
74.61,1,6,2,45
88.64,1,9,2,45
84.63,1,9,2,45
86.41,1,6,2,45
89.98,1,1,2,45
75.45,1,9,2,45
71.68,1,9,2,45
58.46,1,1,2,45
71.68,1,9,2,45
98.9,1,6,2,45
94.01,1,6,2,45
97.27,1,9,2,45
77.86,1,6,2,45
88.49,1,9,2,45
82.45,1,9,2,45
93.54,1,9,2,45
94.6,1,6,2,45
84.62,1,9,2,45
88.56,1,9,2,45
60.6,1,1,2,45
56.45,1,1,2,45
64.71,1,9,2,45
86.57,1,9,2,45
64.46,1,1,2,45
76.78,1,9,2,45
95.06,1,9,2,45
93.03,1,6,2,45
70.21,1,1,2,45
80.03,1,6,2,45
81.91,1,9,2,45
90.82,1,9,2,45
64.37,0,6,2,45
89.14,1,9,2,45
77.72,1,1,2,45
88.56,1,9,2,45
71.87,1,1,2,45
95.33,1,9,2,45
94.85,1,9,2,45
85.07,1,1,2,45
98.75,1,9,2,45
79.47,1,6,2,45
94.7,1,9,2,45
88.56,1,9,2,45
69.99,1,1,2,45
75.45,1,9,2,45
92.97,1,9,2,45
91.04,1,6,2,45
71.73,1,1,2,45
82.78,1,1,2,45
97.38,1,9,2,45
95.73,1,9,2,45
69.6,1,9,2,45
88.64,1,9,2,45
84.06,1,9,2,45
88.21,1,9,2,45
80.03,1,6,2,45
86.76,1,1,2,45
72.0,1,9,2,45
85.21,1,1,2,45
79.47,1,6,2,45
66.06,1,9,2,45
74.73,1,9,2,45
96.98,1,1,2,45
76.95,1,9,2,45
86.54,1,9,2,45
83.69,1,9,2,45
61.84,1,9,2,45
68.88,1,8,2,45
99.22,1,6,2,45
76.08,1,1,2,45
92.26,1,9,2,45
84.96,1,9,2,45
95.22,1,9,2,45
63.46,1,1,2,45
76.87,1,9,2,45
60.53,1,1,2,45
98.94,1,16,2,45
79.47,1,16,2,45
76.58,1,16,2,45
81.57,1,11,2,45
82.15,1,16,2,45
86.19,1,16,2,45
97.06,1,16,2,45
85.98,1,16,2,45
84.5,1,16,2,45
77.72,1,16,2,45
86.32,1,16,2,45
90.93,1,16,2,45
65.08,1,16,2,45
85.47,1,15,2,45
94.05,1,16,2,45
95.4,1,16,2,45
94.04,1,16,2,45
68.67,1,16,2,45
85.53,1,11,2,45
92.1,0,14,2,45
76.19,0,12,2,45
86.0,1,16,2,45
76.21,1,16,2,45
89.58,1,12,2,45
92.98,1,14,2,45
89.58,1,12,2,45
92.31,1,16,2,45
87.0,1,16,2,45
93.66,1,16,2,45
88.24,1,14,2,45
94.35,1,16,2,45
88.23,1,14,2,45
83.68,1,16,2,45
96.77,1,16,2,45
78.78,1,14,2,45
91.94,1,14,2,45
59.89,1,16,2,45
85.73,1,16,2,45
82.07,1,14,2,45
63.83,1,16,2,45
65.15,1,16,2,45
83.53,1,16,2,45
72.56,1,14,2,45
85.21,1,16,2,45
86.47,1,14,2,45
84.36,1,14,2,45
75.56,1,14,2,45
76.83,1,16,2,45
73.64,1,14,2,45
91.25,1,16,2,45
90.17,1,16,2,45
89.01,1,14,2,45
83.43,1,14,2,45
83.58,0,14,2,45
62.48,1,10,2,45
77.54,1,10,2,45
86.76,1,14,2,45
61.85,1,14,2,45
75.54,1,14,2,45
93.41,1,16,2,45
60.81,1,14,2,45
80.18,1,14,2,45
76.0,1,14,2,45
88.27,1,16,2,45
80.44,1,16,2,45
73.66,1,16,2,45
72.88,1,14,2,45
90.68,1,16,2,45
82.49,1,10,2,45
85.35,1,16,2,45
43.89,1,14,2,45
66.69,1,14,2,45
82.56,1,10,2,45
80.68,1,14,2,45
86.03,1,16,2,45
87.65,1,14,2,45
88.51,1,14,2,45
68.79,1,14,2,45
35.19,1,10,2,45
73.97,1,16,2,45
88.28,1,16,2,45
75.8,1,14,2,45
91.07,1,14,2,45
100.0,1,16,2,45
88.78,1,14,2,45
69.82,1,10,2,45
84.13,1,14,2,45
73.63,1,14,2,45
96.15,1,14,2,45
71.75,1,16,2,45
60.79,1,10,2,45
76.67,0,9,2,45
75.85,1,2,2,45
84.74,1,3,2,45
97.25,1,10,2,45
83.49,1,3,2,45
70.94,1,3,2,45
92.38,1,1,2,45
99.11,1,3,2,45
98.64,1,3,2,45
85.73,1,4,2,45
82.59,1,3,2,45
60.9,1,1,2,45
88.9,1,9,2,45
93.83,1,10,2,45
78.66,1,3,2,45
85.04,1,9,2,45
92.89,1,9,2,45
62.87,1,2,2,45
70.82,1,1,2,45
86.64,1,3,2,45
61.9,1,2,2,45
89.59,1,10,2,45
86.87,1,2,2,45
57.41,1,2,2,45
93.72,1,1,2,45
83.74,1,2,2,45
87.57,1,2,2,45
87.57,1,2,2,45
79.1,1,2,2,45
88.79,1,2,2,45
58.28,1,2,2,45
94.08,1,9,2,45
91.82,1,2,2,45
85.61,1,3,2,45
78.51,1,2,2,45
96.7,1,3,2,45
82.64,1,3,2,45
70.82,1,2,2,45
85.59,1,2,2,45
79.59,1,2,2,45
81.47,1,2,2,45
88.39,1,2,2,45
77.71,1,2,2,45
86.87,1,2,2,45
82.81,1,9,2,45
72.55,1,10,2,45
91.82,1,2,2,45
94.85,0,1,2,45
88.28,1,1,2,45
96.78,1,10,2,45
47.42,1,2,2,45
96.42,1,2,2,45
94.18,1,9,2,45
94.92,1,1,2,45
57.42,1,3,2,45
95.15,0,2,2,45
69.32,1,2,2,45
83.4,1,9,2,45
91.82,1,2,2,45
79.9,1,1,2,45
74.49,1,10,2,45
71.35,1,2,2,45
68.05,1,2,2,45
81.36,1,2,2,45
75.7,1,2,2,45
86.13,1,1,2,45
86.08,1,9,2,45
71.11,1,10,2,45
79.29,1,2,2,45
77.08,1,10,2,45
89.5,1,10,2,45
98.21,1,2,2,45
47.01,1,10,2,45
96.15,1,2,2,45
94.79,1,2,2,45
83.95,1,2,2,45
86.25,1,2,2,45
90.47,1,2,2,45
81.72,1,2,2,45
77.21,1,3,2,45
87.86,1,6,2,45
81.35,0,6,2,45
89.88,1,17,2,45
95.05,1,17,2,45
78.04,1,4,2,45
93.09,1,4,2,45
52.34,1,6,2,45
97.01,1,17,2,45
53.36,1,17,2,45
72.76,1,4,2,45
47.99,1,17,2,45
69.42,1,17,2,45
56.75,1,17,2,45
75.46,1,4,2,45
68.62,1,4,2,45
60.85,1,17,2,45
53.95,1,17,2,45
89.81,1,17,2,45
95.39,1,17,2,45
88.3,1,17,2,45
82.38,1,18,2,45
56.71,1,4,2,45
80.18,1,17,2,45
85.39,1,17,2,45
85.55,1,6,2,45
94.61,1,6,2,45
72.26,1,4,2,45
74.21,1,4,2,45
81.36,1,4,2,45
96.56,1,6,2,45
82.03,1,6,2,45
79.48,1,6,2,45
73.75,1,6,2,45
40.7,1,4,2,45
56.76,1,6,2,45
94.51,1,17,2,45
68.96,1,4,2,45
82.84,1,6,2,45
57.07,1,6,2,45
96.73,1,6,2,45
73.03,1,4,2,45
71.34,1,6,2,45
80.91,1,6,2,45
92.6,1,6,2,45
94.1,1,3,2,45
95.59,1,4,2,45
69.42,1,6,2,45
72.92,1,4,2,45
84.08,1,4,2,45
79.03,1,17,2,45
83.58,1,4,2,45
74.01,1,6,2,45
79.6,1,17,2,45
93.87,1,4,2,45
70.29,1,6,2,45
95.3,1,6,2,45
80.15,1,3,2,45
68.07,1,4,2,45
90.16,1,6,2,45
67.48,1,6,2,45
87.16,1,6,2,45
87.81,1,6,2,45
94.48,1,6,2,45
81.92,1,6,2,45
94.03,1,17,2,45
67.67,1,6,2,45
81.16,1,6,2,45
84.5,1,4,2,45
77.57,1,6,2,45
89.7,1,17,2,45
82.84,1,6,2,45
76.48,1,17,2,45
71.53,1,3,2,45
78.15,1,3,2,45
95.91,1,4,2,45
72.36,1,4,2,45
76.53,1,6,2,45
97.33,1,6,2,45
71.98,1,6,2,45
64.79,1,6,2,45
99.34,1,6,2,45
82.71,1,17,2,45
76.75,1,4,2,45
93.65,1,4,2,45
64.14,0,6,2,45
98.53,1,17,2,45
78.82,1,17,2,45
87.23,1,17,2,45
93.53,1,15,2,45
85.79,0,15,2,45
85.26,1,14,2,45
98.96,1,15,2,45
79.4,1,17,2,45
75.33,1,15,2,45
79.4,1,17,2,45
92.8,1,15,2,45
73.54,1,14,2,45
67.95,1,10,2,45
93.32,1,15,2,45
90.44,1,10,2,45
53.31,0,15,2,45
73.54,1,14,2,45
88.57,1,10,2,45
99.86,1,15,2,45
94.32,1,15,2,45
79.41,1,15,2,45
75.6,1,15,2,45
78.04,1,15,2,45
84.14,1,14,2,45
86.56,0,15,2,45
95.04,1,15,2,45
92.91,1,15,2,45
95.91,1,15,2,45
68.87,1,14,2,45
75.39,1,15,2,45
82.85,1,15,2,45
71.38,1,15,2,45
82.53,1,15,2,45
81.71,1,14,2,45
85.73,1,14,2,45
68.49,1,15,2,45
58.37,1,14,2,45
90.36,1,17,2,45
86.37,1,15,2,45
79.34,1,15,2,45
89.82,1,15,2,45
91.71,1,14,2,45
81.0,1,15,2,45
97.51,1,15,2,45
95.93,1,15,2,45
89.51,1,17,2,45
66.05,1,15,2,45
98.06,1,15,2,45
86.72,1,17,2,45
59.25,1,17,2,45
94.88,1,15,2,45
66.84,1,17,2,45
87.24,1,15,2,45
94.96,1,15,2,45
68.85,1,15,2,45
90.7,1,15,2,45
96.78,1,15,2,45
96.74,1,15,2,45
69.9,1,14,2,45
83.5,1,14,2,45
71.26,1,15,2,45
87.82,1,15,2,45
90.36,1,15,2,45
88.77,1,17,2,45
80.92,1,15,2,45
93.0,1,15,2,45
81.71,1,15,2,45
56.88,1,15,2,45
93.13,0,15,2,45
93.01,1,15,2,45
56.96,1,14,2,45
76.96,1,15,2,45
79.39,1,15,2,45
82.89,1,15,2,45
90.04,0,14,2,45
89.17,1,17,2,45
91.76,1,17,2,45
61.21,1,15,2,45
78.25,1,17,2,45
89.04,1,15,2,45
76.4,1,17,2,45
82.65,1,15,2,45
79.77,1,15,2,45
86.69,1,15,2,45
79.47,1,15,2,45
92.83,1,15,2,45
88.45,1,9,3,45
74.53,1,16,2,45
91.75,1,17,2,45
82.78,1,2,3,45
89.4,1,16,2,45
99.08,1,9,3,45
71.25,1,9,3,45
87.31,1,9,3,45
83.62,1,9,3,45
82.31,1,9,3,45
82.11,1,9,3,45
99.08,1,9,3,45
76.65,1,9,3,45
96.81,1,6,3,45
82.48,1,17,2,45
96.78,1,9,3,45
82.62,1,16,2,45
82.48,1,17,2,45
84.39,1,2,3,45
59.97,1,9,3,45
67.08,1,17,2,45
89.38,0,16,2,45
98.12,1,9,3,45
86.52,1,2,3,45
74.11,1,2,3,45
92.62,1,17,2,45
96.81,1,6,3,45
70.78,1,1,3,45
97.48,1,6,3,45
68.76,1,2,3,45
72.74,1,2,3,45
89.15,1,1,3,45
97.48,1,6,3,45
90.33,1,16,2,45
87.39,1,1,3,45
65.94,1,9,3,45
81.3,0,9,3,45
87.51,1,2,3,45
83.6,1,2,3,45
64.63,1,10,3,45
92.42,0,15,2,45
47.62,1,1,3,45
72.8,1,2,3,45
72.8,1,2,3,45
95.61,1,6,3,45
95.61,1,6,3,45
92.18,1,6,3,45
89.27,1,16,2,45
83.0,1,2,3,45
87.51,1,16,2,45
78.8,1,16,2,45
86.36,1,2,3,45
58.96,1,16,2,45
93.73,1,1,3,45
81.07,1,2,3,45
59.53,1,16,2,45
92.37,1,16,2,45
97.91,1,9,3,45
96.97,1,15,3,45
24.32,1,14,3,45
99.7,1,4,3,45
82.66,1,4,3,45
98.9,1,4,3,45
80.98,1,15,3,45
90.95,1,6,3,45
87.64,1,6,3,45
87.64,1,6,3,45
85.13,1,14,3,45
87.64,1,6,3,45
87.64,1,6,3,45
77.55,1,17,3,45
92.67,1,17,3,45
90.37,1,14,3,45
87.21,1,17,3,45
78.85,1,17,3,45
97.64,1,6,3,45
83.96,1,6,3,45
87.16,1,6,3,45
96.96,1,15,3,45
92.54,1,6,3,45
71.36,0,15,3,45
82.32,1,6,3,45
47.73,1,15,3,45
87.64,1,6,3,45
83.16,1,15,3,45
62.92,1,14,3,45
79.45,1,1,2,45
75.99,1,1,2,45
89.22,1,10,2,45
67.84,1,10,2,45
77.04,1,10,2,45
80.85,1,10,2,45
76.82,1,10,2,45
82.66,1,10,2,45
81.01,1,10,2,45
88.17,1,1,2,45
61.9,1,1,2,45
69.9,1,10,2,45
82.51,1,1,2,45
78.78,1,1,2,45
61.9,1,1,2,45
59.5,0,1,2,45
85.61,1,1,2,45
56.0,1,10,2,45
96.81,1,10,2,45
98.67,1,9,2,45
93.21,1,10,2,45
82.57,1,1,2,45
74.26,1,1,2,45
58.97,1,1,2,45
31.51,1,1,2,45
91.82,1,9,2,45
83.17,1,1,2,45
89.31,1,9,2,45
58.17,1,9,2,45
69.88,1,9,2,45
89.26,1,10,2,45
61.2,1,1,2,45
79.85,1,9,2,45
82.41,1,9,2,45
60.52,1,9,2,45
84.35,1,9,2,45
61.2,1,1,2,45
79.88,1,9,2,45
94.73,1,10,2,45
60.94,1,1,2,45
71.39,1,10,2,45
84.87,1,9,2,45
73.05,1,9,2,45
72.91,1,9,2,45
93.5,1,9,2,45
98.81,1,9,2,45
83.32,1,1,2,45
84.13,1,9,2,45
90.14,1,9,2,45
87.56,1,9,2,45
72.72,1,1,2,45
88.99,1,9,2,45
69.89,1,9,2,45
78.78,1,1,2,45
80.55,1,9,2,45
98.06,1,1,2,45
78.09,1,1,2,45
85.54,1,9,2,45
67.15,1,9,2,45
85.35,1,1,2,45
89.01,1,10,2,45
71.17,1,9,2,45
68.73,1,9,2,45
81.02,1,1,2,45
81.4,1,9,2,45
68.99,1,1,2,45
77.83,1,1,2,45
63.57,1,1,2,45
89.39,1,1,2,45
96.3,1,9,2,45
96.32,1,1,2,45
94.21,1,9,2,45
91.76,1,9,2,45
93.86,1,10,2,45
91.37,1,9,2,45
80.74,1,1,2,45
70.16,0,1,2,45
79.51,1,10,2,45
90.97,1,1,2,45
87.84,1,1,2,45
91.69,1,1,2,45
83.74,1,1,2,45
75.72,1,1,2,45
73.46,1,10,2,45
83.9,1,1,2,45
73.85,1,10,2,45
72.17,1,1,2,45
70.77,1,1,2,45
95.47,1,9,2,45
70.77,1,1,2,45
95.66,1,1,2,45
62.75,1,1,2,45
86.27,1,9,2,45
60.93,1,1,2,45
73.8,1,10,2,45
62.55,1,1,2,45
70.04,1,1,2,45
91.43,1,10,2,45
94.13,1,10,2,45
46.88,1,1,2,45
88.83,1,9,2,45
87.8,1,10,2,45
56.73,1,1,2,45
54.53,1,1,2,45
61.53,1,1,2,45
99.93,1,10,2,45
69.69,1,1,2,45
65.34,1,16,3,46
62.38,1,16,3,46
87.12,1,16,3,46
91.87,1,16,2,46
43.77,1,1,2,46
79.02,1,2,2,46
74.18,1,10,2,46
86.03,1,1,2,46
87.89,1,10,2,46
93.97,1,1,2,46
86.31,1,10,2,46
75.18,1,10,2,46
60.23,1,1,3,46
73.08,0,2,3,46
70.83,1,2,3,46
61.72,1,1,3,46
77.13,1,6,3,46
45.99,1,10,3,46
61.29,1,10,3,46
60.23,1,1,3,46
60.23,1,1,3,46
60.23,1,1,3,46
60.23,1,1,3,46
55.49,1,1,3,46
55.49,1,1,3,46
55.49,1,1,3,46
57.98,1,1,3,46
55.49,1,1,3,46
55.49,1,1,3,46
74.79,1,9,3,46
79.27,1,9,3,46
76.97,1,9,3,46
96.64,1,6,3,46
77.13,1,6,3,46
91.49,1,6,3,46
91.49,1,6,3,46
96.64,1,6,3,46
50.58,1,1,3,46
92.25,0,18,3,46
94.35,1,18,3,46
71.34,1,14,3,46
84.63,1,4,3,46
77.58,1,14,3,46
92.31,1,3,3,46
78.61,1,15,3,46
80.92,1,15,3,46
88.84,1,15,3,46
59.77,1,14,3,46
57.5,1,1,2,46
69.7,1,1,2,46
54.86,1,10,2,46
62.17,1,1,2,46
62.78,1,1,2,46
64.78,1,1,2,46
62.6,1,1,2,46
91.85,1,10,2,46
58.26,1,10,2,46
80.12,1,1,2,46
82.17,1,1,2,46
42.76,1,1,2,46
71.73,1,1,2,46
58.72,1,10,2,46
82.17,1,1,2,46
46.8,1,1,2,46
86.57,1,16,3,47
49.83,1,16,3,47
75.19,1,15,3,47
85.62,1,16,3,47
88.78,1,17,3,47
88.78,1,17,3,47
92.29,1,1,2,47
91.09,1,9,2,47
97.03,1,6,2,47
85.19,1,6,2,47
86.78,1,9,2,47
99.33,1,18,2,47
78.33,0,18,2,47
83.27,1,18,2,47
88.0,1,18,2,47
82.47,1,8,2,47
97.21,1,18,2,47
86.57,1,1,2,47
90.88,1,8,2,47
87.83,1,1,2,47
96.28,1,6,2,47
64.71,1,9,2,47
99.37,1,6,2,47
92.86,1,6,2,47
90.73,1,6,2,47
89.8,1,9,2,47
96.6,1,6,2,47
84.14,1,9,2,47
84.59,1,6,2,47
89.92,1,6,2,47
79.57,1,6,2,47
91.26,1,6,2,47
89.76,1,6,2,47
44.52,1,6,2,47
73.79,1,6,2,47
78.87,1,6,2,47
77.19,1,1,2,47
86.57,1,1,2,47
66.95,1,6,2,47
89.46,1,6,2,47
98.97,1,6,2,47
90.5,1,6,2,47
78.79,1,6,2,47
88.38,1,6,2,47
95.95,1,9,2,47
95.91,1,6,2,47
74.66,1,6,2,47
99.32,1,6,2,47
79.37,1,6,2,47
90.75,1,1,2,47
69.8,1,6,2,47
69.8,1,6,2,47
69.8,1,6,2,47
72.22,1,6,2,47
60.6,1,9,2,47
92.23,1,9,2,47
86.61,1,18,2,47
95.44,1,9,2,47
98.59,1,18,2,47
72.22,1,6,2,47
81.52,1,6,2,47
71.93,1,6,2,47
88.91,1,6,2,47
81.61,1,6,2,47
98.03,1,6,2,47
82.73,1,9,2,47
72.86,1,6,2,47
71.84,1,6,2,47
71.84,1,6,2,47
79.99,1,6,2,47
81.09,1,7,2,47
66.97,1,9,2,47
80.74,1,7,2,47
67.06,1,7,2,47
81.56,1,7,2,47
84.03,1,7,2,47
82.03,1,7,2,47
83.67,1,7,2,47
75.82,1,7,2,47
66.14,1,9,2,47
76.33,1,7,2,47
81.82,1,9,2,47
74.97,1,9,2,47
83.89,1,9,2,47
87.44,1,9,2,47
91.27,1,9,2,47
98.6,1,9,2,47
84.36,1,9,2,47
75.33,1,9,2,47
90.48,1,9,2,47
74.74,1,9,2,47
92.19,1,9,2,47
95.25,1,6,2,47
93.31,1,9,2,47
92.4,1,9,2,47
84.72,1,9,2,47
85.95,1,9,2,47
96.45,1,9,2,47
85.34,1,9,2,47
92.32,1,6,2,47
92.72,1,9,2,47
97.32,1,9,2,47
98.5,1,9,2,47
90.2,1,9,2,47
92.5,1,6,2,47
58.63,1,6,2,47
92.6,1,9,2,47
43.62,1,1,2,47
88.24,1,9,2,47
60.72,1,1,2,47
85.65,1,1,2,47
73.97,1,1,2,47
81.95,1,9,2,47
85.77,1,1,2,47
95.46,1,9,2,47
89.23,1,9,2,47
89.33,1,1,2,47
76.41,1,9,2,47
86.57,1,1,2,47
98.44,1,9,2,47
98.44,1,9,2,47
89.46,1,6,2,47
85.7,1,9,2,47
55.85,1,1,2,47
64.45,1,1,2,47
94.81,1,6,2,47
96.35,1,9,2,47
86.73,1,9,2,47
86.73,1,9,2,47
93.36,1,9,2,47
95.39,1,6,2,47
67.88,1,9,2,47
88.9,1,6,2,47
95.44,1,9,2,47
80.96,1,16,2,47
75.85,1,16,2,47
84.02,1,14,2,47
90.75,1,14,2,47
67.1,1,16,2,47
42.43,1,10,2,47
42.08,1,10,2,47
88.39,1,16,2,47
89.04,1,16,2,47
80.58,1,10,2,47
89.6,1,10,2,47
90.55,1,10,2,47
87.75,1,10,2,47
93.22,1,10,2,47
92.54,1,16,2,47
89.05,1,10,2,47
80.35,1,10,2,47
92.85,1,10,2,47
99.16,1,10,2,47
88.8,1,10,2,47
95.15,1,10,2,47
88.35,1,16,2,47
55.91,1,10,2,47
92.87,0,16,2,47
64.19,1,10,2,47
90.84,1,16,2,47
54.38,1,14,2,47
74.37,1,11,2,47
99.61,1,11,2,47
99.61,1,11,2,47
72.84,1,16,2,47
88.35,1,16,2,47
69.79,1,14,2,47
67.38,1,12,2,47
63.62,1,12,2,47
81.14,1,12,2,47
86.25,1,12,2,47
94.36,1,13,2,47
86.75,1,14,2,47
83.51,1,16,2,47
95.49,1,16,2,47
70.31,1,14,2,47
84.47,1,14,2,47
81.08,0,14,2,47
75.41,1,10,2,47
75.74,1,10,2,47
81.53,1,10,2,47
86.67,1,14,2,47
97.18,1,14,2,47
88.21,1,10,2,47
92.69,1,14,2,47
78.05,1,10,2,47
81.35,1,14,2,47
77.29,1,10,2,47
88.17,1,16,2,47
84.31,1,14,2,47
90.89,1,16,2,47
93.81,1,14,2,47
94.43,1,16,2,47
99.77,1,16,2,47
83.16,1,16,2,47
93.33,1,14,2,47
78.38,1,14,2,47
87.66,1,11,2,47
87.09,1,11,2,47
83.9,1,11,2,47
49.39,1,14,2,47
81.24,1,14,2,47
89.75,1,14,2,47
84.47,1,14,2,47
76.35,1,14,2,47
51.37,1,10,2,47
81.76,1,14,2,47
82.96,1,11,2,47
82.03,1,14,2,47
68.7,1,14,2,47
96.85,1,10,2,47
75.61,1,14,2,47
86.81,1,16,2,47
98.68,1,16,2,47
97.42,1,16,2,47
79.16,1,16,2,47
93.13,1,16,2,47
86.51,1,16,2,47
72.77,1,16,2,47
80.96,1,16,2,47
80.22,1,10,2,47
94.84,1,14,2,47
58.15,1,16,2,47
94.39,1,16,2,47
79.7,1,16,2,47
94.55,1,16,2,47
87.12,1,16,2,47
69.8,1,14,2,47
98.49,1,16,2,47
96.74,1,16,2,47
96.83,1,16,2,47
71.04,1,16,2,47
78.89,1,16,2,47
72.91,1,16,2,47
74.18,1,16,2,47
57.49,1,16,2,47
90.66,1,15,2,47
73.32,1,16,2,47
40.2,1,16,2,47
73.59,1,16,2,47
89.97,1,16,2,47
94.02,1,16,2,47
81.98,1,15,2,47
86.42,1,16,2,47
89.19,1,16,2,47
75.85,1,16,2,47
63.21,1,16,2,47
60.86,1,2,2,47
99.11,1,2,2,47
86.09,1,10,2,47
91.66,1,10,2,47
66.87,1,1,2,47
89.99,1,10,2,47
92.17,1,10,2,47
70.55,0,10,2,47
63.55,1,10,2,47
90.05,1,3,2,47
86.6,1,10,2,47
61.06,1,10,2,47
79.77,1,10,2,47
64.28,0,10,2,47
73.02,1,10,2,47
87.25,1,10,2,47
85.94,1,1,2,47
66.34,1,10,2,47
69.96,1,10,2,47
76.99,1,10,2,47
84.68,1,10,2,47
60.38,1,10,2,47
88.77,1,10,2,47
91.08,1,3,2,47
91.21,1,1,2,47
83.08,1,10,2,47
62.58,1,2,2,47
76.85,1,9,2,47
93.75,1,10,2,47
91.54,1,10,2,47
93.97,1,10,2,47
93.83,1,9,2,47
93.86,1,9,2,47
95.38,1,9,2,47
94.83,1,10,2,47
80.78,1,10,2,47
97.8,1,9,2,47
97.26,1,10,2,47
83.74,1,10,2,47
93.96,1,10,2,47
80.17,1,10,2,47
62.52,1,10,2,47
94.66,1,10,2,47
49.55,1,10,2,47
81.55,1,2,2,47
96.97,1,10,2,47
88.27,1,10,2,47
74.96,1,9,2,47
91.78,1,2,2,47
88.0,1,2,2,47
88.51,1,2,2,47
87.6,1,1,2,47
83.18,1,1,2,47
80.04,1,1,2,47
79.25,1,1,2,47
69.12,1,1,2,47
88.57,1,1,2,47
87.6,1,1,2,47
80.38,1,1,2,47
70.07,1,1,2,47
80.09,1,3,2,47
99.72,1,1,2,47
93.41,1,3,2,47
87.13,1,1,2,47
46.59,1,1,2,47
99.56,1,1,2,47
92.32,1,2,2,47
85.16,1,2,2,47
82.96,1,2,2,47
82.54,1,2,2,47
81.69,1,2,2,47
92.61,1,2,2,47
54.19,1,10,2,47
86.28,1,10,2,47
89.04,1,2,2,47
89.04,1,2,2,47
89.04,1,2,2,47
89.04,1,2,2,47
91.57,1,2,2,47
88.36,1,3,2,47
90.04,1,3,2,47
82.97,1,3,2,47
96.89,1,2,2,47
96.89,1,2,2,47
96.89,1,2,2,47
60.86,1,2,2,47
90.28,1,10,2,47
99.58,1,2,2,47
84.5,1,2,2,47
88.06,1,2,2,47
97.5,1,3,2,47
96.33,1,2,2,47
95.79,1,2,2,47
96.57,1,2,2,47
91.16,1,2,2,47
61.93,1,2,2,47
75.7,1,10,2,47
97.56,1,2,2,47
97.56,1,2,2,47
93.32,1,2,2,47
70.83,1,2,2,47
81.24,1,2,2,47
92.8,1,2,2,47
98.42,1,2,2,47
87.85,1,3,2,47
89.59,1,3,2,47
91.87,0,3,2,47
92.05,1,2,2,47
79.14,1,3,2,47
96.06,0,3,2,47
83.64,1,3,2,47
85.8,1,10,2,47
79.94,1,3,2,47
78.97,1,1,2,47
81.3,1,3,2,47
79.03,1,3,2,47
96.54,1,9,2,47
87.8,1,3,2,47
93.79,1,3,2,47
83.64,1,3,2,47
90.35,1,3,2,47
80.19,1,2,2,47
91.26,1,10,2,47
100.0,1,2,2,47
93.97,1,10,2,47
70.53,1,10,2,47
89.58,1,10,2,47
51.64,1,6,2,47
77.32,1,17,2,47
65.37,1,17,2,47
96.99,1,6,2,47
67.39,1,4,2,47
96.51,1,17,2,47
80.1,1,4,2,47
79.87,1,3,2,47
88.28,1,4,2,47
67.86,1,17,2,47
86.76,1,17,2,47
97.67,1,17,2,47
99.18,1,4,2,47
99.77,1,4,2,47
99.14,1,4,2,47
67.91,1,4,2,47
67.9,1,4,2,47
79.08,1,18,2,47
96.34,1,18,2,47
75.23,1,4,2,47
61.36,1,4,2,47
61.98,1,4,2,47
99.66,1,4,2,47
79.08,1,18,2,47
99.63,1,4,2,47
99.57,1,4,2,47
77.79,1,5,2,47
91.16,1,17,2,47
59.45,1,5,2,47
71.16,1,5,2,47
95.1,1,5,2,47
91.09,1,17,2,47
95.4,1,18,2,47
60.37,1,17,2,47
95.4,1,18,2,47
94.83,1,6,2,47
89.24,1,6,2,47
96.01,1,18,2,47
77.77,1,6,2,47
77.77,1,6,2,47
99.45,1,6,2,47
91.83,1,4,2,47
90.28,1,4,2,47
37.69,1,4,2,47
98.2,1,6,2,47
96.74,1,6,2,47
76.27,1,6,2,47
78.42,1,17,2,47
76.29,1,17,2,47
82.53,1,17,2,47
86.79,1,6,2,47
89.6,1,6,2,47
95.62,1,6,2,47
97.24,1,6,2,47
98.39,1,6,2,47
84.7,1,6,2,47
78.56,1,18,2,47
85.07,1,18,2,47
95.42,1,18,2,47
96.55,1,17,2,47
85.81,1,6,2,47
85.67,1,17,2,47
75.63,1,6,2,47
63.15,1,6,2,47
81.73,1,6,2,47
76.24,1,6,2,47
95.66,1,4,2,47
96.57,1,6,2,47
75.05,1,17,2,47
79.03,1,6,2,47
71.57,0,3,2,47
89.32,1,6,2,47
80.96,1,6,2,47
87.33,1,3,2,47
73.93,1,6,2,47
88.83,1,6,2,47
94.05,1,18,2,47
89.28,1,6,2,47
91.73,1,18,2,47
81.49,1,6,2,47
76.96,1,6,2,47
94.91,1,18,2,47
97.04,1,18,2,47
77.94,1,6,2,47
92.07,1,18,2,47
60.62,1,6,2,47
92.07,1,18,2,47
92.22,1,18,2,47
74.28,1,17,2,47
86.63,1,17,2,47
73.6,1,17,2,47
77.58,1,17,2,47
88.4,1,18,2,47
58.82,1,17,2,47
67.52,1,17,2,47
67.08,1,17,2,47
88.63,1,17,2,47
100.0,1,14,2,47
95.51,1,10,2,47
91.64,1,14,2,47
85.26,1,10,2,47
85.81,1,17,2,47
95.74,1,14,2,47
94.6,1,18,2,47
82.56,1,10,2,47
85.16,1,10,2,47
69.03,1,18,2,47
90.51,1,18,2,47
98.05,1,15,2,47
65.91,1,10,2,47
83.2,1,18,2,47
86.97,1,15,2,47
83.33,1,15,2,47
84.97,1,18,2,47
82.81,1,17,2,47
94.89,1,17,2,47
91.95,1,18,2,47
82.56,1,10,2,47
70.83,1,18,2,47
97.63,1,18,2,47
71.1,1,18,2,47
73.52,1,18,2,47
64.0,1,18,2,47
87.17,1,14,2,47
74.87,1,15,2,47
93.88,1,15,2,47
93.99,1,15,2,47
93.56,1,15,2,47
98.13,1,15,2,47
99.27,1,15,2,47
98.14,1,15,2,47
67.61,1,10,2,47
88.68,1,15,2,47
90.2,1,15,2,47
93.83,1,15,2,47
85.36,1,15,2,47
92.38,1,15,2,47
73.19,1,15,2,47
87.78,1,17,2,47
87.78,1,17,2,47
86.38,1,17,2,47
84.19,1,15,2,47
90.76,1,15,2,47
92.18,1,15,2,47
89.61,1,15,2,47
84.22,1,15,2,47
78.39,1,15,2,47
74.14,1,15,2,47
95.97,1,15,2,47
90.51,1,18,2,47
92.97,1,15,2,47
74.94,1,15,2,47
76.57,1,15,2,47
78.33,1,15,2,47
99.67,1,15,2,47
99.77,1,15,2,47
54.92,1,15,2,47
91.68,1,18,2,47
90.4,1,15,2,47
57.8,1,14,2,47
81.18,1,10,2,47
93.7,1,15,2,47
82.69,1,15,2,47
86.81,1,15,2,47
62.14,1,14,2,47
76.96,1,14,2,47
89.33,1,15,2,47
86.16,1,15,2,47
66.58,1,14,2,47
100.0,1,15,2,47
78.28,1,15,2,47
95.25,1,15,2,47
98.49,1,15,2,47
99.26,1,15,2,47
93.08,1,15,2,47
66.38,1,15,2,47
56.35,1,15,2,47
79.72,1,14,2,47
85.11,1,15,2,47
81.8,1,15,2,47
85.5,1,15,2,47
86.47,1,15,2,47
92.62,1,15,2,47
77.46,1,15,2,47
76.39,1,14,2,47
94.12,1,14,2,47
57.8,1,14,2,47
92.89,1,15,2,47
88.36,1,15,2,47
90.78,1,10,2,47
73.68,1,14,2,47
97.84,1,15,2,47
85.87,1,10,2,47
80.67,1,10,2,47
87.81,1,14,2,47
97.23,1,10,2,47
69.96,1,10,2,47
94.44,1,10,2,47
72.0,1,18,2,47
73.89,1,16,2,47
85.68,1,9,3,47
47.61,1,16,2,47
92.95,1,16,2,47
76.86,1,16,2,47
79.05,1,16,2,47
86.79,1,16,2,47
60.8,1,16,2,47
90.35,1,9,3,47
95.09,1,15,2,47
81.43,1,16,2,47
49.68,1,16,2,47
88.03,1,17,2,47
96.76,1,17,2,47
87.76,1,16,2,47
92.67,1,16,2,47
66.02,1,9,3,47
96.69,1,16,2,47
94.34,1,16,2,47
78.38,1,17,2,47
67.78,1,15,2,47
84.03,1,17,2,47
96.69,1,2,3,47
96.4,1,2,3,47
99.93,1,10,3,47
81.85,1,16,2,47
66.73,1,16,2,47
92.84,1,2,3,47
89.99,1,15,2,47
95.71,0,6,3,47
62.92,0,1,3,47
95.1,1,6,3,47
56.49,0,6,3,47
98.43,1,6,3,47
98.32,1,2,3,47
93.73,1,2,3,47
93.59,1,2,3,47
97.77,1,6,3,47
98.46,1,6,3,47
79.27,1,17,2,47
67.54,1,9,3,47
75.59,1,9,3,47
85.02,1,9,3,47
80.17,1,9,3,47
78.73,1,9,3,47
78.48,1,9,3,47
75.9,1,9,3,47
61.11,1,1,3,47
91.19,1,9,3,47
82.04,1,10,3,47
65.48,1,10,3,47
83.63,1,10,3,47
92.43,1,2,3,47
89.44,1,9,3,47
86.01,1,16,2,47
92.98,1,10,3,47
90.93,1,2,3,47
83.73,1,2,3,47
93.32,1,3,3,47
95.53,1,14,3,47
83.88,1,14,3,47
78.9,1,3,3,47
84.34,1,3,3,47
97.95,0,4,3,47
94.91,0,4,3,47
74.77,1,5,3,47
82.73,1,6,3,47
82.73,1,6,3,47
82.73,1,6,3,47
88.76,1,3,3,47
65.96,1,6,3,47
85.53,1,15,3,47
94.88,1,6,3,47
72.52,1,6,3,47
73.9,1,6,3,47
74.7,1,6,3,47
78.28,1,17,3,47
86.12,1,15,3,47
97.33,1,18,3,47
90.79,0,14,3,47
91.85,1,14,3,47
85.3,1,14,3,47
76.53,1,14,3,47
95.15,0,14,3,47
79.04,1,15,3,47
85.38,1,10,3,47
72.35,1,10,3,47
96.89,1,15,3,47
77.42,1,3,3,47
82.73,1,6,3,47
75.43,1,10,2,47
85.63,1,1,2,47
91.48,1,10,2,47
90.13,1,9,2,47
83.0,1,1,2,47
75.57,0,1,2,47
85.91,1,1,2,47
89.95,1,10,2,47
80.29,1,10,2,47
85.57,1,1,2,47
89.49,1,1,2,47
64.82,1,1,2,47
86.26,1,1,2,47
86.43,1,1,2,47
60.99,1,1,2,47
62.17,1,1,2,47
74.71,1,1,2,47
74.71,1,1,2,47
65.16,1,1,2,47
74.45,1,1,2,47
95.1,1,1,2,47
90.63,1,9,2,47
91.5,1,9,2,47
85.4,1,1,2,47
84.78,1,1,2,47
85.33,1,10,2,47
78.32,1,1,2,47
90.71,1,1,2,47
90.71,1,1,2,47
92.12,1,1,2,47
73.4,1,10,2,47
95.23,1,10,2,47
94.25,1,9,2,47
61.17,1,1,2,47
84.91,1,10,2,47
63.28,1,10,2,47
74.84,1,1,2,47
80.25,1,10,2,47
93.33,1,1,2,47
79.0,1,10,2,47
90.01,1,9,2,47
91.5,1,1,2,47
91.5,1,1,2,47
94.78,1,10,2,47
75.58,1,1,2,47
96.38,1,1,2,47
94.68,1,1,2,47
77.48,1,1,2,47
82.32,1,1,2,47
86.36,1,1,2,47
84.15,1,9,2,47
86.53,1,10,2,47
56.12,1,1,2,47
99.58,1,10,2,47
88.91,1,9,2,47
79.95,1,1,2,47
90.73,1,1,2,47
82.15,1,1,2,47
82.15,1,1,2,47
82.15,1,1,2,47
82.15,1,1,2,47
36.84,1,1,2,47
75.58,1,1,2,47
93.54,1,1,2,47
80.7,1,1,2,47
93.1,1,10,2,47
85.44,1,1,2,47
87.44,1,1,2,47
93.61,1,1,2,47
84.56,1,1,2,47
82.06,1,10,2,47
87.96,1,10,2,47
90.95,1,1,2,47
73.81,1,10,2,47
87.95,1,1,2,47
86.8,1,9,2,47
85.39,1,9,2,47
79.45,1,9,2,47
75.58,1,1,2,47
88.49,1,10,2,47
85.96,1,9,2,47
86.45,1,9,2,47
87.48,1,9,2,47
88.04,1,9,2,47
91.69,1,9,2,47
89.44,1,9,2,47
61.52,1,9,2,47
91.03,1,9,2,47
84.81,1,9,2,47
79.09,1,9,2,47
65.25,1,1,2,47
84.72,1,10,2,47
59.63,1,10,2,47
81.49,1,9,2,47
90.15,1,10,2,47
88.8,1,10,2,47
97.44,1,1,2,47
88.95,1,1,2,47
75.46,1,10,2,47
87.93,1,10,2,47
90.7,1,10,2,47
86.94,1,10,2,47
96.61,1,10,2,47
96.75,1,10,2,47
73.41,1,10,2,47
77.56,1,10,2,47
73.92,1,9,2,47
59.29,1,9,2,47
95.05,1,10,2,47
89.33,1,10,2,47
88.43,1,10,2,47
65.77,1,10,2,47
91.01,1,10,2,47
82.9,1,10,2,47
82.79,1,10,2,47
78.87,1,10,2,47
62.71,1,10,2,47
86.23,1,10,2,47
75.13,1,10,2,47
88.77,1,10,2,47
75.34,1,1,2,47
49.74,1,16,3,48
78.42,1,15,3,48
79.11,1,9,2,48
92.58,1,9,2,48
96.3,1,9,2,48
82.92,1,8,2,48
80.22,1,18,2,48
90.68,1,1,2,48
98.64,1,6,2,48
58.83,1,9,2,48
93.9,1,6,2,48
98.38,1,6,2,48
91.46,1,9,2,48
94.64,1,9,2,48
81.8,1,6,2,48
67.98,1,1,2,48
72.3,1,6,2,48
76.53,1,1,2,48
94.39,1,6,2,48
98.23,1,6,2,48
79.42,1,6,2,48
88.1,1,18,2,48
96.7,1,9,2,48
58.07,1,1,2,48
60.18,1,18,2,48
98.84,1,6,2,48
80.55,1,9,2,48
97.57,1,6,2,48
68.07,1,6,2,48
65.29,1,7,2,48
93.56,1,6,2,48
82.18,1,6,2,48
69.57,1,1,2,48
72.47,1,6,2,48
92.29,1,6,2,48
82.51,1,1,2,48
75.22,1,1,2,48
86.73,1,9,2,48
96.1,1,1,2,48
96.1,1,1,2,48
96.1,1,1,2,48
94.41,1,9,2,48
94.16,1,9,2,48
75.96,1,16,2,48
69.17,1,16,2,48
93.44,1,15,2,48
79.44,1,16,2,48
79.44,1,16,2,48
90.54,1,16,2,48
84.86,1,16,2,48
83.89,1,16,2,48
80.6,1,16,2,48
74.73,1,16,2,48
98.04,1,16,2,48
92.67,1,16,2,48
71.75,1,16,2,48
69.25,1,10,2,48
87.62,1,16,2,48
90.54,1,16,2,48
86.32,1,16,2,48
62.16,1,16,2,48
77.38,1,16,2,48
51.44,1,10,2,48
87.38,1,16,2,48
86.21,1,14,2,48
91.58,1,10,2,48
89.26,1,11,2,48
81.51,1,14,2,48
87.78,1,16,2,48
79.23,1,16,2,48
90.38,1,16,2,48
77.12,1,14,2,48
93.51,1,14,2,48
96.72,1,16,2,48
84.83,1,16,2,48
95.39,1,14,2,48
61.43,1,16,2,48
81.34,1,14,2,48
68.6,1,14,2,48
63.3,1,14,2,48
97.47,1,16,2,48
64.82,1,10,2,48
89.81,1,16,2,48
78.46,1,9,2,48
51.11,1,10,2,48
76.14,0,3,2,48
72.82,1,2,2,48
92.19,1,9,2,48
77.97,1,2,2,48
88.26,1,1,2,48
72.82,1,2,2,48
43.31,1,1,2,48
72.82,1,2,2,48
71.73,1,2,2,48
82.13,1,3,2,48
93.09,1,2,2,48
86.54,1,3,2,48
99.49,1,2,2,48
66.78,1,10,2,48
93.09,1,2,2,48
96.61,1,2,2,48
81.7,1,9,2,48
98.24,1,2,2,48
98.24,1,2,2,48
98.24,1,2,2,48
100.0,1,2,2,48
29.12,1,1,2,48
61.0,0,4,2,48
99.8,1,18,2,48
65.56,1,3,2,48
74.57,1,17,2,48
82.54,1,17,2,48
70.28,1,17,2,48
72.06,1,17,2,48
87.46,1,17,2,48
94.69,1,18,2,48
89.61,1,17,2,48
72.11,1,3,2,48
81.44,1,6,2,48
74.19,1,17,2,48
99.62,1,4,2,48
99.62,1,4,2,48
78.45,1,4,2,48
82.54,1,6,2,48
62.63,1,5,2,48
89.49,1,6,2,48
87.6,1,6,2,48
65.86,1,17,2,48
86.9,1,17,2,48
71.54,1,17,2,48
82.54,1,6,2,48
86.46,1,18,2,48
97.55,1,6,2,48
95.75,1,18,2,48
88.59,1,17,2,48
77.74,1,3,2,48
79.47,1,6,2,48
97.83,1,6,2,48
95.92,1,6,2,48
89.96,1,17,2,48
64.58,1,17,2,48
93.96,1,6,2,48
86.16,1,6,2,48
51.92,1,6,2,48
66.63,1,17,2,48
89.62,1,6,2,48
81.73,1,6,2,48
83.97,1,6,2,48
89.62,1,6,2,48
89.62,1,6,2,48
74.44,1,17,2,48
83.04,1,10,2,48
90.85,1,15,2,48
83.76,1,15,2,48
81.92,1,15,2,48
95.71,1,15,2,48
80.46,1,10,2,48
95.09,1,17,2,48
71.96,1,18,2,48
74.06,1,10,2,48
61.86,1,18,2,48
88.0,1,15,2,48
75.41,1,18,2,48
92.12,1,17,2,48
88.54,1,14,2,48
78.48,1,14,2,48
90.38,1,14,2,48
61.44,1,10,2,48
58.95,1,15,2,48
66.51,1,18,2,48
96.41,1,18,2,48
58.57,1,15,2,48
68.78,1,18,2,48
57.81,1,15,2,48
80.02,1,15,2,48
91.43,1,15,2,48
86.41,1,15,2,48
63.41,1,15,2,48
83.98,1,15,2,48
97.24,1,15,2,48
95.22,1,15,2,48
91.75,1,15,2,48
86.41,1,15,2,48
82.91,1,15,2,48
90.42,1,18,2,48
74.02,1,15,2,48
97.58,1,15,2,48
69.24,1,15,2,48
79.58,1,15,2,48
72.36,1,15,2,48
93.49,1,15,2,48
83.46,1,6,3,48
92.01,1,9,3,48
84.1,1,9,3,48
80.98,1,17,2,48
95.74,1,6,3,48
95.74,1,6,3,48
95.74,1,6,3,48
73.11,1,15,2,48
95.48,1,17,2,48
74.73,1,16,2,48
97.61,1,17,2,48
73.98,1,16,2,48
91.16,1,15,3,48
83.26,1,15,3,48
80.14,1,15,3,48
70.78,1,15,3,48
76.39,1,14,3,48
79.43,1,18,3,48
65.96,1,6,3,48
95.11,1,3,3,48
92.3,1,1,2,48
84.84,1,1,2,48
65.92,1,1,2,48
63.91,1,10,2,48
86.27,1,10,2,48
75.63,1,9,2,48
91.98,1,1,2,48
95.61,1,1,2,48
75.41,1,1,2,48
95.61,1,1,2,48
92.04,1,1,2,48
67.16,1,1,2,48
72.28,1,10,2,48
50.72,1,10,2,48
72.28,1,10,2,48
80.32,1,1,2,48
67.16,1,1,2,48
96.89,1,9,2,48
75.31,1,1,2,48
95.61,1,1,2,48
87.9,1,9,2,48
83.08,1,1,2,48
86.22,1,1,2,48
81.74,1,1,2,48
73.41,1,1,2,48
98.06,1,9,2,48
71.28,0,1,2,48
97.97,1,9,2,48
91.82,1,1,2,48
75.73,1,1,2,48
91.22,1,1,2,48
84.46,1,1,2,48
92.55,1,1,2,48
83.52,1,1,2,48
50.68,1,1,2,48
57.04,1,1,2,48
88.96,1,1,2,48
82.91,1,16,3,49
82.06,1,6,2,49
50.62,1,6,2,49
87.75,1,16,2,49
76.32,1,12,2,49
94.57,1,11,2,49
72.56,1,12,2,49
96.87,1,2,2,49
70.91,1,10,2,49
55.11,1,6,2,49
75.23,1,5,2,49
86.48,1,6,2,49
88.87,1,10,2,49
79.65,1,10,2,49
97.73,1,10,2,49
74.28,1,9,2,50
87.45,1,9,2,50
74.71,1,9,2,50
77.93,1,9,2,50
93.73,1,18,2,50
87.8,1,9,2,50
89.02,1,6,2,50
74.71,1,9,2,50
91.85,1,9,2,50
89.5,1,1,2,50
92.16,1,9,2,50
96.56,1,9,2,50
71.3,1,9,2,50
83.78,1,1,2,50
84.74,1,9,2,50
80.82,1,9,2,50
78.39,1,9,2,50
94.87,1,6,2,50
81.06,1,9,2,50
98.67,1,6,2,50
58.27,1,14,2,50
88.12,1,14,2,50
94.98,1,16,2,50
85.81,1,11,2,50
86.42,1,16,2,50
91.3,1,11,2,50
60.06,1,14,2,50
73.15,1,14,2,50
93.42,1,10,2,50
99.69,1,10,2,50
93.58,1,3,2,50
94.12,1,1,2,50
89.26,1,1,2,50
96.64,1,1,2,50
50.81,1,3,2,50
97.17,1,2,2,50
79.86,1,10,2,50
81.49,1,3,2,50
92.57,1,10,2,50
73.66,1,3,2,50
95.32,1,3,2,50
97.45,1,6,2,50
92.76,1,6,2,50
75.55,1,4,2,50
82.82,1,5,2,50
87.4,1,6,2,50
80.56,1,6,2,50
79.81,1,17,2,50
95.53,1,18,2,50
75.55,1,4,2,50
83.19,1,17,2,50
97.0,1,6,2,50
94.9,1,6,2,50
79.14,1,10,2,50
94.64,1,15,2,50
83.52,1,15,2,50
91.76,1,15,2,50
99.1,1,15,2,50
95.47,1,15,2,50
92.46,1,15,2,50
89.48,1,15,2,50
80.88,1,17,2,50
87.42,1,15,2,50
79.57,1,15,2,50
75.66,1,10,2,50
94.74,1,10,2,50
83.92,1,15,2,50
91.76,1,15,2,50
89.38,1,17,2,50
89.38,1,17,2,50
89.38,1,17,2,50
98.51,1,6,3,50
86.93,1,9,3,50
86.01,1,17,2,50
95.53,1,9,2,50
86.0,1,1,2,50
95.69,1,10,2,50
84.44,1,10,2,50
98.92,1,9,2,50
93.49,1,9,2,50
80.12,1,10,2,50
88.05,1,9,2,50
91.88,1,10,2,50
86.18,1,9,2,50
84.1,1,9,2,50
90.2,1,1,2,50
96.27,1,10,2,50
90.2,1,1,2,50
92.35,1,9,2,50
66.08,1,1,2,50
81.59,1,9,2,50
95.57,1,1,2,50
71.95,1,1,2,50
95.39,1,1,2,50
96.56,1,9,2,50
95.57,1,1,2,50
92.35,1,18,2,51
89.53,1,9,2,51
88.81,0,6,2,51
86.54,1,6,2,51
74.71,1,7,2,51
92.08,1,18,2,51
90.64,1,14,2,51
90.44,1,14,2,51
84.93,1,16,2,51
87.96,1,3,2,51
94.18,1,10,2,51
80.98,1,2,2,51
69.34,1,10,2,51
93.29,1,18,2,51
93.29,1,18,2,51
88.0,1,3,2,51
66.81,1,15,2,51
77.95,1,18,2,51
77.67,1,15,2,51
81.63,0,1,3,51
90.99,1,10,3,51
54.87,0,15,3,51
76.5,1,3,3,51
74.25,1,1,2,51
74.08,1,10,2,51
57.46,1,10,2,51
63.57,1,10,2,51
69.63,1,10,2,51
68.03,1,1,2,51
62.74,1,1,2,51
66.63,1,10,2,51
87.5,0,7,2,52
88.47,1,6,2,52
87.25,0,14,2,52
61.85,1,10,2,52
94.37,1,10,2,52
84.81,1,1,2,52
84.37,1,2,2,52
87.52,1,3,2,52
84.81,1,1,2,52
53.54,1,6,2,52
90.08,1,6,2,52
48.63,1,10,2,52
77.95,1,18,2,52
96.2,1,18,2,52
97.31,1,15,2,52
79.6,1,1,2,52
81.28,1,1,2,52
78.83,1,1,2,53
68.91,1,1,2,53
71.06,1,1,2,53
97.95,1,18,2,53
54.85,1,4,2,54
78.63,0,9,1,55
73.81,0,15,1,55
50.9,0,6,1,55
56.18,0,1,1,55
53.95,0,1,1,55
74.2,0,1,1,55
39.72,0,1,1,55
36.8,0,1,1,55
71.49,1,3,1,55
71.49,1,3,1,55
98.31,0,2,1,55
81.71,0,2,1,55
78.94,0,2,1,55
55.74,0,2,1,55
66.67,0,2,1,55
87.64,0,2,1,55
66.26,0,9,1,55
52.72,0,4,1,55
72.74,1,4,1,55
81.35,0,4,1,55
56.01,0,17,1,55
95.24,0,17,1,55
52.25,0,17,1,55
14.07,0,17,1,55
75.69,0,17,1,55
58.94,0,15,1,55
85.41,0,15,1,55
66.44,0,17,1,55
74.94,0,15,1,55
23.64,0,16,1,55
39.18,0,16,1,55
89.39,0,15,1,55
80.67,0,15,1,55
64.92,0,14,1,55
66.02,0,15,1,55
68.91,0,14,1,55
82.16,0,15,1,55
58.1,0,17,1,55
95.18,0,15,1,55
94.38,0,15,1,55
74.76,0,15,1,55
77.87,0,15,1,55
75.74,0,15,1,55
73.62,0,14,1,55
52.55,0,15,1,55
97.75,0,15,1,55
83.21,0,15,1,55
41.34,0,15,1,55
22.66,0,15,1,55
82.5,0,14,1,55
60.87,0,15,1,55
79.82,0,15,1,55
82.98,0,15,1,55
68.9,0,14,1,55
76.11,0,14,1,55
88.98,0,17,1,55
82.01,0,17,1,55
86.09,0,15,1,55
60.56,0,17,1,55
57.18,0,15,1,55
73.49,0,14,1,55
70.9,0,15,1,55
74.27,0,15,1,55
67.65,0,2,1,55
42.52,0,6,2,55
73.03,0,9,2,55
35.78,0,15,2,55
94.53,0,16,2,55
60.97,0,16,2,55
62.06,0,15,2,55
64.57,0,12,2,55
67.96,0,15,2,55
70.38,0,16,2,55
87.52,1,10,2,55
65.2,0,16,2,55
69.94,0,16,2,55
77.92,0,14,2,55
94.98,1,16,2,55
59.56,0,14,2,55
93.74,0,14,2,55
80.13,0,16,2,55
55.39,0,14,2,55
59.55,1,16,2,55
84.79,0,10,2,55
65.24,0,16,2,55
78.6,0,15,2,55
60.14,0,16,2,55
27.89,0,16,2,55
89.45,0,15,2,55
73.21,0,15,2,55
46.96,0,14,2,55
87.67,0,4,2,55
55.98,1,2,2,55
95.73,1,10,2,55
92.79,1,3,2,55
96.62,1,10,2,55
91.07,0,2,2,55
70.25,1,10,2,55
56.82,1,2,2,55
50.05,0,2,2,55
55.24,1,2,2,55
80.6,0,2,2,55
96.22,0,3,2,55
95.94,1,6,2,55
62.35,0,17,2,55
95.8,1,6,2,55
73.12,1,4,2,55
65.79,0,4,2,55
86.97,0,18,2,55
97.3,1,6,2,55
81.41,0,4,2,55
79.59,0,4,2,55
59.41,0,18,2,55
77.48,0,4,2,55
98.96,1,3,2,55
68.37,0,5,2,55
85.36,1,17,2,55
86.64,0,18,2,55
66.93,1,6,2,55
78.62,1,4,2,55
66.43,0,4,2,55
81.23,1,6,2,55
98.82,0,17,2,55
73.36,0,17,2,55
94.03,1,17,2,55
58.31,0,17,2,55
75.53,0,18,2,55
81.23,0,5,2,55
92.02,1,14,2,55
52.58,0,15,2,55
87.25,1,17,2,55
84.03,0,17,2,55
77.71,0,18,2,55
74.61,0,15,2,55
50.13,0,18,2,55
58.28,0,15,2,55
69.06,0,15,2,55
62.18,0,15,2,55
89.51,0,15,2,55
84.99,0,15,2,55
80.18,0,15,2,55
45.0,0,15,2,55
80.69,0,15,2,55
84.98,0,15,2,55
69.61,0,15,2,55
71.45,0,15,2,55
83.83,0,15,2,55
91.01,1,15,2,55
84.52,0,15,2,55
59.25,0,15,2,55
97.88,0,15,2,55
72.35,0,15,2,55
82.75,0,15,2,55
87.21,0,15,2,55
93.36,1,15,2,55
65.22,0,15,2,55
74.12,0,14,2,55
87.05,1,17,2,55
82.64,0,14,2,55
74.84,0,15,2,55
81.13,0,15,2,55
81.9,0,15,2,55
87.39,0,15,2,55
76.68,0,16,2,55
75.32,0,16,2,55
76.56,0,16,2,55
73.29,0,16,2,55
71.64,0,15,2,55
77.98,0,15,2,55
58.79,0,16,2,55
89.73,0,15,2,55
71.3,0,17,2,55
40.03,0,15,2,55
81.27,0,17,2,55
51.58,0,15,2,55
87.13,0,16,2,55
64.26,0,16,2,55
53.88,0,1,2,55
85.2,0,1,2,55
95.92,0,1,2,55
84.24,0,1,2,55
76.92,0,1,2,55
95.74,1,16,3,56
66.71,1,16,3,56
50.82,1,6,2,56
88.78,1,6,2,56
89.11,1,6,2,56
68.0,1,6,2,56
78.01,1,9,2,56
74.61,1,9,2,56
90.43,1,9,2,56
88.16,1,1,2,56
75.21,1,1,2,56
85.18,1,9,2,56
91.14,1,6,2,56
61.6,1,9,2,56
66.3,1,6,2,56
55.23,1,9,2,56
58.8,1,8,2,56
60.73,1,8,2,56
73.37,1,16,2,56
81.69,1,14,2,56
94.57,1,16,2,56
86.55,1,14,2,56
83.96,1,14,2,56
62.4,1,11,2,56
43.88,1,16,2,56
99.03,1,14,2,56
92.81,1,10,2,56
93.57,1,16,2,56
79.97,1,16,2,56
62.42,1,16,2,56
88.68,1,16,2,56
93.24,1,10,2,56
72.44,1,14,2,56
83.86,1,16,2,56
61.7,1,11,2,56
81.16,1,16,2,56
71.56,1,16,2,56
71.45,1,14,2,56
73.43,1,14,2,56
81.9,1,10,2,56
69.41,1,3,2,56
90.84,1,4,2,56
98.57,1,3,2,56
78.09,1,3,2,56
60.08,1,2,2,56
67.7,1,2,2,56
93.49,1,2,2,56
56.87,1,3,2,56
74.7,1,9,2,56
94.87,1,10,2,56
81.26,1,2,2,56
66.77,1,17,2,56
87.84,1,18,2,56
47.34,1,6,2,56
71.52,1,17,2,56
69.69,1,6,2,56
78.82,1,4,2,56
81.02,1,18,2,56
85.09,1,5,2,56
40.61,1,4,2,56
92.19,1,3,2,56
82.99,1,6,2,56
57.75,1,4,2,56
72.89,1,15,2,56
79.43,1,15,2,56
96.84,1,15,2,56
97.24,1,15,2,56
93.13,1,15,2,56
99.14,1,15,2,56
69.25,1,14,2,56
81.96,1,15,2,56
74.29,1,15,2,56
75.9,1,15,2,56
84.21,1,15,2,56
95.5,1,15,2,56
31.65,1,18,2,56
86.12,1,18,2,56
82.99,1,10,2,56
68.92,1,16,2,56
72.22,1,16,2,56
88.75,1,18,3,56
71.89,1,1,3,56
99.1,1,10,3,56
72.82,1,10,3,56
81.58,1,2,3,56
88.25,1,11,3,56
72.6,1,15,3,56
40.33,1,1,2,56
33.21,1,1,2,56
74.45,1,1,2,56
79.0,1,1,2,56
86.06,1,1,2,56
83.11,1,1,2,56
71.51,1,1,2,56
98.57,1,1,2,56
79.83,1,10,2,56
88.98,1,16,2,57
68.86,1,10,2,57
59.82,1,11,2,57
87.32,1,16,2,57
85.57,1,14,2,57
97.99,1,10,2,57
98.6,1,1,2,57
70.63,1,3,2,57
92.38,1,4,2,57
75.04,1,17,2,57
69.69,1,6,2,57
92.46,1,3,2,57
91.37,1,18,2,57
88.16,1,18,2,57
79.92,1,15,2,57
92.21,1,18,3,57
71.66,1,1,3,57
65.17,1,17,3,58
70.49,1,16,3,58
88.71,1,16,3,58
99.6,1,15,3,58
79.85,1,16,3,58
90.53,1,17,3,58
76.58,1,16,3,58
95.78,0,4,1,58
74.65,1,18,2,58
81.22,1,18,2,58
99.64,1,18,1,58
90.55,1,7,2,58
80.87,1,6,2,58
73.2,1,8,2,58
96.56,1,6,2,58
98.91,1,9,2,58
92.45,1,9,2,58
92.78,1,18,2,58
77.46,1,6,2,58
80.86,1,18,2,58
83.61,1,18,2,58
99.23,1,18,2,58
98.05,1,18,2,58
89.48,1,18,2,58
96.98,1,18,2,58
74.19,1,1,2,58
93.92,1,18,2,58
86.68,1,1,2,58
77.01,1,18,2,58
99.23,1,9,2,58
89.24,0,9,2,58
84.38,1,6,2,58
83.9,1,9,2,58
74.64,1,1,2,58
99.23,1,18,2,58
91.5,1,6,2,58
86.29,1,9,2,58
93.86,1,9,2,58
96.93,1,9,2,58
96.35,1,9,2,58
79.99,1,9,2,58
83.89,1,8,2,58
94.87,1,1,2,58
67.84,0,1,2,58
86.76,1,6,2,58
57.86,1,1,2,58
54.04,1,1,2,58
73.51,0,6,2,58
96.75,1,9,2,58
90.97,1,9,2,58
74.45,1,6,2,58
63.05,1,9,2,58
86.28,1,9,2,58
79.57,1,9,2,58
73.64,1,9,2,58
83.26,1,6,2,58
75.73,1,9,2,58
65.18,1,6,2,58
59.99,1,6,2,58
86.84,1,6,2,58
76.15,1,9,2,58
93.44,1,9,2,58
93.44,1,9,2,58
91.72,1,6,2,58
69.09,1,9,2,58
95.41,1,9,2,58
82.84,1,9,2,58
83.55,1,9,2,58
84.5,1,6,2,58
93.5,1,9,2,58
67.54,1,6,2,58
93.51,1,6,2,58
79.14,1,6,2,58
97.74,1,6,2,58
69.11,1,6,2,58
93.61,1,6,2,58
90.06,1,6,2,58
59.97,1,6,2,58
66.74,1,7,2,58
50.21,1,7,2,58
81.83,1,6,2,58
94.09,1,7,2,58
100.0,1,6,2,58
79.78,1,7,2,58
65.68,1,6,2,58
94.73,1,18,2,58
57.75,1,16,2,58
69.57,1,14,2,58
77.61,1,16,2,58
77.68,1,14,2,58
98.41,1,16,2,58
74.23,1,10,2,58
96.09,1,10,2,58
87.73,1,10,2,58
74.19,1,16,2,58
83.78,1,16,2,58
79.78,1,10,2,58
90.04,1,10,2,58
57.04,1,10,2,58
80.79,1,16,2,58
94.09,1,10,2,58
49.9,1,10,2,58
94.89,1,10,2,58
78.46,1,10,2,58
80.76,1,14,2,58
38.87,1,14,2,58
29.96,1,14,2,58
79.91,1,16,2,58
78.74,1,16,2,58
91.55,1,16,2,58
79.83,1,10,2,58
86.78,1,16,2,58
74.04,1,16,2,58
95.29,1,16,2,58
71.92,1,16,2,58
93.11,1,10,2,58
49.85,1,10,2,58
85.21,1,10,2,58
58.61,1,16,2,58
82.99,1,11,2,58
92.86,1,16,2,58
90.41,1,16,2,58
86.29,1,16,2,58
63.33,1,12,2,58
72.22,1,11,2,58
73.28,1,14,2,58
98.91,1,14,2,58
97.3,1,14,2,58
69.25,1,14,2,58
60.72,1,16,2,58
97.72,0,16,2,58
70.24,1,16,2,58
80.09,1,15,2,58
78.99,1,14,2,58
69.35,1,16,2,58
84.0,1,16,2,58
74.45,1,16,2,58
85.52,1,16,2,58
81.87,1,15,2,58
92.65,1,14,2,58
88.57,1,14,2,58
94.76,1,14,2,58
54.23,1,16,2,58
77.67,1,14,2,58
59.64,1,16,2,58
95.05,1,16,2,58
81.37,1,16,2,58
71.46,1,14,2,58
84.37,1,16,2,58
87.23,1,16,2,58
71.25,1,16,2,58
89.35,1,16,2,58
94.95,1,16,2,58
79.65,1,14,2,58
68.02,1,14,2,58
80.19,1,10,2,58
80.01,1,14,2,58
93.05,1,14,2,58
97.22,1,16,2,58
81.73,1,16,2,58
59.35,1,1,2,58
94.06,1,10,2,58
93.02,1,9,2,58
93.38,1,1,2,58
83.47,1,3,2,58
75.85,1,10,2,58
85.44,1,3,2,58
87.97,1,9,2,58
68.38,1,3,2,58
86.73,1,3,2,58
83.82,1,3,2,58
76.52,1,10,2,58
91.14,1,3,2,58
69.21,1,10,2,58
76.06,1,1,2,58
69.87,1,3,2,58
94.86,1,10,2,58
54.2,1,10,2,58
85.1,0,2,2,58
47.62,1,2,2,58
70.84,1,1,2,58
89.31,1,2,2,58
99.47,1,9,2,58
55.43,1,10,2,58
94.36,1,10,2,58
40.97,1,10,2,58
40.97,1,10,2,58
94.06,1,4,2,58
80.5,1,3,2,58
55.27,1,3,2,58
85.37,1,3,2,58
94.97,1,3,2,58
79.74,1,10,2,58
48.03,1,10,2,58
84.61,1,2,2,58
93.44,1,10,2,58
84.16,1,2,2,58
62.34,1,1,2,58
79.2,1,1,2,58
86.71,1,2,2,58
85.49,1,2,2,58
89.98,1,2,2,58
64.8,1,1,2,58
92.02,1,2,2,58
96.68,1,2,2,58
92.21,1,2,2,58
88.68,1,1,2,58
71.54,1,1,2,58
81.39,1,1,2,58
90.01,1,10,2,58
87.35,1,6,2,58
96.03,1,4,2,58
81.86,1,17,2,58
73.66,1,17,2,58
91.65,1,17,2,58
87.29,1,17,2,58
59.13,1,17,2,58
89.83,1,4,2,58
88.58,1,17,2,58
89.48,1,4,2,58
79.06,1,17,2,58
70.46,1,6,2,58
66.73,1,4,2,58
88.39,1,6,2,58
77.87,1,18,2,58
85.6,1,4,2,58
81.09,1,6,2,58
83.04,1,17,2,58
81.63,1,4,2,58
93.34,1,18,2,58
98.8,1,17,2,58
97.56,1,18,2,58
95.28,1,18,2,58
97.66,0,4,2,58
95.0,1,18,2,58
89.77,1,17,2,58
95.18,1,17,2,58
95.44,1,17,2,58
91.11,1,6,2,58
64.58,1,6,2,58
92.65,1,6,2,58
74.9,1,6,2,58
84.13,1,4,2,58
82.38,1,6,2,58
88.74,1,5,2,58
78.95,1,6,2,58
94.58,1,6,2,58
94.52,1,6,2,58
94.52,1,6,2,58
66.03,1,6,2,58
61.65,1,15,2,58
57.18,1,14,2,58
73.63,1,17,2,58
62.09,1,18,2,58
85.88,1,17,2,58
88.3,1,15,2,58
78.14,1,15,2,58
90.73,1,18,2,58
83.22,1,15,2,58
96.77,1,17,2,58
82.77,1,18,2,58
92.32,1,18,2,58
86.69,1,15,2,58
92.07,0,15,2,58
91.94,0,18,2,58
37.67,1,10,2,58
71.21,1,18,2,58
85.26,1,15,2,58
99.16,1,15,2,58
74.1,1,14,2,58
92.24,1,10,2,58
92.46,1,15,2,58
92.46,1,15,2,58
97.82,1,15,2,58
77.26,1,10,2,58
96.0,1,15,2,58
85.04,1,15,2,58
76.4,1,15,2,58
91.5,1,15,2,58
89.2,1,15,2,58
97.09,1,15,2,58
92.26,1,15,2,58
79.08,1,14,2,58
83.65,1,15,2,58
93.03,1,18,2,58
73.21,1,14,2,58
54.96,1,15,2,58
86.97,1,10,2,58
89.43,1,15,2,58
90.45,1,10,2,58
53.76,1,10,2,58
68.92,1,10,2,58
94.8,1,10,2,58
90.11,1,10,2,58
67.17,1,10,2,58
59.15,1,15,2,58
90.22,1,15,2,58
62.79,1,15,2,58
61.63,1,10,2,58
94.18,1,10,2,58
75.78,1,10,2,58
81.72,1,10,2,58
87.75,1,15,2,58
96.31,0,15,2,58
81.83,1,14,2,58
67.6,1,18,2,58
57.89,1,15,2,58
93.89,1,15,2,58
89.58,1,17,2,58
85.08,1,15,2,58
86.7,1,15,2,58
93.7,1,15,2,58
98.86,1,15,2,58
81.02,1,14,2,58
95.24,1,15,2,58
71.97,1,14,2,58
60.69,1,15,2,58
83.37,1,14,2,58
73.25,1,14,2,58
95.68,1,18,2,58
78.28,1,2,3,58
98.85,1,18,3,58
62.59,0,16,2,58
76.91,1,10,3,58
90.9,1,9,3,58
83.1,1,2,3,58
89.1,1,2,3,58
93.93,1,15,2,58
79.61,1,2,3,58
50.41,1,9,3,58
96.42,1,16,2,58
86.37,1,9,3,58
94.79,1,2,3,58
55.87,1,9,3,58
96.92,1,1,3,58
95.6,1,2,3,58
88.02,1,2,3,58
87.3,1,2,3,58
81.33,1,17,2,58
82.43,1,17,2,58
92.96,1,17,2,58
78.63,1,10,3,58
94.22,1,10,3,58
97.92,1,9,3,58
95.84,1,9,3,58
80.72,1,9,3,58
97.56,1,16,2,58
92.88,1,17,2,58
81.3,1,16,2,58
87.83,1,16,2,58
95.47,1,9,3,58
87.01,1,9,3,58
58.41,1,16,2,58
74.5,1,6,3,58
81.13,1,15,2,58
97.34,1,16,2,58
57.34,1,16,2,58
86.93,1,16,2,58
98.49,1,6,3,58
94.39,1,6,3,58
87.18,1,15,2,58
54.49,1,16,2,58
93.01,1,6,3,58
96.67,1,6,3,58
79.14,1,6,3,58
72.3,1,16,2,58
69.4,1,15,2,58
85.09,1,17,2,58
90.44,1,6,3,58
76.8,1,17,2,58
63.32,1,6,3,58
97.95,1,6,3,58
97.25,1,9,3,58
95.87,1,3,3,58
85.92,1,14,3,58
73.89,1,3,3,58
76.87,1,3,3,58
82.84,1,3,3,58
93.46,1,15,3,58
76.17,1,14,3,58
99.01,1,15,3,58
83.96,1,5,3,58
93.23,1,6,3,58
89.85,1,6,3,58
82.74,0,6,3,58
87.66,1,6,3,58
70.96,1,6,3,58
92.14,1,6,3,58
87.31,1,6,3,58
67.88,1,6,3,58
87.97,1,6,3,58
72.75,1,6,3,58
90.7,1,3,3,58
75.15,1,6,3,58
63.55,1,6,3,58
98.13,1,6,3,58
63.15,0,6,3,58
94.06,1,6,3,58
82.95,0,6,3,58
85.5,1,6,3,58
85.44,1,17,3,58
93.29,1,17,3,58
100.0,1,17,3,58
95.2,1,17,3,58
90.31,1,18,3,58
95.24,1,18,3,58
97.53,1,18,3,58
73.14,1,18,3,58
73.92,1,18,3,58
95.35,1,18,3,58
98.21,1,14,3,58
74.34,1,14,3,58
86.81,1,4,3,58
94.45,1,14,3,58
89.88,0,15,3,58
89.27,1,14,3,58
96.88,1,14,3,58
91.01,1,15,3,58
94.89,1,15,3,58
74.62,1,15,3,58
99.04,1,14,3,58
73.84,1,15,3,58
96.34,1,15,3,58
97.7,1,10,3,58
77.92,1,10,3,58
97.88,1,10,3,58
89.66,1,12,3,58
89.66,1,12,3,58
77.98,1,4,3,58
100.0,1,15,3,58
93.86,1,15,3,58
82.54,1,15,3,58
73.63,1,15,3,58
60.52,0,15,3,58
87.49,0,3,3,58
87.17,1,6,3,58
99.05,1,1,2,58
67.16,1,1,2,58
89.55,1,9,2,58
96.75,1,10,2,58
84.11,1,9,2,58
92.88,1,10,2,58
90.89,1,1,2,58
58.94,1,10,2,58
96.65,1,1,2,58
74.57,1,1,2,58
94.41,1,9,2,58
89.63,1,10,2,58
96.69,1,1,2,58
95.8,1,10,2,58
95.12,1,9,2,58
96.26,1,10,2,58
55.92,1,10,2,58
91.94,1,10,2,58
87.99,1,10,2,58
90.65,1,1,2,58
87.71,1,10,2,58
76.91,1,10,2,58
66.08,1,10,2,58
98.03,1,1,2,58
85.61,1,1,2,58
80.69,1,10,2,58
75.65,1,10,2,58
96.51,1,10,2,58
63.74,1,10,2,58
60.1,1,10,2,58
76.47,1,10,2,58
84.39,1,9,2,58
55.73,1,9,2,58
85.53,1,1,2,58
93.74,1,1,2,58
89.11,1,9,2,58
67.34,1,9,2,58
94.55,1,1,2,58
68.51,1,1,2,58
95.76,1,9,2,58
81.42,1,9,2,58
89.95,1,1,2,58
89.13,1,1,2,58
86.24,1,1,2,58
70.72,1,1,2,58
68.65,1,1,2,58
90.02,1,1,2,58
79.76,1,1,2,58
67.09,1,1,2,58
67.09,1,1,2,58
88.07,1,1,2,58
78.76,1,1,2,58
67.09,1,1,2,58
71.09,1,1,2,58
95.33,1,10,2,58
89.89,1,18,2,59
92.13,1,9,2,59
74.43,1,1,2,59
85.1,1,6,2,59
85.1,1,6,2,59
77.11,1,6,2,59
90.64,1,6,2,59
60.86,1,6,2,59
83.24,1,6,2,59
80.21,1,9,2,59
95.47,1,9,2,59
93.12,1,9,2,59
83.36,1,6,2,59
92.24,1,9,2,59
92.24,1,9,2,59
92.24,1,9,2,59
94.94,1,6,2,59
69.63,1,9,2,59
91.33,1,6,2,59
61.83,0,6,2,59
98.54,1,9,2,59
96.03,1,9,2,59
90.82,1,9,2,59
91.31,1,9,2,59
81.52,1,9,2,59
84.33,1,6,2,59
87.6,1,6,2,59
89.31,1,9,2,59
87.61,1,9,2,59
88.79,1,6,2,59
98.09,1,9,2,59
81.43,1,9,2,59
73.82,1,9,2,59
80.63,1,9,2,59
90.65,1,9,2,59
89.3,1,9,2,59
88.08,1,18,2,59
85.19,1,9,2,59
84.74,1,9,2,59
84.33,1,9,2,59
81.92,1,9,2,59
86.67,1,6,2,59
94.9,1,9,2,59
90.14,1,9,2,59
73.58,1,9,2,59
62.82,1,9,2,59
92.93,1,9,2,59
85.56,1,9,2,59
87.05,1,9,2,59
86.71,1,9,2,59
79.45,1,9,2,59
84.92,1,6,2,59
97.59,1,6,2,59
90.05,1,9,2,59
84.92,1,6,2,59
48.72,1,6,2,59
87.1,1,9,2,59
72.97,1,6,2,59
80.21,0,6,2,59
97.28,1,6,2,59
60.7,1,9,2,59
95.69,0,9,2,59
88.61,1,9,2,59
69.38,1,1,2,59
80.35,1,1,2,59
72.72,1,1,2,59
92.66,1,6,2,59
85.9,1,6,2,59
41.51,1,1,2,59
42.29,1,1,2,59
44.35,1,1,2,59
24.88,1,1,2,59
37.92,1,1,2,59
47.26,1,1,2,59
71.83,1,6,2,59
89.29,1,18,2,59
59.95,1,6,2,59
80.11,1,6,2,59
83.07,1,6,2,59
80.0,1,9,2,59
94.97,1,6,2,59
95.86,1,6,2,59
88.88,1,9,2,59
77.97,1,6,2,59
89.52,1,6,2,59
85.79,1,6,2,59
88.01,1,6,2,59
75.89,1,6,2,59
83.01,1,9,2,59
75.89,1,6,2,59
75.21,1,1,2,59
75.21,1,1,2,59
75.21,1,1,2,59
75.21,1,1,2,59
92.22,1,6,2,59
78.5,1,9,2,59
81.51,1,9,2,59
72.37,1,9,2,59
87.97,1,9,2,59
68.6,1,9,2,59
82.18,1,9,2,59
75.59,1,1,2,59
66.55,1,9,2,59
89.27,1,9,2,59
75.61,1,9,2,59
88.41,1,6,2,59
85.79,1,1,2,59
74.56,1,9,2,59
92.54,1,6,2,59
94.0,1,9,2,59
77.35,1,9,2,59
76.84,1,18,2,59
65.13,1,6,2,59
90.1,1,18,2,59
86.15,1,9,2,59
77.35,1,9,2,59
82.36,1,9,2,59
75.28,0,9,2,59
75.95,1,9,2,59
92.42,1,18,2,59
96.33,1,1,2,59
89.18,1,18,2,59
71.6,1,8,2,59
42.02,1,18,2,59
74.51,1,9,2,59
71.22,1,18,2,59
92.68,1,6,2,59
94.57,1,18,2,59
68.38,1,1,2,59
65.7,1,1,2,59
68.19,1,9,2,59
87.76,1,6,2,59
82.13,1,18,2,59
97.38,1,18,2,59
91.7,1,9,2,59
38.32,0,18,2,59
98.13,1,18,2,59
89.32,1,6,2,59
77.35,1,9,2,59
85.99,1,1,2,59
93.53,1,6,2,59
74.35,1,9,2,59
86.36,1,9,2,59
77.35,1,9,2,59
77.35,1,9,2,59
77.35,1,9,2,59
50.26,1,1,2,59
73.99,1,14,2,59
57.4,1,16,2,59
63.74,1,14,2,59
74.57,1,14,2,59
78.3,1,14,2,59
85.54,1,14,2,59
80.52,1,14,2,59
63.74,1,14,2,59
87.4,1,14,2,59
83.42,0,14,2,59
69.82,1,10,2,59
66.89,1,10,2,59
65.03,1,15,2,59
71.38,1,14,2,59
79.37,1,16,2,59
95.83,1,16,2,59
65.98,1,14,2,59
91.42,1,14,2,59
63.74,1,14,2,59
75.13,1,16,2,59
75.97,1,14,2,59
73.21,1,16,2,59
86.95,0,16,2,59
82.25,1,16,2,59
66.78,1,14,2,59
83.05,1,16,2,59
82.82,1,16,2,59
47.27,1,14,2,59
74.41,1,16,2,59
94.2,1,10,2,59
90.77,1,14,2,59
91.9,1,16,2,59
91.63,0,16,2,59
88.6,1,16,2,59
94.31,1,14,2,59
47.13,1,14,2,59
80.74,1,15,2,59
91.91,1,10,2,59
85.77,1,15,2,59
77.99,1,14,2,59
82.19,1,14,2,59
98.01,1,10,2,59
74.7,1,14,2,59
56.7,1,14,2,59
77.91,0,14,2,59
82.65,1,10,2,59
70.49,1,14,2,59
73.75,1,11,2,59
62.62,1,11,2,59
91.87,1,16,2,59
65.92,1,11,2,59
86.82,1,14,2,59
93.46,1,10,2,59
51.8,1,16,2,59
82.06,1,10,2,59
93.57,1,14,2,59
88.41,1,12,2,59
70.03,1,16,2,59
76.38,1,12,2,59
89.66,0,11,2,59
90.68,1,16,2,59
54.47,1,11,2,59
62.39,1,10,2,59
94.62,1,16,2,59
78.1,1,14,2,59
92.5,0,10,2,59
74.61,1,10,2,59
90.87,1,10,2,59
87.76,1,10,2,59
77.98,1,10,2,59
83.12,0,16,2,59
57.01,1,10,2,59
82.29,1,10,2,59
93.06,1,10,2,59
55.15,1,10,2,59
77.64,1,16,2,59
69.35,1,16,2,59
62.2,1,10,2,59
77.67,1,10,2,59
77.34,1,10,2,59
71.6,1,11,2,59
87.39,1,10,2,59
71.38,1,14,2,59
49.26,0,16,2,59
85.92,1,14,2,59
83.94,1,10,2,59
84.92,0,16,2,59
72.77,1,16,2,59
86.68,1,14,2,59
83.61,1,10,2,59
92.22,1,10,2,59
88.5,1,10,2,59
77.56,1,15,2,59
91.97,1,10,2,59
66.86,1,16,2,59
88.49,1,16,2,59
76.08,1,14,2,59
84.76,1,2,2,59
73.02,1,2,2,59
95.49,1,1,2,59
79.78,1,1,2,59
87.32,1,1,2,59
77.24,1,1,2,59
87.05,1,1,2,59
94.22,1,1,2,59
87.8,1,1,2,59
87.8,1,1,2,59
87.8,1,1,2,59
98.69,1,1,2,59
69.93,1,1,2,59
77.44,1,1,2,59
71.51,1,1,2,59
93.58,1,1,2,59
82.0,1,1,2,59
83.4,1,1,2,59
97.04,1,1,2,59
95.61,1,1,2,59
95.75,1,1,2,59
92.31,1,1,2,59
91.41,1,1,2,59
70.18,0,2,2,59
79.56,1,1,2,59
99.12,1,1,2,59
81.13,1,2,2,59
85.12,1,2,2,59
76.11,1,2,2,59
83.22,1,2,2,59
80.91,1,2,2,59
41.91,1,1,2,59
40.28,1,1,2,59
79.78,0,10,2,59
46.13,1,1,2,59
94.44,1,2,2,59
78.12,1,2,2,59
78.12,1,2,2,59
95.47,1,1,2,59
74.26,1,2,2,59
97.71,0,1,2,59
84.12,1,10,2,59
86.82,1,2,2,59
81.67,1,1,2,59
46.24,1,2,2,59
45.88,1,2,2,59
81.21,1,1,2,59
90.7,1,1,2,59
78.89,1,2,2,59
78.41,1,10,2,59
80.32,1,10,2,59
65.12,1,3,2,59
54.03,1,2,2,59
46.24,1,2,2,59
59.95,1,10,2,59
68.45,1,10,2,59
89.22,1,2,2,59
74.26,1,3,2,59
74.26,1,3,2,59
71.24,1,3,2,59
71.24,1,3,2,59
71.24,1,3,2,59
82.0,1,10,2,59
69.46,1,3,2,59
95.74,1,3,2,59
70.23,1,3,2,59
86.45,1,10,2,59
94.28,1,3,2,59
93.71,1,3,2,59
94.28,1,3,2,59
69.46,1,3,2,59
73.86,1,10,2,59
51.82,1,10,2,59
46.95,1,3,2,59
93.44,1,4,2,59
92.47,1,9,2,59
92.38,1,10,2,59
60.88,1,9,2,59
79.87,1,3,2,59
74.5,1,3,2,59
80.73,1,1,2,59
95.74,1,3,2,59
81.85,1,10,2,59
61.66,1,2,2,59
66.74,1,10,2,59
76.94,0,3,2,59
72.36,1,10,2,59
92.97,1,10,2,59
97.85,1,10,2,59
89.87,1,2,2,59
69.93,1,3,2,59
52.45,1,2,2,59
58.2,1,10,2,59
67.45,1,3,2,59
81.82,1,9,2,59
88.64,1,2,2,59
88.64,1,2,2,59
68.8,1,2,2,59
77.76,0,10,2,59
56.4,1,2,2,59
79.87,1,3,2,59
81.13,1,3,2,59
87.68,1,10,2,59
79.87,1,3,2,59
70.39,1,10,2,59
86.64,1,10,2,59
98.79,1,3,2,59
75.83,1,10,2,59
78.71,1,3,2,59
69.87,1,2,2,59
68.11,1,2,2,59
65.18,1,2,2,59
94.28,1,3,2,59
57.88,1,10,2,59
87.32,1,1,2,59
79.87,1,3,2,59
69.67,1,3,2,59
74.5,1,3,2,59
89.7,1,3,2,59
89.7,1,3,2,59
92.12,1,3,2,59
78.1,1,10,2,59
52.76,1,2,2,59
89.12,1,10,2,59
86.79,1,3,2,59
48.64,1,2,2,59
73.69,1,10,2,59
94.28,1,3,2,59
74.37,1,10,2,59
80.02,1,3,2,59
74.8,1,2,2,59
66.76,1,2,2,59
80.79,1,3,2,59
79.87,1,3,2,59
58.26,1,2,2,59
79.87,1,3,2,59
66.76,1,2,2,59
70.26,1,10,2,59
66.76,1,2,2,59
69.46,1,3,2,59
94.28,1,3,2,59
89.7,1,3,2,59
64.43,1,3,2,59
77.02,1,3,2,59
70.23,1,3,2,59
94.28,1,3,2,59
82.65,1,3,2,59
78.78,1,10,2,59
89.7,1,3,2,59
95.74,1,3,2,59
63.32,1,10,2,59
95.74,1,3,2,59
74.5,1,3,2,59
80.05,1,3,2,59
74.5,1,3,2,59
81.82,1,9,2,59
80.88,1,3,2,59
70.82,1,3,2,59
47.22,1,2,2,59
70.81,1,2,2,59
86.73,1,17,2,59
77.74,0,18,2,59
89.21,1,6,2,59
97.15,1,6,2,59
96.6,0,6,2,59
96.38,0,6,2,59
92.72,1,6,2,59
85.6,1,6,2,59
64.44,1,6,2,59
89.19,1,6,2,59
61.51,1,6,2,59
55.16,1,6,2,59
86.64,1,6,2,59
82.95,1,6,2,59
85.07,1,6,2,59
85.07,1,6,2,59
66.93,1,6,2,59
66.93,1,6,2,59
68.15,1,6,2,59
69.78,1,6,2,59
78.19,1,6,2,59
71.08,1,6,2,59
87.71,1,6,2,59
85.38,1,6,2,59
91.11,1,6,2,59
82.24,1,6,2,59
81.14,1,6,2,59
89.96,1,6,2,59
90.62,1,6,2,59
85.08,1,6,2,59
53.78,1,4,2,59
81.92,1,4,2,59
91.9,1,4,2,59
75.19,1,6,2,59
65.01,1,6,2,59
93.23,1,6,2,59
93.3,1,6,2,59
68.46,0,4,2,59
97.33,1,6,2,59
78.28,1,17,2,59
77.22,1,17,2,59
81.21,1,17,2,59
81.3,1,17,2,59
69.42,1,4,2,59
79.28,1,17,2,59
79.22,1,4,2,59
79.44,1,4,2,59
48.76,1,4,2,59
73.04,1,4,2,59
88.04,1,17,2,59
71.19,1,17,2,59
65.9,1,4,2,59
79.78,1,6,2,59
88.63,1,18,2,59
84.11,0,4,2,59
73.42,1,18,2,59
67.66,1,17,2,59
77.18,1,4,2,59
55.85,1,18,2,59
73.47,1,4,2,59
85.55,0,17,2,59
86.18,1,18,2,59
88.04,0,18,2,59
72.4,1,18,2,59
81.1,1,6,2,59
63.01,1,18,2,59
72.55,1,3,2,59
72.08,1,18,2,59
72.12,1,4,2,59
74.59,1,4,2,59
67.54,1,17,2,59
57.7,0,18,2,59
86.16,1,17,2,59
63.19,1,18,2,59
36.59,0,4,2,59
96.54,1,18,2,59
90.24,1,4,2,59
60.67,1,4,2,59
69.32,1,4,2,59
86.08,1,4,2,59
84.68,1,18,2,59
86.36,1,4,2,59
86.82,1,4,2,59
72.6,1,4,2,59
96.6,1,18,2,59
87.02,0,18,2,59
89.13,1,4,2,59
74.36,1,17,2,59
79.29,1,4,2,59
86.22,1,6,2,59
93.38,1,18,2,59
68.99,1,4,2,59
95.26,1,4,2,59
79.81,1,17,2,59
99.35,1,4,2,59
92.02,1,18,2,59
78.55,1,17,2,59
55.58,1,17,2,59
82.64,0,17,2,59
70.2,1,18,2,59
86.95,1,17,2,59
68.45,1,4,2,59
79.96,1,17,2,59
82.04,1,18,2,59
71.06,1,4,2,59
72.27,1,17,2,59
71.06,1,4,2,59
89.12,1,18,2,59
91.39,1,17,2,59
74.18,1,17,2,59
72.78,1,17,2,59
89.12,1,18,2,59
79.44,1,4,2,59
79.4,1,18,2,59
92.42,1,6,2,59
78.55,1,17,2,59
76.7,1,17,2,59
83.54,1,18,2,59
77.87,1,17,2,59
78.8,1,18,2,59
79.83,1,17,2,59
67.94,1,18,2,59
74.36,1,17,2,59
63.08,1,17,2,59
87.18,1,17,2,59
67.19,0,18,2,59
75.42,1,17,2,59
83.18,1,17,2,59
78.27,1,17,2,59
64.05,1,18,2,59
58.79,1,4,2,59
51.97,1,18,2,59
50.39,0,15,2,59
86.8,1,15,2,59
94.84,1,15,2,59
71.01,1,15,2,59
98.24,0,15,2,59
93.95,1,15,2,59
75.45,0,15,2,59
41.6,1,15,2,59
45.74,1,15,2,59
43.19,1,15,2,59
95.95,1,15,2,59
68.99,1,15,2,59
63.19,1,14,2,59
73.22,1,15,2,59
41.03,1,15,2,59
58.9,1,14,2,59
84.38,1,14,2,59
64.03,1,15,2,59
80.93,1,15,2,59
82.43,1,15,2,59
72.41,1,14,2,59
86.18,1,15,2,59
96.51,1,15,2,59
94.01,1,10,2,59
78.39,0,10,2,59
66.99,1,15,2,59
81.84,1,10,2,59
58.07,1,10,2,59
82.01,1,10,2,59
82.01,1,10,2,59
69.84,1,10,2,59
96.54,1,18,2,59
93.27,1,15,2,59
74.86,1,10,2,59
74.86,1,10,2,59
61.4,1,15,2,59
94.27,1,10,2,59
92.94,1,10,2,59
67.36,1,15,2,59
96.91,1,15,2,59
74.0,1,10,2,59
83.56,0,15,2,59
74.85,1,15,2,59
84.32,0,15,2,59
97.2,1,18,2,59
89.86,1,15,2,59
88.18,1,15,2,59
58.54,1,15,2,59
97.91,1,15,2,59
70.01,1,14,2,59
93.26,1,14,2,59
66.07,1,14,2,59
90.01,1,15,2,59
91.91,1,15,2,59
74.98,1,15,2,59
96.48,1,15,2,59
97.14,1,15,2,59
83.31,1,15,2,59
88.7,1,15,2,59
79.17,1,15,2,59
68.72,1,15,2,59
73.76,1,15,2,59
66.16,1,10,2,59
93.1,1,15,2,59
98.0,1,15,2,59
97.92,1,15,2,59
90.48,1,15,2,59
73.69,1,10,2,59
100.0,1,18,2,59
85.46,1,18,2,59
82.26,1,15,2,59
92.87,1,18,2,59
90.34,1,18,2,59
64.45,0,18,2,59
83.27,1,18,2,59
79.56,0,15,2,59
76.34,1,17,2,59
89.39,1,15,2,59
54.27,1,17,2,59
90.97,1,10,2,59
77.22,1,15,2,59
80.79,1,15,2,59
71.86,1,14,2,59
78.74,1,15,2,59
53.24,1,17,2,59
67.42,1,14,2,59
89.78,1,15,2,59
54.72,1,18,2,59
68.31,1,15,2,59
59.51,1,15,2,59
96.55,1,18,2,59
90.57,1,10,2,59
85.85,1,18,2,59
84.83,1,18,2,59
77.61,1,18,2,59
60.42,1,14,2,59
93.75,1,15,2,59
58.9,1,14,2,59
70.41,1,15,2,59
87.49,0,16,2,59
68.28,1,15,2,59
73.18,1,15,2,59
74.95,1,17,2,59
83.2,1,17,2,59
80.29,1,17,2,59
81.38,1,17,2,59
78.61,1,17,2,59
83.54,1,6,3,59
83.54,1,6,3,59
83.54,1,6,3,59
97.6,0,16,2,59
93.41,1,6,3,59
83.4,1,17,2,59
93.41,1,6,3,59
90.34,1,16,2,59
65.62,0,16,2,59
93.93,1,16,2,59
47.3,0,9,3,59
64.0,1,16,2,59
76.56,1,9,3,59
81.4,1,9,3,59
81.4,1,9,3,59
81.4,1,9,3,59
78.8,1,9,3,59
60.23,1,1,3,59
95.34,1,16,2,59
82.53,1,17,2,59
84.27,1,10,3,59
61.91,0,16,2,59
64.0,1,16,2,59
66.02,0,3,3,59
75.82,1,17,2,59
85.02,1,17,2,59
87.58,1,17,2,59
90.06,1,15,2,59
85.73,1,17,2,59
57.26,0,1,3,59
60.74,1,15,2,59
87.86,1,16,2,59
95.75,1,16,2,59
83.11,1,16,2,59
99.85,0,16,2,59
57.6,1,10,3,59
88.31,1,16,2,59
73.73,1,16,2,59
98.08,0,15,2,59
68.08,1,15,2,59
92.47,0,16,2,59
95.72,1,16,2,59
93.41,1,6,3,59
80.17,0,15,3,59
85.0,1,15,3,59
65.46,1,14,3,59
65.14,1,14,3,59
63.33,0,14,3,59
65.46,1,14,3,59
55.5,1,14,3,59
65.46,1,14,3,59
83.84,1,4,3,59
83.84,1,4,3,59
84.96,1,4,3,59
88.94,1,9,2,59
75.88,1,10,2,59
96.16,0,1,2,59
68.44,1,1,2,59
60.87,1,1,2,59
72.92,1,1,2,59
84.2,1,1,2,59
68.26,1,1,2,59
68.09,1,1,2,59
67.04,1,1,2,59
76.66,1,1,2,59
91.03,1,1,2,59
79.38,1,1,2,59
81.31,1,1,2,59
81.82,1,1,2,59
68.99,1,1,2,59
70.02,1,1,2,59
69.77,1,1,2,59
70.49,1,1,2,59
78.05,1,1,2,59
80.77,1,1,2,59
39.24,0,1,2,59
60.42,1,1,2,59
39.22,1,1,2,59
79.57,1,1,2,59
81.78,1,1,2,59
31.14,1,1,2,59
80.69,1,1,2,59
72.61,1,1,2,59
79.49,0,1,2,59
54.5,1,1,2,59
92.35,1,1,2,59
72.85,1,1,2,59
89.23,1,1,2,59
71.69,1,1,2,59
79.8,1,1,2,59
65.0,1,1,2,59
72.04,1,1,2,59
64.82,1,1,2,59
53.61,1,1,2,59
95.05,1,9,2,59
43.86,1,1,2,59
90.88,1,9,2,59
60.35,1,1,2,59
85.84,1,9,2,59
91.82,1,9,2,59
76.75,1,9,2,59
64.44,1,1,2,59
80.55,1,1,2,59
69.34,1,1,2,59
75.71,1,9,2,59
40.34,0,1,2,59
89.63,1,9,2,59
71.45,1,10,2,59
71.45,1,10,2,59
84.69,1,10,2,59
93.77,1,10,2,59
73.18,1,10,2,59
84.26,1,10,2,59
72.86,1,1,2,59
72.16,1,1,2,59
68.19,1,10,2,59
58.82,1,1,2,59
75.35,0,10,2,59
91.78,0,10,2,59
58.3,1,10,2,59
78.11,1,1,2,59
81.82,1,1,2,59
83.48,1,1,2,59
80.72,1,1,2,59
82.76,1,1,2,59
86.98,1,1,2,59
70.92,1,10,2,59
86.98,1,1,2,59
78.46,1,10,2,59
86.98,1,1,2,59
83.18,1,1,2,59
97.44,1,1,2,59
80.68,1,10,2,59
52.23,1,10,2,59
86.98,1,1,2,59
95.05,1,9,2,59
87.1,1,1,2,59
41.08,1,1,2,59
87.1,1,1,2,59
54.86,1,10,2,59
95.03,1,1,2,59
87.1,1,1,2,59
88.23,1,10,2,59
82.58,1,1,2,59
76.8,1,1,2,59
82.1,1,10,2,59
75.64,1,1,2,59
78.63,1,10,2,59
74.77,1,1,2,59
74.54,1,1,2,59
95.05,1,9,2,59
88.76,1,10,2,59
95.4,1,1,2,59
69.0,1,10,2,59
93.39,1,1,2,59
88.86,1,9,2,59
87.77,1,10,2,59
77.56,1,1,2,59
88.52,1,10,2,59
79.04,1,10,2,59
84.96,1,10,2,59
78.23,1,1,2,59
80.82,1,9,2,59
91.19,1,10,2,59
85.63,1,1,2,59
76.74,1,9,2,59
63.68,1,1,2,59
74.33,1,1,2,59
68.99,1,9,2,59
84.62,1,9,2,59
73.86,1,10,2,59
73.38,1,1,2,59
59.66,1,1,2,59
91.43,1,10,2,59
80.13,1,1,2,59
89.84,0,9,2,59
67.9,1,1,2,59
64.8,1,1,2,59
74.21,1,10,2,59
61.76,1,1,2,59
58.41,1,1,2,59
68.9,1,10,2,59
87.96,1,9,2,59
92.66,1,10,2,59
78.27,1,10,2,59
71.37,1,14,2,60
84.25,1,16,2,60
68.6,1,2,2,60
84.5,0,18,2,60
59.99,1,18,2,60
94.73,1,6,2,61
95.69,1,11,2,61
97.28,1,9,2,61
97.28,1,9,2,61
97.22,1,10,2,61
88.62,1,18,2,61
71.33,0,10,2,61
99.42,1,14,2,61
90.41,1,17,2,61
96.64,1,6,3,61
91.49,1,6,3,61
93.65,1,6,3,61
79.57,1,9,3,61
55.49,1,1,3,61
60.23,1,1,3,61
93.78,1,18,3,61
88.51,1,3,3,61
34.28,0,16,3,62
81.77,1,16,3,62
55.53,1,15,3,62
88.07,1,15,3,62
99.89,1,16,3,62
86.52,0,16,3,62
61.12,1,15,3,62
50.89,1,15,3,62
88.97,1,16,3,62
90.21,1,16,3,62
93.88,1,16,3,62
89.2,1,16,3,62
49.39,1,16,3,62
80.89,1,16,3,62
56.21,1,15,3,62
52.2,1,16,3,62
57.41,1,16,3,62
57.35,0,16,3,62
41.83,1,16,3,62
50.3,1,16,3,62
96.13,1,17,3,62
52.79,1,16,3,62
45.67,0,16,3,62
58.78,1,15,3,62
70.55,1,17,3,62
74.94,1,17,3,62
54.94,0,16,3,62
90.31,0,16,3,62
79.29,1,17,3,62
72.08,1,17,3,62
67.66,1,17,3,62
53.49,0,17,3,62
48.87,1,16,3,62
60.18,0,16,3,62
61.39,0,15,3,62
90.46,1,16,3,62
75.25,1,16,3,62
82.16,1,16,3,62
41.25,1,16,3,62
63.18,0,16,3,62
70.9,1,16,3,62
70.26,1,16,3,62
53.93,1,16,3,62
78.42,1,16,3,62
49.91,0,16,3,62
92.5,1,15,3,62
95.79,0,18,1,62
55.31,1,15,1,62
59.57,1,1,1,62
96.43,1,1,1,62
96.29,0,1,1,62
69.95,1,1,1,62
73.23,1,1,1,62
94.15,0,10,1,62
97.49,1,3,1,62
88.2,0,2,1,62
87.03,1,4,1,62
80.94,1,4,1,62
97.17,1,18,1,62
76.66,0,18,1,62
90.67,0,18,1,62
86.26,1,18,1,62
98.02,0,9,1,62
85.45,1,18,1,62
83.32,0,18,1,62
27.25,1,17,1,62
54.7,0,18,1,62
98.37,1,18,1,62
94.09,1,18,1,62
78.88,1,18,1,62
86.04,1,18,1,62
61.34,1,15,1,62
47.05,1,15,1,62
56.93,1,15,1,62
41.98,1,15,1,62
74.06,1,15,1,62
68.12,1,15,1,62
47.0,1,15,1,62
56.93,1,15,1,62
71.5,1,15,1,62
39.62,1,15,1,62
81.48,1,15,1,62
34.8,1,16,1,62
51.08,0,18,2,62
81.9,0,10,1,62
59.45,1,15,1,62
82.2,1,15,1,62
80.8,1,14,1,62
62.64,1,15,1,62
57.26,1,15,1,62
47.58,1,15,1,62
48.89,1,14,1,62
71.52,1,15,1,62
70.4,1,15,1,62
85.42,1,15,1,62
79.72,1,15,1,62
93.97,1,14,1,62
77.26,1,15,1,62
48.87,1,15,1,62
50.84,1,15,1,62
64.16,1,15,1,62
51.24,1,15,1,62
84.66,1,18,1,62
98.32,1,18,1,62
77.73,1,15,1,62
93.75,1,18,1,62
93.6,0,16,1,62
90.23,0,18,1,62
71.29,0,18,2,62
80.38,1,9,2,62
85.5,0,18,2,62
70.56,0,6,2,62
74.0,1,6,2,62
45.34,0,6,2,62
87.38,1,6,2,62
87.38,1,6,2,62
69.74,1,6,2,62
55.92,0,6,2,62
83.07,1,6,2,62
71.88,1,6,2,62
79.46,1,6,2,62
53.35,0,6,2,62
75.79,0,6,2,62
90.23,1,6,2,62
95.99,1,9,2,62
82.71,1,6,2,62
74.24,0,18,2,62
72.28,0,9,2,62
74.48,1,9,2,62
73.02,1,9,2,62
96.98,1,6,2,62
78.38,0,9,2,62
64.97,1,9,2,62
64.97,1,9,2,62
64.97,1,9,2,62
64.97,1,9,2,62
81.42,1,9,2,62
77.04,1,9,2,62
84.6,1,9,2,62
84.45,1,9,2,62
83.31,1,9,2,62
64.97,1,9,2,62
64.97,1,9,2,62
77.45,1,1,2,62
69.33,0,1,2,62
79.65,1,1,2,62
79.74,1,6,2,62
64.97,1,9,2,62
64.97,1,9,2,62
78.26,1,6,2,62
64.97,1,9,2,62
81.87,1,6,2,62
80.55,1,6,2,62
40.61,0,6,2,62
45.98,1,9,2,62
65.05,1,1,2,62
65.05,1,1,2,62
82.78,1,6,2,62
65.05,1,1,2,62
65.05,1,1,2,62
80.06,1,6,2,62
64.97,1,9,2,62
64.34,0,1,2,62
75.87,0,1,2,62
81.85,1,9,2,62
64.97,1,9,2,62
64.97,1,9,2,62
60.36,0,1,2,62
64.97,1,9,2,62
64.97,1,9,2,62
64.97,1,9,2,62
81.03,1,1,2,62
64.97,1,9,2,62
64.97,1,9,2,62
95.84,1,1,2,62
64.97,1,9,2,62
64.97,1,9,2,62
52.76,1,9,2,62
58.37,1,9,2,62
81.66,1,6,2,62
46.19,1,10,2,62
82.62,1,16,2,62
42.84,1,10,2,62
54.8,1,10,2,62
75.24,1,10,2,62
77.71,1,10,2,62
82.53,1,10,2,62
46.57,1,10,2,62
75.96,1,10,2,62
70.83,1,10,2,62
75.96,1,10,2,62
86.01,1,10,2,62
60.05,1,10,2,62
95.76,1,10,2,62
93.2,1,10,2,62
80.84,1,10,2,62
61.46,1,10,2,62
23.58,1,10,2,62
75.8,1,14,2,62
77.28,1,14,2,62
76.29,1,14,2,62
74.69,1,14,2,62
76.08,1,14,2,62
77.87,1,14,2,62
75.13,1,14,2,62
81.15,1,14,2,62
68.94,1,14,2,62
61.4,1,10,2,62
52.36,1,14,2,62
52.36,1,14,2,62
96.13,1,14,2,62
95.75,0,10,2,62
94.21,1,14,2,62
99.31,1,14,2,62
63.2,1,16,2,62
89.8,0,16,2,62
41.1,0,16,2,62
84.6,1,16,2,62
96.46,1,16,2,62
96.09,1,16,2,62
45.92,0,16,2,62
51.23,1,10,2,62
37.97,1,16,2,62
89.74,1,10,2,62
91.82,1,14,2,62
39.74,1,10,2,62
83.98,1,16,2,62
62.83,1,14,2,62
98.07,1,16,2,62
95.06,0,16,2,62
16.91,1,10,2,62
74.28,1,10,2,62
98.59,1,10,2,62
88.67,0,16,2,62
36.92,1,14,2,62
44.33,1,10,2,62
85.0,1,10,2,62
71.93,0,9,2,62
82.93,1,3,2,62
67.69,1,10,2,62
76.34,1,9,2,62
62.0,0,9,2,62
74.45,1,9,2,62
74.14,0,9,2,62
67.11,0,1,2,62
84.99,0,1,2,62
55.44,0,1,2,62
84.12,1,1,2,62
96.75,1,1,2,62
40.22,1,10,2,62
72.98,0,1,2,62
52.19,1,1,2,62
88.52,0,1,2,62
56.29,1,1,2,62
40.68,0,2,2,62
85.18,1,2,2,62
68.7,1,2,2,62
72.33,1,2,2,62
69.26,1,2,2,62
80.38,1,2,2,62
71.73,1,2,2,62
76.76,1,2,2,62
94.68,1,1,2,62
90.54,0,2,2,62
65.34,1,2,2,62
37.16,0,2,2,62
44.33,0,2,2,62
35.45,0,2,2,62
70.35,1,2,2,62
85.04,1,1,2,62
85.04,1,1,2,62
66.2,1,3,2,62
62.93,1,3,2,62
86.24,0,2,2,62
74.65,1,3,2,62
65.36,1,3,2,62
87.8,0,2,2,62
92.34,0,3,2,62
39.04,1,2,2,62
78.84,1,3,2,62
88.35,1,9,2,62
86.73,1,3,2,62
34.23,1,2,2,62
81.75,1,1,2,62
33.87,0,4,2,62
75.19,1,17,2,62
53.22,0,4,2,62
60.04,0,4,2,62
59.66,1,4,2,62
67.59,0,4,2,62
74.74,1,4,2,62
82.53,1,4,2,62
61.87,1,4,2,62
66.71,1,4,2,62
90.97,1,6,2,62
20.21,0,6,2,62
87.75,1,6,2,62
80.76,1,4,2,62
69.13,1,6,2,62
85.82,1,17,2,62
88.25,1,17,2,62
58.61,1,17,2,62
68.1,1,17,2,62
68.1,1,17,2,62
68.1,1,17,2,62
68.1,1,17,2,62
68.1,1,17,2,62
68.1,1,17,2,62
64.51,1,17,2,62
65.9,1,18,2,62
52.4,0,17,2,62
83.99,1,17,2,62
73.25,1,18,2,62
88.33,0,18,2,62
84.81,1,18,2,62
74.99,1,17,2,62
70.64,0,18,2,62
70.54,0,17,2,62
55.59,1,6,2,62
69.23,1,6,2,62
90.91,1,17,2,62
79.54,0,18,2,62
81.7,1,17,2,62
96.13,1,18,2,62
67.07,1,6,2,62
93.08,0,18,2,62
95.63,0,18,2,62
61.04,1,6,2,62
49.26,1,6,2,62
73.79,1,6,2,62
95.47,0,18,2,62
97.75,1,3,2,62
69.63,1,6,2,62
63.66,1,6,2,62
46.32,1,17,2,62
87.73,1,15,2,62
95.97,0,18,2,62
70.68,0,18,2,62
97.11,0,18,2,62
68.6,1,15,2,62
84.13,1,15,2,62
81.83,0,15,2,62
70.44,1,14,2,62
87.77,1,15,2,62
92.83,1,18,2,62
69.53,1,15,2,62
93.95,1,15,2,62
94.97,1,15,2,62
48.24,1,15,2,62
90.51,1,15,2,62
78.16,1,15,2,62
87.79,1,15,2,62
92.84,1,15,2,62
91.3,1,15,2,62
60.65,1,15,2,62
62.87,1,10,2,62
69.14,0,10,2,62
79.52,1,10,2,62
52.31,1,10,2,62
79.9,1,10,2,62
44.07,1,10,2,62
75.09,1,15,2,62
81.26,1,15,2,62
80.75,1,14,2,62
91.32,1,15,2,62
67.89,1,18,2,62
49.2,1,15,2,62
89.21,1,10,2,62
87.79,0,10,2,62
81.37,0,15,2,62
87.62,1,15,2,62
63.99,0,14,2,62
59.49,1,15,2,62
73.39,1,15,2,62
84.47,0,15,2,62
94.62,1,17,2,62
90.76,1,16,2,62
96.26,1,16,2,62
83.2,1,17,2,62
65.33,1,15,2,62
63.44,1,18,3,62
76.51,1,18,3,62
79.31,1,18,3,62
50.55,1,18,3,62
27.14,1,6,3,62
45.18,0,6,3,62
44.02,0,6,3,62
72.63,1,6,3,62
51.49,1,6,3,62
42.3,0,6,3,62
31.59,0,6,3,62
22.09,1,6,3,62
70.61,0,6,3,62
26.49,0,6,3,62
28.05,1,6,3,62
57.67,0,6,3,62
48.66,0,6,3,62
56.22,0,6,3,62
66.22,0,6,3,62
73.81,0,6,3,62
65.38,0,6,3,62
55.13,0,9,3,62
61.94,1,9,3,62
95.28,0,9,3,62
72.33,1,9,3,62
71.96,1,9,3,62
48.72,0,9,3,62
79.12,0,9,3,62
63.23,1,9,3,62
79.6,0,9,3,62
82.82,0,9,3,62
52.92,1,9,3,62
57.41,0,9,3,62
77.08,1,9,3,62
50.15,1,9,3,62
49.11,1,9,3,62
30.91,0,9,3,62
73.64,1,9,3,62
73.64,1,9,3,62
77.56,1,9,3,62
42.09,0,9,3,62
13.66,0,9,3,62
61.15,0,9,3,62
59.67,1,9,3,62
59.67,1,9,3,62
59.67,1,9,3,62
29.84,1,1,3,62
86.57,1,1,3,62
78.28,1,1,3,62
47.72,0,1,3,62
89.1,0,1,3,62
82.42,1,1,3,62
91.22,0,1,3,62
59.71,1,1,3,62
72.52,1,1,3,62
62.1,1,1,3,62
85.49,1,1,3,62
29.02,1,1,3,62
67.43,1,1,3,62
46.04,0,1,3,62
65.6,1,1,3,62
30.97,0,1,3,62
37.81,0,1,3,62
78.74,1,1,3,62
18.08,0,1,3,62
57.0,0,1,3,62
78.57,0,1,3,62
41.49,0,1,3,62
77.43,0,1,3,62
59.34,1,1,3,62
78.13,0,1,3,62
56.8,1,1,3,62
69.8,1,1,3,62
23.37,0,1,3,62
9.78,0,1,3,62
61.85,0,1,3,62
13.55,0,1,3,62
62.49,1,1,3,62
91.22,0,1,3,62
29.39,1,1,3,62
56.15,1,9,3,62
30.09,0,9,3,62
39.02,0,9,3,62
94.83,1,9,3,62
48.43,1,10,3,62
74.48,0,10,3,62
65.03,1,10,3,62
63.14,1,10,3,62
67.53,1,10,3,62
38.55,0,10,3,62
41.8,1,10,3,62
43.81,1,10,3,62
36.35,1,10,3,62
32.49,1,10,3,62
68.76,1,10,3,62
37.7,1,10,3,62
37.7,1,10,3,62
37.7,1,10,3,62
37.7,1,10,3,62
72.28,1,10,3,62
45.78,1,10,3,62
37.87,1,10,3,62
51.15,1,10,3,62
85.19,1,10,3,62
58.47,0,10,3,62
70.15,1,10,3,62
57.29,0,10,3,62
87.05,1,10,3,62
23.23,1,10,3,62
62.69,1,10,3,62
31.68,1,10,3,62
68.2,1,10,3,62
45.15,0,10,3,62
63.29,1,1,3,62
90.23,1,1,3,62
90.23,1,1,3,62
62.89,0,1,3,62
12.85,0,1,3,62
77.91,0,1,3,62
77.46,1,1,3,62
82.53,1,1,3,62
46.45,0,1,3,62
67.51,0,1,3,62
78.68,0,1,3,62
96.08,1,1,3,62
59.98,0,1,3,62
12.71,0,1,3,62
82.69,1,1,3,62
89.5,0,1,3,62
12.15,0,1,3,62
69.99,1,1,3,62
68.27,1,1,3,62
79.69,1,1,3,62
44.67,1,1,3,62
62.6,0,1,3,62
46.86,0,2,3,62
50.28,0,2,3,62
42.21,1,2,3,62
87.98,0,3,3,62
78.57,0,3,3,62
99.16,0,3,3,62
72.79,0,3,3,62
75.17,0,3,3,62
70.27,1,3,3,62
63.61,1,3,3,62
87.4,1,3,3,62
65.02,0,3,3,62
60.24,1,3,3,62
68.16,0,3,3,62
87.49,0,9,3,62
9.78,1,1,3,62
69.3,1,1,3,62
72.58,0,10,3,62
67.63,1,1,3,62
75.4,1,1,3,62
73.62,0,9,3,62
74.54,1,1,3,62
82.79,1,1,3,62
65.4,0,9,3,62
90.12,1,1,3,62
93.49,1,1,3,62
86.98,1,1,3,62
92.76,1,1,3,62
31.68,0,1,3,62
74.47,0,1,3,62
44.06,1,1,3,62
55.13,1,1,3,62
46.71,1,1,3,62
52.27,1,10,3,62
49.14,1,2,3,62
30.59,1,1,3,62
29.55,1,1,3,62
59.35,1,10,3,62
43.22,0,9,3,62
44.28,1,10,3,62
34.46,0,9,3,62
30.73,1,1,3,62
45.81,1,10,3,62
27.3,1,10,3,62
78.66,1,1,3,62
67.96,1,2,3,62
74.45,0,10,3,62
65.54,1,10,3,62
69.33,1,1,3,62
65.73,0,9,3,62
37.3,0,2,3,62
88.96,1,10,3,62
54.12,0,9,3,62
38.42,1,10,3,62
8.45,1,2,3,62
48.58,1,1,3,62
91.54,0,9,3,62
75.54,1,1,3,62
2.29,1,1,3,62
50.01,1,10,3,62
81.53,1,2,3,62
64.28,0,10,3,62
62.13,1,2,3,62
77.96,1,10,3,62
15.99,0,1,3,62
61.34,1,10,3,62
92.65,1,9,3,62
73.64,1,1,3,62
61.4,1,10,3,62
99.55,0,1,3,62
61.87,1,2,3,62
57.77,1,2,3,62
64.23,1,2,3,62
91.02,0,1,3,62
60.92,1,2,3,62
60.86,1,9,3,62
58.34,0,1,3,62
46.57,1,10,3,62
22.98,0,1,3,62
79.22,1,2,3,62
74.76,0,1,3,62
57.17,1,2,3,62
48.64,0,1,3,62
92.48,1,10,3,62
57.94,1,9,3,62
31.4,0,2,3,62
46.57,1,10,3,62
76.89,1,2,3,62
67.19,1,2,3,62
55.02,1,1,3,62
72.41,1,2,3,62
81.01,1,1,3,62
56.16,0,10,3,62
72.49,1,2,3,62
41.15,0,2,3,62
65.98,1,1,3,62
61.12,1,1,3,62
84.62,1,9,3,62
87.04,1,10,3,62
58.99,0,2,3,62
65.79,1,9,3,62
67.11,1,9,3,62
90.65,1,10,3,62
76.54,1,2,3,62
70.57,1,1,3,62
69.52,1,1,3,62
35.98,0,1,3,62
65.97,1,1,3,62
27.39,0,1,3,62
69.56,0,2,3,62
84.48,1,2,3,62
67.09,0,1,3,62
46.57,1,10,3,62
60.47,1,10,3,62
64.79,0,2,3,62
71.51,1,1,3,62
64.48,1,9,3,62
71.34,1,1,3,62
68.89,1,1,3,62
30.75,1,1,3,62
71.75,0,10,3,62
96.47,1,1,3,62
90.53,1,10,3,62
70.39,1,9,3,62
55.25,0,2,3,62
52.23,0,1,3,62
83.22,1,1,3,62
24.12,1,10,3,62
72.12,0,1,3,62
71.2,1,1,3,62
72.55,1,3,3,62
72.55,1,3,3,62
46.96,1,3,3,62
67.94,0,3,3,62
86.29,1,3,3,62
80.44,1,3,3,62
73.05,1,3,3,62
60.29,1,3,3,62
71.55,1,3,3,62
62.04,0,3,3,62
67.56,1,3,3,62
78.16,0,3,3,62
72.16,1,3,3,62
78.49,0,3,3,62
89.42,1,3,3,62
63.89,0,3,3,62
66.33,0,3,3,62
73.36,1,3,3,62
56.99,0,3,3,62
93.77,0,3,3,62
71.86,1,3,3,62
98.72,1,3,3,62
80.52,1,4,3,62
94.56,1,4,3,62
94.93,1,4,3,62
57.55,1,4,3,62
57.6,1,4,3,62
57.18,1,4,3,62
54.86,1,4,3,62
62.56,1,4,3,62
64.48,1,4,3,62
54.69,1,4,3,62
54.69,1,4,3,62
54.69,1,4,3,62
54.69,1,4,3,62
54.69,1,4,3,62
54.69,1,4,3,62
27.38,0,4,3,62
54.76,0,4,3,62
87.59,0,4,3,62
85.69,1,4,3,62
85.69,1,4,3,62
65.27,0,4,3,62
58.39,0,4,3,62
34.6,1,4,3,62
74.62,1,4,3,62
70.14,0,4,3,62
65.33,0,4,3,62
38.55,1,4,3,62
22.61,0,6,3,62
6.66,0,6,3,62
17.9,0,6,3,62
26.0,0,6,3,62
64.43,1,6,3,62
83.02,1,17,3,62
57.0,0,17,3,62
61.49,0,17,3,62
71.18,1,17,3,62
23.81,0,17,3,62
30.3,1,17,3,62
57.68,1,17,3,62
50.23,1,17,3,62
50.64,1,17,3,62
49.14,0,17,3,62
85.57,1,17,3,62
59.92,1,17,3,62
70.01,1,17,3,62
73.32,1,17,3,62
19.4,0,17,3,62
20.81,0,17,3,62
91.43,1,17,3,62
76.83,0,17,3,62
50.49,0,17,3,62
43.54,1,17,3,62
62.47,1,17,3,62
63.65,1,17,3,62
66.41,0,17,3,62
67.39,0,17,3,62
37.31,0,17,3,62
48.48,1,17,3,62
17.17,0,17,3,62
67.44,0,17,3,62
49.62,0,17,3,62
46.01,0,17,3,62
56.49,1,17,3,62
26.92,0,17,3,62
78.89,0,17,3,62
63.62,0,17,3,62
62.42,1,17,3,62
48.66,0,17,3,62
94.18,1,17,3,62
53.95,0,18,3,62
64.34,1,18,3,62
53.12,1,18,3,62
81.2,1,18,3,62
72.96,1,18,3,62
75.91,1,18,3,62
91.65,0,18,3,62
89.87,0,18,3,62
78.83,1,18,3,62
55.78,0,18,3,62
99.46,0,18,3,62
88.43,1,18,3,62
86.33,1,18,3,62
80.78,1,18,3,62
93.61,0,18,3,62
60.03,1,18,3,62
86.33,1,18,3,62
29.84,1,18,3,62
77.79,1,18,3,62
77.17,1,18,3,62
69.11,0,18,3,62
79.54,1,18,3,62
49.02,0,18,3,62
74.78,1,18,3,62
89.15,1,18,3,62
90.89,1,18,3,62
85.12,1,18,3,62
62.56,1,18,3,62
88.13,1,18,3,62
66.41,0,18,3,62
55.03,0,18,3,62
72.45,0,18,3,62
61.51,0,18,3,62
32.38,1,14,3,62
33.74,1,14,3,62
48.94,0,14,3,62
55.78,0,14,3,62
84.29,1,14,3,62
84.29,1,14,3,62
84.29,1,14,3,62
84.29,1,14,3,62
84.29,1,14,3,62
84.29,1,14,3,62
63.51,1,14,3,62
35.14,1,14,3,62
52.37,1,14,3,62
43.36,1,14,3,62
48.94,1,14,3,62
49.95,1,14,3,62
50.56,1,14,3,62
62.51,0,14,3,62
24.07,0,14,3,62
68.67,0,14,3,62
62.85,1,14,3,62
64.83,0,14,3,62
41.54,0,14,3,62
75.98,1,15,3,62
35.01,0,15,3,62
77.08,0,15,3,62
48.28,0,15,3,62
57.29,0,15,3,62
73.68,1,15,3,62
77.05,1,15,3,62
90.09,0,15,3,62
46.93,1,15,3,62
60.09,1,15,3,62
5.35,0,15,3,62
67.05,1,15,3,62
36.89,0,15,3,62
62.17,1,15,3,62
62.21,0,15,3,62
22.45,1,10,3,62
94.92,0,10,3,62
63.93,1,10,3,62
83.81,1,10,3,62
82.36,1,10,3,62
77.32,1,10,3,62
63.68,1,10,3,62
62.59,1,10,3,62
52.29,1,10,3,62
84.61,1,10,3,62
49.7,1,10,3,62
55.31,1,10,3,62
99.12,0,10,3,62
77.04,1,10,3,62
69.37,1,10,3,62
38.68,1,10,3,62
53.39,1,10,3,62
39.93,1,10,3,62
76.71,0,10,3,62
29.69,1,10,3,62
31.46,1,10,3,62
47.05,1,10,3,62
93.43,1,10,3,62
33.14,0,10,3,62
54.16,1,10,3,62
64.41,0,10,3,62
73.14,1,10,3,62
34.28,1,10,3,62
34.28,1,10,3,62
61.05,1,10,3,62
49.65,0,10,3,62
90.34,1,10,3,62
38.58,1,10,3,62
53.42,0,10,3,62
64.68,1,10,3,62
56.75,1,10,3,62
26.56,1,10,3,62
87.62,0,10,3,62
90.41,1,10,3,62
64.27,1,10,3,62
33.8,1,10,3,62
64.04,1,10,3,62
55.35,0,14,3,62
61.87,0,14,3,62
91.36,1,14,3,62
90.53,1,14,3,62
42.09,0,14,3,62
65.41,1,14,3,62
17.34,0,14,3,62
43.49,1,14,3,62
87.72,1,14,3,62
29.85,0,14,3,62
62.13,1,15,3,62
65.32,1,15,3,62
77.63,0,15,3,62
65.22,1,15,3,62
69.2,1,15,3,62
68.28,1,15,3,62
42.06,0,15,3,62
79.11,1,15,3,62
92.5,0,15,3,62
57.74,0,15,3,62
34.3,0,15,3,62
65.1,1,15,3,62
58.52,0,15,3,62
89.34,1,15,3,62
21.62,0,15,3,62
53.6,1,15,3,62
81.74,0,15,3,62
39.9,1,15,3,62
71.35,0,15,3,62
95.33,1,4,3,62
93.39,1,4,3,62
36.71,1,14,3,62
88.3,0,4,3,62
30.95,0,14,3,62
95.84,1,15,3,62
59.54,1,15,3,62
89.91,0,15,3,62
88.4,0,15,3,62
82.57,1,14,3,62
43.0,1,14,3,62
15.46,1,14,3,62
26.81,0,14,3,62
53.7,1,14,3,62
33.4,0,15,3,62
52.72,1,15,3,62
45.44,0,15,3,62
39.85,1,14,3,62
25.85,0,15,3,62
46.08,0,14,3,62
42.43,0,14,3,62
41.0,1,15,3,62
51.37,0,14,3,62
20.31,0,15,3,62
71.56,1,15,3,62
55.57,1,14,3,62
83.06,1,14,3,62
56.89,1,15,3,62
47.97,1,15,3,62
75.26,1,14,3,62
78.91,0,15,3,62
81.06,1,14,3,62
58.76,0,14,3,62
48.2,0,14,3,62
14.92,1,14,3,62
60.44,0,15,3,62
82.68,1,15,3,62
14.77,1,14,3,62
69.02,0,15,3,62
47.91,1,14,3,62
41.0,0,15,3,62
65.22,1,15,3,62
57.83,1,15,3,62
27.89,0,15,3,62
66.5,1,15,3,62
78.61,1,3,3,62
38.1,1,14,3,62
20.39,1,14,3,62
35.56,0,3,3,62
49.93,1,14,3,62
66.25,1,14,3,62
53.81,0,3,3,62
21.98,0,14,3,62
55.02,0,15,3,62
36.09,1,15,3,62
77.39,0,14,3,62
40.76,1,15,3,62
58.91,1,15,3,62
69.01,1,15,3,62
31.85,0,15,3,62
70.2,1,15,3,62
36.1,1,15,3,62
37.19,0,15,3,62
70.07,1,15,3,62
68.43,0,15,3,62
33.79,1,15,3,62
18.42,1,14,3,62
19.57,1,14,3,62
66.64,1,15,3,62
54.37,0,15,3,62
67.57,1,15,3,62
27.31,1,15,3,62
60.04,0,15,3,62
64.86,1,3,3,62
19.67,1,14,3,62
38.26,1,15,3,62
73.26,0,15,3,62
47.58,1,14,3,62
38.1,1,14,3,62
84.75,1,14,3,62
71.07,1,14,3,62
70.98,1,15,3,62
57.66,1,14,3,62
91.51,1,15,3,62
31.98,0,14,3,62
79.75,0,15,3,62
41.92,1,14,3,62
53.86,1,15,3,62
52.51,1,15,3,62
37.32,0,14,3,62
48.83,1,15,3,62
46.87,0,14,3,62
46.04,0,14,3,62
46.27,1,15,3,62
55.53,1,14,3,62
69.17,0,14,3,62
47.75,1,14,3,62
59.41,0,14,3,62
94.02,1,15,3,62
40.41,0,14,3,62
29.39,0,14,3,62
23.51,0,14,3,62
53.18,1,14,3,62
57.58,1,14,3,62
54.27,1,14,3,62
70.39,0,14,3,62
61.73,1,14,3,62
69.47,1,14,3,62
44.3,0,14,3,62
87.06,1,3,3,62
67.38,1,14,3,62
55.57,0,14,3,62
75.13,0,14,3,62
63.25,1,14,3,62
98.88,1,3,3,62
39.92,1,15,3,62
38.1,1,14,3,62
96.03,1,14,3,62
67.04,1,14,3,62
66.44,0,14,3,62
68.93,1,14,3,62
45.65,1,14,3,62
40.57,0,3,3,62
81.29,0,14,3,62
41.07,0,14,3,62
39.64,1,14,3,62
94.18,1,1,2,62
76.61,1,10,2,62
91.28,0,1,2,62
55.92,0,1,2,62
47.16,0,1,2,62
82.3,1,1,2,62
38.96,0,1,2,62
35.77,0,1,2,62
37.58,1,1,2,62
13.61,1,1,2,62
82.86,1,1,2,62
59.62,0,1,2,62
93.38,0,1,2,62
49.58,0,1,2,62
22.37,0,1,2,62
77.55,0,1,2,62
71.97,0,1,2,62
70.93,0,1,2,62
73.19,1,1,2,62
71.71,1,1,2,62
86.22,1,1,2,62
82.31,1,1,2,62
42.49,0,1,2,62
67.98,0,1,2,62
86.94,1,1,2,62
82.42,1,1,2,62
32.22,1,1,2,62
77.16,0,9,2,62
64.52,0,9,2,62
98.31,0,9,2,62
93.01,1,9,2,62
92.75,1,10,2,62
90.05,1,10,2,62
97.99,0,10,2,62
52.98,1,10,2,62
82.46,1,10,2,62
77.05,1,10,2,62
71.17,1,10,2,62
76.47,1,10,2,62
77.46,0,9,2,62
70.98,0,10,2,62
83.55,1,10,2,62
72.4,1,10,2,62
83.91,1,10,2,62
80.1,1,10,2,62
76.44,1,10,2,62
59.78,1,10,2,62
87.32,1,10,2,62
50.83,0,10,2,62
93.9,1,10,2,62
90.87,1,10,2,62
84.61,1,10,2,62
87.99,1,1,2,62
72.56,1,10,2,62
69.68,1,10,2,62
80.3,1,10,2,62
68.25,1,10,2,62
65.63,1,10,2,62
62.38,0,1,2,62
86.65,1,10,2,62
93.94,1,10,2,62
75.42,0,10,2,62
66.19,1,10,2,62
63.26,1,10,2,62
72.61,1,10,2,62
71.31,0,9,2,62
60.61,0,10,2,62
81.47,1,10,2,62
77.22,1,10,2,62
46.05,1,10,2,62
66.47,1,10,2,62
24.04,1,10,2,62
89.69,0,9,2,62
67.76,0,1,2,62
58.51,1,16,3,63
76.28,0,15,3,63
42.77,1,16,3,63
80.25,0,15,3,63
73.99,0,16,3,63
74.61,0,16,3,63
41.47,0,16,3,63
71.96,0,15,3,63
70.68,0,16,3,63
43.02,1,16,3,63
26.59,0,16,3,63
57.92,1,15,3,63
39.18,0,16,3,63
81.05,0,16,3,63
56.56,0,18,1,63
54.16,0,6,1,63
63.65,0,18,1,63
87.8,1,18,1,63
72.44,1,18,1,63
41.4,1,18,1,63
60.57,1,18,1,63
91.95,1,18,1,63
72.44,1,18,1,63
67.91,1,18,1,63
85.56,1,18,1,63
85.56,1,18,1,63
58.14,0,18,1,63
60.62,1,18,1,63
67.87,1,18,1,63
67.87,1,18,1,63
67.87,1,18,1,63
93.04,1,18,1,63
72.44,1,18,1,63
67.37,1,18,1,63
85.97,1,18,1,63
71.51,0,18,1,63
87.84,1,18,1,63
76.61,0,18,1,63
46.28,0,18,1,63
95.81,0,6,1,63
63.38,1,6,1,63
68.58,1,9,1,63
78.07,0,9,1,63
48.2,1,6,1,63
48.2,1,6,1,63
90.24,1,9,1,63
88.91,0,9,1,63
32.59,0,6,1,63
81.13,0,9,1,63
75.7,0,9,1,63
59.39,0,9,1,63
67.16,0,9,1,63
70.55,0,9,1,63
81.59,1,9,1,63
81.59,1,9,1,63
70.17,1,9,1,63
67.58,0,9,1,63
90.24,1,9,1,63
50.16,0,9,1,63
71.57,0,6,1,63
90.24,1,9,1,63
60.54,0,9,1,63
70.17,1,9,1,63
70.17,1,9,1,63
89.81,0,9,1,63
61.46,1,9,1,63
90.15,1,9,1,63
90.15,1,9,1,63
90.24,1,9,1,63
90.15,1,9,1,63
90.15,1,9,1,63
90.15,1,9,1,63
63.4,0,9,1,63
46.3,0,6,1,63
89.05,1,9,1,63
90.8,0,8,1,63
63.38,1,6,1,63
46.46,0,8,1,63
66.28,1,6,1,63
54.21,0,7,1,63
20.25,0,7,1,63
58.59,0,6,1,63
81.64,1,6,1,63
44.87,0,6,1,63
74.2,0,6,1,63
86.79,0,6,1,63
66.16,0,6,1,63
94.41,1,18,1,63
66.28,1,6,1,63
66.28,1,6,1,63
66.28,1,6,1,63
66.28,1,6,1,63
66.28,1,6,1,63
66.28,1,6,1,63
90.41,1,6,1,63
90.41,1,6,1,63
73.97,1,6,1,63
35.88,0,6,1,63
90.97,0,6,1,63
81.71,1,6,1,63
81.71,1,6,1,63
62.75,0,9,1,63
80.28,1,1,1,63
65.59,0,1,1,63
91.8,0,1,1,63
58.07,0,1,1,63
84.73,0,1,1,63
85.77,0,1,1,63
67.52,1,1,1,63
64.52,0,1,1,63
78.85,0,1,1,63
46.77,1,1,1,63
85.85,0,1,1,63
75.71,0,1,1,63
42.99,0,1,1,63
61.85,1,1,1,63
91.71,1,1,1,63
92.16,1,1,1,63
91.12,1,1,1,63
48.92,0,1,1,63
42.21,0,1,1,63
62.59,0,1,1,63
44.2,0,1,1,63
58.87,1,1,1,63
81.34,0,1,1,63
74.65,1,1,1,63
80.04,1,1,1,63
98.92,0,1,1,63
97.22,1,1,1,63
84.7,0,1,1,63
88.31,0,1,1,63
82.84,0,1,1,63
91.11,1,1,1,63
96.32,1,1,1,63
37.68,0,1,1,63
61.5,0,1,1,63
45.82,1,1,1,63
46.67,1,1,1,63
94.07,1,1,1,63
73.14,0,1,1,63
73.86,0,1,1,63
40.82,0,1,1,63
38.74,0,1,1,63
69.26,0,1,1,63
88.53,0,1,1,63
42.62,0,1,1,63
56.54,0,1,1,63
73.12,0,1,1,63
54.4,1,1,1,63
58.18,1,1,1,63
39.06,0,1,1,63
56.72,0,1,1,63
57.7,0,1,1,63
40.37,1,1,1,63
31.48,1,1,1,63
39.33,1,1,1,63
83.54,0,1,1,63
72.25,0,1,1,63
69.49,1,1,1,63
69.49,1,1,1,63
73.75,1,1,1,63
73.75,1,1,1,63
73.75,1,1,1,63
68.67,0,1,1,63
74.05,1,1,1,63
74.69,1,1,1,63
68.32,1,1,1,63
65.19,0,1,1,63
30.94,0,1,1,63
31.89,0,1,1,63
32.36,0,1,1,63
78.58,0,1,1,63
59.41,0,1,1,63
68.28,1,1,1,63
80.48,1,1,1,63
96.7,0,1,1,63
78.86,0,1,1,63
69.54,0,1,1,63
65.89,0,1,1,63
76.37,0,1,1,63
60.61,0,1,1,63
77.13,0,1,1,63
71.54,0,1,1,63
74.69,0,1,1,63
95.16,1,1,1,63
75.71,0,1,1,63
60.89,1,1,1,63
95.87,1,1,1,63
93.46,1,1,1,63
83.15,1,1,1,63
29.58,0,1,1,63
69.51,0,1,1,63
30.63,0,1,1,63
63.89,1,1,1,63
86.29,0,1,1,63
69.11,0,1,1,63
67.63,1,1,1,63
65.0,0,1,1,63
83.32,1,1,1,63
83.32,1,1,1,63
83.32,1,1,1,63
23.89,0,1,1,63
38.43,0,1,1,63
70.23,0,10,1,63
72.74,1,10,1,63
46.13,0,10,1,63
40.1,1,10,1,63
48.08,0,10,1,63
35.08,1,10,1,63
54.5,0,10,1,63
85.8,0,10,1,63
56.98,0,10,1,63
63.53,0,10,1,63
85.82,1,10,1,63
78.37,1,10,1,63
85.82,1,10,1,63
85.82,1,10,1,63
85.65,0,10,1,63
82.8,0,10,1,63
82.3,0,10,1,63
60.18,0,10,1,63
59.91,0,10,1,63
39.52,0,10,1,63
86.94,1,10,1,63
90.45,1,10,1,63
77.52,0,10,1,63
63.66,0,10,1,63
67.2,1,10,1,63
75.43,1,10,1,63
78.28,1,10,1,63
70.41,1,10,1,63
62.8,1,10,1,63
71.98,1,10,1,63
77.9,0,10,1,63
46.28,0,10,1,63
61.74,1,10,1,63
99.51,1,9,1,63
60.33,0,10,1,63
88.6,0,10,1,63
61.62,1,10,1,63
85.95,0,10,1,63
32.9,0,10,1,63
85.64,0,10,1,63
84.67,0,10,1,63
64.53,0,10,1,63
47.26,1,9,1,63
70.67,0,10,1,63
78.18,1,10,1,63
78.18,1,10,1,63
78.18,1,10,1,63
47.05,1,10,1,63
50.68,1,10,1,63
63.7,0,10,1,63
64.63,0,10,1,63
58.89,0,10,1,63
20.92,0,10,1,63
26.31,0,10,1,63
84.0,1,9,1,63
50.43,0,10,1,63
19.09,0,10,1,63
74.52,0,9,1,63
72.8,1,9,1,63
56.2,1,9,1,63
60.92,1,9,1,63
77.56,1,9,1,63
78.6,1,9,1,63
78.6,1,9,1,63
78.6,1,9,1,63
65.51,0,9,1,63
57.21,1,9,1,63
78.6,1,9,1,63
81.05,1,9,1,63
59.16,0,9,1,63
57.21,1,9,1,63
73.2,1,9,1,63
68.03,0,9,1,63
71.73,0,9,1,63
83.55,1,9,1,63
83.46,0,9,1,63
57.21,1,9,1,63
57.21,1,9,1,63
95.88,1,9,1,63
95.88,1,9,1,63
81.05,1,9,1,63
83.55,1,9,1,63
91.45,1,9,1,63
91.45,1,9,1,63
91.45,1,9,1,63
78.6,1,9,1,63
78.6,1,9,1,63
91.61,0,9,1,63
83.55,1,9,1,63
69.31,1,1,1,63
85.46,0,3,1,63
69.99,1,3,1,63
97.18,1,3,1,63
71.26,1,3,1,63
60.83,0,3,1,63
73.05,1,3,1,63
81.44,0,3,1,63
73.73,0,3,1,63
75.75,1,3,1,63
75.75,1,3,1,63
75.75,1,3,1,63
75.75,1,3,1,63
75.75,1,3,1,63
41.64,1,3,1,63
41.64,1,3,1,63
41.64,1,3,1,63
73.53,1,3,1,63
84.49,1,3,1,63
76.29,0,3,1,63
98.06,1,3,1,63
36.47,1,3,1,63
58.38,0,3,1,63
89.03,1,3,1,63
91.38,0,3,1,63
93.95,1,3,1,63
97.64,1,3,1,63
69.99,1,3,1,63
75.75,1,3,1,63
89.45,1,1,1,63
53.12,0,3,1,63
59.94,0,3,1,63
71.84,0,3,1,63
91.69,1,3,1,63
88.23,1,3,1,63
54.43,0,3,1,63
90.23,1,3,1,63
87.13,1,3,1,63
98.53,1,3,1,63
87.13,1,3,1,63
87.38,0,2,1,63
63.03,1,2,1,63
61.45,0,2,1,63
63.03,1,2,1,63
63.03,1,2,1,63
76.79,1,3,1,63
94.49,0,3,1,63
71.76,1,1,1,63
26.44,0,1,1,63
67.47,1,2,1,63
82.0,1,2,1,63
90.35,0,1,1,63
59.66,0,2,1,63
69.66,0,2,1,63
62.76,1,2,1,63
70.2,1,2,1,63
84.11,1,1,1,63
80.3,1,1,1,63
85.72,0,1,1,63
69.31,1,1,1,63
94.73,0,1,1,63
78.62,1,1,1,63
28.26,0,1,1,63
66.18,0,1,1,63
81.71,1,1,1,63
30.26,0,1,1,63
69.31,1,1,1,63
56.34,1,1,1,63
80.3,1,1,1,63
35.72,0,1,1,63
69.31,1,1,1,63
82.0,1,2,1,63
60.49,0,3,1,63
91.07,0,6,1,63
79.83,0,6,1,63
86.76,1,6,1,63
63.57,0,6,1,63
66.61,0,6,1,63
77.52,0,6,1,63
61.43,1,6,1,63
57.44,1,6,1,63
57.44,1,6,1,63
92.54,1,6,1,63
86.6,1,6,1,63
86.6,1,6,1,63
39.86,0,6,1,63
60.49,0,6,1,63
52.85,1,6,1,63
77.87,0,6,1,63
77.81,1,6,1,63
82.45,1,3,1,63
63.85,1,3,1,63
46.89,0,6,1,63
68.79,0,6,1,63
85.55,1,6,1,63
68.96,1,3,1,63
93.75,1,3,1,63
93.59,1,3,1,63
57.96,0,3,1,63
68.37,0,6,1,63
82.45,1,3,1,63
80.56,1,3,1,63
69.99,1,3,1,63
95.48,0,3,1,63
81.03,0,3,1,63
85.55,1,6,1,63
72.69,0,4,1,63
86.23,0,4,1,63
59.42,0,4,1,63
49.21,0,4,1,63
66.01,1,4,1,63
81.72,0,4,1,63
59.59,0,4,1,63
69.98,0,4,1,63
93.45,1,4,1,63
92.24,1,3,1,63
64.02,0,3,1,63
74.88,0,3,1,63
88.02,1,3,1,63
46.3,0,18,1,63
64.99,0,18,1,63
90.47,0,18,1,63
76.38,1,18,1,63
40.91,0,18,1,63
65.18,0,18,1,63
50.65,0,18,1,63
41.42,0,18,1,63
81.65,1,18,1,63
79.74,1,18,1,63
89.96,0,18,1,63
61.15,1,18,1,63
74.26,0,18,1,63
70.9,1,18,1,63
77.39,1,18,1,63
67.0,1,18,1,63
67.0,1,18,1,63
63.4,1,18,1,63
70.9,1,18,1,63
70.43,0,18,1,63
86.91,0,18,1,63
70.9,1,18,1,63
70.9,1,18,1,63
64.41,0,18,1,63
71.51,0,18,1,63
55.36,1,18,1,63
64.65,0,18,1,63
60.08,0,18,1,63
67.47,0,18,1,63
58.13,0,18,1,63
83.51,0,18,1,63
86.49,1,18,1,63
86.49,1,18,1,63
80.63,0,18,1,63
48.96,0,18,1,63
83.82,1,18,1,63
75.03,1,18,1,63
62.91,0,18,1,63
70.72,0,18,1,63
60.53,1,18,1,63
73.78,0,18,1,63
65.1,1,18,1,63
90.62,1,18,1,63
90.62,1,18,1,63
90.62,1,18,1,63
39.58,0,17,1,63
47.53,0,17,1,63
84.24,0,17,1,63
36.22,0,17,1,63
53.43,0,17,1,63
97.22,1,17,1,63
44.48,1,17,1,63
70.33,1,17,1,63
44.48,1,17,1,63
52.84,0,17,1,63
44.48,1,17,1,63
54.77,0,17,1,63
75.46,0,17,1,63
65.0,0,17,1,63
44.48,1,17,1,63
44.48,1,17,1,63
97.63,0,17,1,63
50.53,0,17,1,63
96.55,0,17,1,63
41.65,0,17,1,63
87.06,0,17,1,63
25.07,0,17,1,63
76.34,1,17,1,63
76.34,1,17,1,63
80.1,0,17,1,63
77.89,1,17,1,63
87.79,1,17,1,63
87.79,1,17,1,63
48.33,0,17,1,63
33.41,0,17,1,63
50.81,0,17,1,63
58.38,0,17,1,63
72.58,0,17,1,63
96.23,0,14,1,63
74.59,1,15,1,63
84.71,1,10,1,63
70.44,1,15,1,63
73.94,1,16,1,63
54.1,0,15,1,63
87.03,1,15,1,63
74.7,1,16,1,63
68.04,1,15,1,63
66.15,0,16,1,63
77.78,0,16,1,63
83.41,0,15,1,63
40.78,1,16,1,63
55.57,0,16,1,63
52.33,0,16,1,63
74.7,1,16,1,63
69.91,0,16,1,63
71.87,0,16,1,63
51.78,0,16,1,63
86.31,0,16,1,63
22.34,1,16,1,63
22.34,1,16,1,63
64.4,1,16,1,63
64.1,0,16,1,63
62.25,0,16,1,63
71.45,1,16,1,63
83.15,1,16,1,63
78.09,1,16,1,63
49.46,0,16,1,63
88.1,0,16,1,63
54.52,0,16,1,63
62.65,0,15,1,63
96.34,0,14,1,63
68.32,0,16,1,63
38.14,1,16,1,63
76.13,0,15,1,63
48.46,1,16,1,63
48.46,1,16,1,63
79.41,0,16,1,63
48.46,1,16,1,63
48.46,1,16,1,63
85.86,0,16,1,63
84.75,1,15,1,63
95.56,0,16,1,63
86.82,1,15,1,63
96.66,1,16,1,63
96.8,1,16,1,63
86.48,1,15,1,63
76.85,0,15,1,63
95.8,1,16,1,63
73.08,0,16,1,63
64.09,0,15,1,63
72.53,0,16,1,63
26.93,0,16,1,63
40.83,0,16,1,63
71.39,0,16,1,63
71.28,0,16,1,63
78.71,0,16,1,63
73.69,0,16,1,63
72.23,0,16,1,63
81.01,0,16,1,63
84.17,0,16,1,63
77.68,0,16,1,63
86.04,0,16,1,63
80.97,1,16,1,63
95.66,1,16,1,63
86.4,0,16,1,63
88.82,0,16,1,63
86.32,0,16,1,63
86.35,0,16,1,63
24.37,0,16,1,63
45.35,0,16,1,63
65.5,0,16,1,63
89.76,1,16,1,63
89.67,1,16,1,63
94.44,0,16,1,63
71.63,0,16,1,63
74.82,0,16,1,63
85.97,1,18,1,63
40.27,0,18,1,63
58.12,0,15,1,63
89.76,1,16,1,63
89.76,1,16,1,63
56.12,0,18,1,63
67.2,0,15,1,63
95.67,1,15,1,63
77.0,1,15,1,63
75.86,0,15,1,63
81.36,0,17,1,63
93.52,0,15,1,63
79.39,1,18,1,63
60.62,1,18,1,63
70.62,1,17,1,63
36.45,0,15,1,63
93.35,0,15,1,63
64.16,0,10,1,63
81.28,0,10,1,63
91.76,0,10,1,63
66.21,0,10,1,63
37.48,1,15,1,63
94.99,0,15,1,63
67.08,0,18,1,63
82.05,0,18,1,63
58.48,1,14,1,63
60.79,1,10,1,63
79.4,1,15,1,63
61.01,1,14,1,63
46.37,0,15,1,63
58.75,0,17,1,63
63.24,0,17,1,63
48.17,1,16,1,63
53.07,0,10,1,63
71.83,1,10,1,63
69.14,0,15,1,63
95.05,0,10,1,63
80.94,0,14,1,63
56.92,1,15,1,63
93.05,1,15,1,63
85.87,1,15,1,63
71.13,1,14,1,63
73.13,0,17,1,63
83.7,1,10,1,63
65.52,1,10,1,63
71.59,0,10,1,63
93.35,1,15,1,63
92.64,0,15,1,63
73.18,0,10,1,63
85.31,0,17,1,63
67.26,1,14,1,63
85.05,0,15,1,63
48.34,0,15,1,63
77.31,1,15,1,63
78.91,0,15,1,63
58.33,1,15,1,63
36.1,1,10,1,63
58.0,1,14,1,63
75.24,1,10,1,63
59.75,1,17,1,63
50.29,0,15,1,63
74.42,1,14,1,63
67.24,1,10,1,63
70.33,1,10,1,63
75.03,1,10,1,63
77.05,1,15,1,63
77.05,1,15,1,63
74.42,1,14,1,63
36.33,0,10,1,63
72.58,1,14,1,63
56.68,0,15,1,63
87.26,1,10,1,63
81.85,1,15,1,63
31.67,0,10,1,63
87.44,1,10,1,63
80.66,0,10,1,63
88.58,0,10,1,63
64.74,0,14,1,63
53.48,0,10,1,63
67.56,1,10,1,63
76.17,0,14,1,63
81.62,1,15,1,63
57.87,0,10,1,63
76.99,1,10,1,63
45.91,0,14,1,63
65.44,0,14,1,63
60.04,1,14,1,63
73.23,0,14,1,63
73.42,1,14,1,63
57.64,1,15,1,63
71.47,0,14,1,63
77.61,1,14,1,63
80.38,0,15,1,63
82.17,1,16,1,63
59.38,0,14,1,63
85.84,1,16,1,63
79.4,1,15,1,63
84.69,0,14,1,63
62.93,0,16,1,63
67.9,0,10,1,63
81.26,0,10,1,63
67.58,0,10,1,63
65.05,0,10,1,63
83.16,0,10,1,63
74.5,1,10,1,63
78.6,0,15,1,63
85.05,1,14,1,63
64.21,0,18,1,63
45.41,0,16,1,63
62.14,0,10,1,63
68.83,0,10,1,63
60.04,1,14,1,63
61.43,1,17,1,63
61.43,0,14,1,63
91.99,1,17,1,63
76.42,0,17,1,63
57.85,1,10,1,63
43.73,0,10,1,63
82.59,0,18,1,63
76.55,0,15,1,63
85.97,1,18,1,63
43.0,1,11,1,63
73.55,1,17,1,63
71.33,0,16,1,63
59.81,0,15,1,63
37.98,0,10,1,63
81.62,1,15,1,63
67.34,0,11,1,63
91.66,0,15,1,63
77.26,0,15,1,63
90.3,0,10,1,63
63.2,0,11,1,63
79.42,0,10,1,63
91.69,1,16,1,63
81.77,0,10,1,63
57.88,0,10,1,63
89.76,1,16,1,63
69.56,0,16,1,63
90.78,0,10,1,63
92.53,1,17,1,63
81.18,0,15,1,63
78.12,0,10,1,63
37.18,0,17,1,63
62.58,1,17,1,63
75.58,0,17,1,63
47.94,1,16,1,63
59.59,1,10,1,63
77.5,1,17,1,63
63.55,1,17,1,63
72.21,0,10,1,63
69.29,0,10,1,63
82.7,1,6,2,63
89.83,0,7,2,63
38.03,0,7,2,63
91.23,1,9,2,63
24.03,0,18,2,63
41.18,0,7,2,63
85.35,1,8,2,63
39.23,0,7,2,63
38.75,0,18,2,63
79.61,1,18,2,63
41.68,0,7,2,63
79.61,1,18,2,63
39.84,0,7,2,63
60.14,0,7,2,63
79.61,1,18,2,63
79.61,1,18,2,63
92.72,0,9,2,63
82.25,0,18,2,63
79.61,1,18,2,63
79.61,1,18,2,63
43.38,0,18,2,63
81.7,0,18,2,63
62.14,0,9,2,63
57.62,0,9,2,63
92.58,0,9,2,63
41.23,1,9,2,63
76.28,0,18,2,63
41.23,1,9,2,63
71.7,1,18,2,63
86.89,0,6,2,63
77.13,0,9,2,63
69.29,1,9,2,63
30.82,1,18,2,63
84.02,0,9,2,63
67.93,0,9,2,63
61.4,1,9,2,63
65.9,0,9,2,63
83.21,1,9,2,63
76.27,0,7,2,63
83.15,1,18,2,63
67.0,0,18,2,63
85.43,1,9,2,63
39.76,0,6,2,63
72.09,0,9,2,63
76.69,1,8,2,63
30.82,1,18,2,63
77.26,1,6,2,63
87.76,1,16,2,63
67.22,1,16,2,63
85.51,1,16,2,63
73.25,0,10,2,63
69.59,0,10,2,63
44.43,1,16,2,63
80.9,1,16,2,63
59.16,1,16,2,63
42.48,1,14,2,63
65.77,1,10,2,63
53.57,1,16,2,63
43.78,1,16,2,63
66.41,1,10,2,63
78.88,0,16,2,63
90.96,1,16,2,63
64.37,0,10,2,63
53.65,0,16,2,63
84.53,1,14,2,63
90.56,0,14,2,63
39.39,0,16,2,63
80.86,0,16,2,63
54.16,0,10,2,63
86.06,1,16,2,63
33.54,1,16,2,63
70.0,1,16,2,63
35.22,1,15,2,63
78.16,0,14,2,63
40.78,1,16,2,63
66.24,0,16,2,63
87.16,1,10,2,63
89.93,1,12,2,63
65.91,0,10,2,63
76.45,1,11,2,63
67.04,0,11,2,63
32.77,0,11,2,63
34.06,0,10,2,63
66.43,0,11,2,63
88.73,1,16,2,63
96.24,1,14,2,63
56.91,0,10,2,63
59.0,0,9,2,63
63.8,1,3,2,63
77.85,1,1,2,63
83.06,1,2,2,63
94.48,0,10,2,63
72.96,1,1,2,63
61.94,0,2,2,63
52.65,0,10,2,63
74.36,1,2,2,63
65.93,1,1,2,63
47.54,0,10,2,63
73.79,0,1,2,63
79.47,1,10,2,63
72.31,1,3,2,63
67.37,1,2,2,63
82.79,0,1,2,63
47.15,0,2,2,63
83.96,0,2,2,63
51.18,0,2,2,63
30.95,0,10,2,63
80.08,1,3,2,63
76.53,1,3,2,63
85.78,0,3,2,63
81.58,1,3,2,63
76.45,1,3,2,63
53.05,0,2,2,63
56.67,0,2,2,63
96.62,0,2,2,63
76.23,0,2,2,63
90.76,1,1,2,63
66.84,0,10,2,63
75.62,1,1,2,63
44.96,0,1,2,63
78.58,1,1,2,63
94.87,1,2,2,63
94.87,1,2,2,63
75.66,0,10,2,63
74.57,1,1,2,63
89.85,0,1,2,63
94.46,0,1,2,63
59.23,1,10,2,63
56.48,0,10,2,63
49.78,0,2,2,63
67.07,0,10,2,63
95.89,1,2,2,63
95.89,1,2,2,63
47.32,0,10,2,63
28.93,0,10,2,63
67.36,1,10,2,63
43.59,0,10,2,63
26.97,0,10,2,63
95.89,1,2,2,63
78.53,1,4,2,63
75.72,1,18,2,63
76.99,1,6,2,63
76.99,1,6,2,63
76.99,1,6,2,63
76.99,1,6,2,63
76.99,1,6,2,63
76.99,1,6,2,63
76.99,1,6,2,63
76.99,1,6,2,63
76.99,1,6,2,63
78.29,1,3,2,63
88.65,1,18,2,63
57.04,0,6,2,63
84.26,1,6,2,63
75.39,1,17,2,63
57.52,1,18,2,63
84.26,1,6,2,63
84.26,1,6,2,63
84.26,1,6,2,63
79.14,1,6,2,63
79.14,1,6,2,63
85.26,1,6,2,63
89.99,1,6,2,63
68.24,1,17,2,63
78.95,0,6,2,63
80.92,1,6,2,63
64.71,0,18,2,63
19.17,1,5,2,63
81.82,1,18,2,63
82.25,0,17,2,63
81.82,1,18,2,63
70.55,1,6,2,63
84.26,1,6,2,63
84.26,1,6,2,63
66.7,0,18,2,63
70.44,1,4,2,63
78.53,1,4,2,63
66.85,0,6,2,63
75.72,0,4,2,63
62.3,0,18,2,63
76.99,1,6,2,63
70.13,1,15,2,63
46.97,1,18,2,63
77.93,0,10,2,63
56.25,0,18,2,63
73.08,1,14,2,63
55.08,1,14,2,63
64.82,1,14,2,63
55.97,0,18,2,63
95.31,1,14,2,63
51.28,1,14,2,63
92.51,1,15,2,63
70.94,0,18,2,63
72.33,0,18,2,63
70.77,1,15,2,63
70.94,1,14,2,63
55.41,1,15,2,63
48.88,1,15,2,63
87.53,1,15,2,63
51.1,1,15,2,63
84.01,0,18,2,63
71.42,1,15,2,63
52.6,1,15,2,63
77.64,0,18,2,63
77.52,0,15,2,63
87.83,0,15,2,63
39.28,1,18,2,63
60.32,1,10,2,63
82.94,0,10,2,63
87.86,0,18,2,63
63.79,0,10,2,63
50.77,0,14,2,63
63.44,1,18,2,63
74.98,1,10,2,63
91.34,1,15,2,63
41.66,1,18,2,63
77.53,1,18,2,63
95.48,1,14,2,63
37.51,0,18,2,63
75.73,1,14,2,63
83.05,1,18,2,63
83.05,1,18,2,63
77.53,1,18,2,63
52.89,1,18,2,63
45.34,1,18,2,63
43.27,1,18,2,63
63.59,1,18,2,63
79.97,0,18,2,63
50.28,1,18,2,63
46.28,1,18,2,63
38.77,0,18,2,63
77.53,1,18,2,63
52.88,1,18,2,63
41.44,1,18,2,63
77.53,1,18,2,63
95.63,1,18,2,63
42.9,1,18,2,63
87.06,0,15,2,63
86.75,1,14,2,63
38.06,1,18,2,63
39.92,1,18,2,63
24.84,0,18,2,63
48.26,0,10,3,63
34.05,1,1,3,63
41.01,0,9,3,63
48.83,1,10,3,63
84.52,1,9,3,63
33.05,0,9,3,63
65.47,0,16,2,63
58.36,0,16,2,63
58.14,1,1,3,63
73.11,0,1,3,63
65.89,0,1,3,63
43.58,0,9,3,63
70.37,0,16,2,63
92.41,0,1,3,63
98.63,0,18,3,63
68.79,1,18,3,63
38.22,0,18,3,63
82.07,1,2,3,63
33.5,0,18,3,63
89.16,0,18,3,63
73.09,1,18,3,63
76.28,0,18,3,63
46.09,1,1,3,63
84.03,0,16,2,63
52.98,1,1,3,63
84.18,1,10,3,63
44.32,1,9,3,63
59.05,1,9,3,63
56.0,1,10,3,63
57.61,1,10,3,63
44.14,0,10,3,63
69.74,0,1,3,63
39.56,0,9,3,63
83.23,0,10,3,63
73.08,0,10,3,63
65.46,0,9,3,63
50.95,0,9,3,63
33.49,1,9,3,63
19.41,0,10,3,63
51.13,0,10,3,63
71.17,1,10,3,63
62.32,0,10,3,63
94.74,1,18,3,63
79.32,0,10,3,63
71.21,0,18,3,63
91.51,0,1,3,63
55.0,0,9,3,63
31.43,1,1,3,63
57.55,1,3,3,63
86.87,1,3,3,63
77.49,0,6,3,63
48.48,1,17,3,63
67.36,0,18,3,63
19.58,0,14,3,63
55.18,0,15,3,63
51.87,1,15,3,63
77.07,0,15,3,63
62.87,0,14,3,63
34.14,1,14,3,63
69.01,1,3,3,63
17.72,0,14,3,63
62.5,0,14,3,63
83.54,0,3,3,63
72.34,0,4,3,63
90.42,0,15,3,63
65.83,1,15,3,63
63.47,1,15,3,63
80.5,0,15,3,63
46.92,1,14,3,63
79.97,1,15,3,63
38.37,1,15,3,63
94.3,1,3,3,63
31.76,0,14,3,63
34.96,1,14,3,63
65.78,0,3,3,63
64.5,1,3,3,63
82.38,1,15,3,63
94.93,1,4,3,63
95.6,0,15,3,63
66.7,0,15,3,63
80.22,0,15,3,63
76.08,0,15,3,63
51.53,0,14,3,63
65.88,1,11,3,63
68.05,1,11,3,63
58.0,1,10,3,63
75.94,0,10,3,63
40.69,0,10,3,63
49.13,0,10,3,63
79.93,1,10,3,63
57.9,0,10,3,63
39.14,0,10,3,63
55.5,1,10,3,63
72.95,1,10,3,63
54.66,1,10,3,63
88.03,1,10,3,63
61.02,0,10,3,63
78.24,1,10,3,63
70.26,1,10,3,63
83.38,1,10,3,63
65.63,1,10,3,63
80.54,0,10,3,63
66.37,1,10,3,63
72.53,1,10,3,63
80.38,1,10,3,63
53.83,0,10,3,63
55.14,0,15,3,63
87.17,0,15,3,63
58.47,1,15,3,63
78.83,1,15,3,63
87.3,0,15,3,63
65.65,1,15,3,63
68.9,1,14,3,63
76.02,1,18,3,63
77.3,1,3,3,63
41.14,1,14,3,63
48.03,0,18,3,63
50.78,1,17,3,63
89.47,1,18,3,63
75.86,1,18,3,63
51.03,0,18,3,63
89.41,1,18,3,63
56.36,0,18,3,63
53.68,0,18,3,63
51.11,0,17,3,63
59.29,1,17,3,63
60.63,0,17,3,63
40.98,1,17,3,63
69.11,1,18,3,63
62.47,1,17,3,63
42.49,0,17,3,63
76.81,1,17,3,63
24.59,0,18,3,63
66.42,1,18,3,63
32.59,0,18,3,63
77.72,1,17,3,63
57.98,1,17,3,63
74.53,0,15,3,63
65.54,1,1,2,63
72.36,1,1,2,63
90.53,0,1,2,63
56.13,1,1,2,63
53.96,1,1,2,63
95.57,1,1,2,63
98.04,0,1,2,63
99.2,1,1,2,63
26.91,1,1,2,63
26.91,1,1,2,63
45.84,0,10,2,63
63.42,1,1,2,63
87.97,0,1,2,63
76.09,0,1,2,63
82.64,1,1,2,63
59.12,0,1,2,63
36.71,0,1,2,63
61.73,1,1,2,63
85.79,1,9,2,63
62.31,1,1,2,63
97.73,0,1,2,63
87.91,0,1,2,63
37.85,1,1,2,63
34.02,1,1,2,63
67.5,1,1,2,63
70.88,1,9,2,63
79.26,0,1,2,63
47.74,0,9,2,63
63.19,1,1,2,63
39.48,0,1,2,63
58.24,1,1,2,63
88.53,0,1,2,63
37.78,0,1,2,63
63.9,0,9,2,63
59.66,1,1,2,63
53.94,1,1,2,63
42.42,1,1,2,63
72.45,1,1,2,63
62.52,1,1,2,63
69.45,1,1,2,63
56.77,1,1,2,63
61.02,1,1,2,63
59.38,1,1,2,63
66.87,1,1,2,63
69.38,1,1,2,63
60.13,1,1,2,63
70.93,1,1,2,63
60.54,1,1,2,63
67.68,1,1,2,63
58.85,1,1,2,63
63.04,1,1,2,63
65.76,1,1,2,63
63.84,1,1,2,63
63.13,1,1,2,63
59.13,1,1,2,63
54.27,1,1,2,63
60.99,1,1,2,63
65.44,1,1,2,63
58.78,1,1,2,63
57.49,1,1,2,63
63.7,1,1,2,63
59.34,1,1,2,63
70.06,1,1,2,63
75.44,0,9,2,63
28.8,1,16,3,64
65.42,0,15,3,64
67.99,0,15,3,64
97.88,1,14,1,64
91.23,1,9,2,64
77.44,1,10,2,64
87.49,0,14,2,64
91.01,1,2,2,64
91.01,1,2,2,64
91.01,1,2,2,64
91.01,1,2,2,64
85.78,0,2,2,64
91.26,1,2,2,64
91.01,1,2,2,64
67.63,0,10,2,64
91.01,1,2,2,64
91.01,1,2,2,64
91.01,1,2,2,64
95.95,1,2,2,64
95.95,1,2,2,64
97.86,1,2,2,64
70.23,1,2,2,64
70.23,1,2,2,64
89.38,1,2,2,64
86.12,1,1,2,64
56.07,1,3,2,64
97.91,1,3,2,64
57.33,1,3,2,64
87.11,1,3,2,64
79.55,1,3,2,64
88.41,0,15,2,64
83.26,1,14,2,64
54.04,1,15,2,64
99.7,1,15,2,64
81.29,1,3,3,64
59.87,1,2,3,64
37.06,1,9,3,64
51.91,1,9,3,64
66.68,1,3,3,64
59.67,1,3,3,64
80.35,1,10,3,64
65.53,1,15,3,64
99.8,1,18,3,64
81.21,1,3,3,64
77.0,0,3,3,64
88.56,1,1,2,64
39.86,1,1,2,64
83.36,1,1,2,64
96.18,1,1,2,64
95.57,0,1,2,64
47.43,1,9,2,64
50.82,1,16,3,65
72.11,1,17,3,65
87.11,1,16,3,65
87.11,1,16,3,65
77.41,1,15,3,65
87.11,1,16,3,65
87.11,1,16,3,65
87.11,1,16,3,65
92.28,1,18,2,65
57.68,1,16,1,65
99.58,1,6,2,65
62.9,1,1,2,65
64.24,1,1,2,65
66.8,1,1,2,65
59.11,1,6,2,65
91.03,1,6,2,65
99.07,1,6,2,65
96.3,1,9,2,65
90.87,1,1,2,65
99.78,1,6,2,65
96.49,1,6,2,65
90.77,1,18,2,65
99.44,1,9,2,65
86.37,1,6,2,65
46.98,1,1,2,65
88.98,1,6,2,65
86.62,1,9,2,65
87.81,1,9,2,65
89.45,1,18,2,65
77.02,1,1,2,65
94.5,1,18,2,65
71.47,1,7,2,65
81.87,1,9,2,65
79.22,1,9,2,65
99.76,1,6,2,65
99.12,1,9,2,65
81.43,1,9,2,65
89.9,1,18,2,65
98.07,1,18,2,65
82.88,1,6,2,65
90.32,1,6,2,65
87.01,1,6,2,65
95.61,1,6,2,65
50.52,1,6,2,65
66.1,1,9,2,65
64.24,1,1,2,65
96.73,1,9,2,65
92.27,1,9,2,65
82.91,1,9,2,65
86.19,1,9,2,65
63.5,1,9,2,65
91.58,1,9,2,65
99.4,1,9,2,65
71.23,1,7,2,65
91.23,1,6,2,65
87.09,1,1,2,65
79.71,1,6,2,65
61.3,1,9,2,65
82.04,1,9,2,65
94.64,1,6,2,65
82.66,1,9,2,65
82.49,1,6,2,65
86.03,1,9,2,65
88.03,1,9,2,65
94.95,1,1,2,65
90.94,1,18,2,65
84.53,1,1,2,65
70.58,1,6,2,65
85.32,1,6,2,65
87.9,1,6,2,65
86.74,1,8,2,65
79.09,1,1,2,65
80.76,1,14,2,65
76.44,1,14,2,65
92.08,1,16,2,65
66.23,1,10,2,65
84.34,1,16,2,65
86.45,1,16,2,65
84.26,1,16,2,65
71.42,1,10,2,65
80.22,1,16,2,65
70.08,1,10,2,65
77.4,1,10,2,65
79.48,1,16,2,65
100.0,1,16,2,65
96.21,1,16,2,65
93.95,1,16,2,65
97.6,1,16,2,65
89.87,1,16,2,65
54.48,0,10,2,65
91.21,1,16,2,65
98.25,1,16,2,65
77.96,1,16,2,65
71.31,1,16,2,65
89.44,1,16,2,65
90.51,1,10,2,65
96.86,1,10,2,65
96.54,1,16,2,65
94.89,1,14,2,65
98.87,1,16,2,65
96.45,1,16,2,65
84.08,1,10,2,65
98.76,1,15,2,65
77.98,1,11,2,65
94.39,1,16,2,65
77.1,1,11,2,65
79.73,1,10,2,65
85.59,1,16,2,65
95.65,1,16,2,65
88.69,1,16,2,65
80.19,1,16,2,65
83.44,1,16,2,65
84.19,1,16,2,65
84.99,1,16,2,65
91.98,1,16,2,65
92.07,1,10,2,65
94.52,1,16,2,65
91.13,1,15,2,65
79.37,1,16,2,65
76.35,1,14,2,65
75.05,1,16,2,65
90.32,1,16,2,65
85.97,1,10,2,65
81.1,1,10,2,65
81.25,1,16,2,65
97.85,1,16,2,65
94.07,1,16,2,65
95.56,1,14,2,65
87.94,1,16,2,65
96.73,1,14,2,65
83.5,0,14,2,65
72.95,1,14,2,65
88.17,1,16,2,65
94.27,1,14,2,65
85.94,1,14,2,65
67.52,1,14,2,65
87.31,1,14,2,65
77.49,1,16,2,65
86.77,1,14,2,65
81.48,0,10,2,65
83.67,1,10,2,65
82.5,1,11,2,65
92.44,1,16,2,65
96.78,1,14,2,65
55.15,1,14,2,65
91.85,1,14,2,65
65.36,1,16,2,65
87.09,1,16,2,65
77.76,1,14,2,65
98.14,1,16,2,65
91.16,1,16,2,65
90.69,1,10,2,65
97.34,1,10,2,65
81.12,1,14,2,65
91.72,1,10,2,65
80.19,1,16,2,65
83.44,1,16,2,65
76.37,1,14,2,65
77.33,1,14,2,65
50.96,1,14,2,65
53.46,1,14,2,65
96.76,1,16,2,65
84.65,1,16,2,65
80.07,1,14,2,65
89.09,1,14,2,65
79.37,1,14,2,65
87.3,1,14,2,65
87.34,1,14,2,65
74.67,1,2,2,65
94.98,1,2,2,65
87.72,1,3,2,65
82.42,1,10,2,65
83.95,1,2,2,65
68.77,1,3,2,65
83.56,1,3,2,65
89.63,1,3,2,65
75.75,1,1,2,65
81.28,1,2,2,65
97.55,1,9,2,65
85.42,1,3,2,65
94.99,1,1,2,65
94.14,1,3,2,65
92.64,1,3,2,65
63.12,1,3,2,65
89.24,1,4,2,65
89.2,1,10,2,65
88.94,1,3,2,65
52.29,1,3,2,65
94.98,1,2,2,65
73.52,1,2,2,65
78.49,1,3,2,65
93.43,1,10,2,65
93.64,1,3,2,65
95.57,1,1,2,65
99.19,1,3,2,65
90.5,1,1,2,65
85.92,1,3,2,65
75.04,1,3,2,65
82.92,1,10,2,65
79.15,1,1,2,65
94.07,1,1,2,65
51.07,1,3,2,65
69.58,1,1,2,65
85.03,1,2,2,65
85.35,1,2,2,65
90.73,1,2,2,65
96.89,1,2,2,65
96.29,1,2,2,65
93.57,1,2,2,65
94.55,1,2,2,65
88.58,1,10,2,65
84.99,1,10,2,65
93.55,1,2,2,65
85.43,1,3,2,65
96.4,1,3,2,65
71.76,1,2,2,65
77.52,1,3,2,65
96.44,1,2,2,65
99.39,1,2,2,65
87.23,1,3,2,65
75.83,1,3,2,65
84.11,1,3,2,65
80.24,1,2,2,65
73.56,1,3,2,65
68.77,1,3,2,65
92.14,1,3,2,65
80.05,1,3,2,65
90.66,1,10,2,65
75.42,1,2,2,65
77.5,1,2,2,65
94.26,1,2,2,65
85.43,1,3,2,65
85.03,1,9,2,65
83.78,1,2,2,65
51.07,1,3,2,65
79.89,1,3,2,65
64.5,1,2,2,65
92.57,1,3,2,65
81.61,1,2,2,65
82.16,1,4,2,65
81.28,1,2,2,65
77.19,1,10,2,65
98.79,1,2,2,65
85.67,1,3,2,65
88.95,1,2,2,65
92.94,1,9,2,65
77.14,1,2,2,65
82.78,1,2,2,65
95.91,1,2,2,65
96.32,1,2,2,65
98.87,1,10,2,65
95.25,1,1,2,65
74.97,1,2,2,65
83.14,1,1,2,65
80.26,1,10,2,65
94.75,1,2,2,65
94.98,1,2,2,65
99.31,1,2,2,65
73.07,1,3,2,65
94.05,1,6,2,65
92.23,1,3,2,65
97.76,1,3,2,65
80.53,1,6,2,65
75.39,1,6,2,65
74.95,1,6,2,65
81.93,1,6,2,65
97.47,1,4,2,65
94.92,1,17,2,65
77.91,1,6,2,65
94.73,1,4,2,65
90.31,1,4,2,65
93.32,1,17,2,65
97.33,1,4,2,65
77.76,1,6,2,65
99.93,1,4,2,65
70.32,1,4,2,65
64.62,1,4,2,65
71.63,1,17,2,65
87.06,1,6,2,65
89.86,1,17,2,65
79.77,1,4,2,65
73.0,1,4,2,65
69.51,1,4,2,65
77.63,1,18,2,65
91.77,1,4,2,65
83.56,1,17,2,65
88.74,1,4,2,65
89.53,1,4,2,65
89.86,1,17,2,65
78.02,1,17,2,65
94.63,1,6,2,65
93.47,1,5,2,65
92.31,1,6,2,65
79.24,1,6,2,65
89.97,1,3,2,65
91.56,1,4,2,65
78.02,1,4,2,65
81.99,1,6,2,65
94.16,1,4,2,65
88.58,1,4,2,65
87.06,1,6,2,65
76.18,1,4,2,65
88.39,1,17,2,65
95.74,1,17,2,65
91.7,1,3,2,65
57.15,1,4,2,65
94.73,1,18,2,65
83.11,1,3,2,65
93.37,1,18,2,65
93.37,1,18,2,65
72.98,1,18,2,65
68.03,1,18,2,65
94.11,1,18,2,65
94.85,1,6,2,65
89.16,1,4,2,65
91.94,1,18,2,65
95.18,1,18,2,65
97.9,1,3,2,65
96.32,1,18,2,65
78.75,1,18,2,65
98.31,1,6,2,65
92.03,1,17,2,65
92.03,1,17,2,65
84.58,1,17,2,65
94.92,1,4,2,65
93.85,1,3,2,65
68.47,1,17,2,65
79.45,1,17,2,65
80.23,1,17,2,65
95.34,1,17,2,65
89.86,1,17,2,65
63.81,1,17,2,65
93.19,1,17,2,65
96.05,1,6,2,65
86.76,1,3,2,65
97.18,1,6,2,65
66.69,1,6,2,65
96.47,1,18,2,65
47.35,1,4,2,65
79.76,1,6,2,65
84.1,0,6,2,65
83.34,1,4,2,65
55.18,1,6,2,65
82.43,1,6,2,65
69.88,1,4,2,65
94.24,1,4,2,65
74.72,1,6,2,65
43.32,1,6,2,65
95.91,1,18,2,65
92.12,1,6,2,65
81.44,1,4,2,65
95.91,1,18,2,65
81.88,1,4,2,65
73.35,1,18,2,65
89.07,1,6,2,65
83.62,1,6,2,65
90.92,1,6,2,65
96.36,1,4,2,65
91.77,1,3,2,65
56.54,0,17,2,65
89.86,1,17,2,65
99.77,1,18,2,65
81.68,1,4,2,65
85.38,1,4,2,65
52.35,1,5,2,65
93.83,1,15,2,65
80.7,1,14,2,65
90.52,0,18,2,65
96.73,1,18,2,65
41.29,1,18,2,65
70.39,1,15,2,65
88.47,0,15,2,65
89.36,1,14,2,65
86.72,1,15,2,65
84.84,1,14,2,65
95.59,1,18,2,65
97.68,0,15,2,65
95.57,1,15,2,65
61.52,1,15,2,65
89.57,1,18,2,65
89.28,1,15,2,65
93.48,1,17,2,65
96.08,1,15,2,65
83.24,1,15,2,65
87.89,1,17,2,65
98.13,1,15,2,65
96.11,1,15,2,65
87.96,1,14,2,65
86.44,1,18,2,65
89.28,1,15,2,65
98.97,1,15,2,65
95.01,1,15,2,65
99.74,1,15,2,65
92.46,1,15,2,65
90.79,1,18,2,65
79.66,1,15,2,65
79.2,1,17,2,65
83.33,1,15,2,65
83.13,1,17,2,65
99.14,1,14,2,65
79.05,1,14,2,65
80.52,1,15,2,65
60.84,1,18,2,65
96.58,1,15,2,65
86.28,1,15,2,65
97.95,1,15,2,65
87.46,1,14,2,65
98.03,1,18,2,65
87.66,1,14,2,65
92.98,1,15,2,65
80.73,1,15,2,65
98.99,1,15,2,65
86.4,1,18,2,65
83.01,1,15,2,65
85.51,1,15,2,65
85.43,1,18,2,65
94.16,1,15,2,65
90.64,1,15,2,65
73.01,1,15,2,65
76.63,1,15,2,65
99.77,1,18,2,65
64.65,1,14,2,65
92.82,1,15,2,65
93.52,1,18,2,65
99.42,1,10,2,65
90.01,1,10,2,65
83.58,1,15,2,65
93.52,1,15,2,65
87.21,1,10,2,65
68.41,1,10,2,65
64.96,1,10,2,65
64.27,1,18,2,65
82.81,1,10,2,65
75.46,1,17,2,65
92.16,1,15,2,65
82.68,1,14,2,65
94.0,1,15,2,65
86.23,1,14,2,65
56.96,1,14,2,65
64.99,1,14,2,65
89.11,1,14,2,65
82.91,1,15,2,65
98.73,1,15,2,65
90.71,1,15,2,65
88.6,1,15,2,65
73.42,1,18,2,65
87.63,1,14,2,65
96.15,1,10,2,65
94.56,1,15,2,65
86.68,1,15,2,65
94.52,1,15,2,65
90.2,1,15,2,65
94.74,1,14,2,65
99.85,1,18,2,65
94.14,1,14,2,65
71.68,1,14,2,65
97.66,1,15,2,65
88.07,1,15,2,65
91.03,1,15,2,65
76.87,1,15,2,65
99.74,1,15,2,65
93.95,1,15,2,65
81.39,1,14,2,65
81.63,1,15,2,65
87.4,1,15,2,65
96.96,1,15,2,65
45.45,1,15,2,65
84.78,1,18,2,65
78.25,1,15,2,65
89.28,1,15,2,65
70.02,1,15,2,65
94.52,1,15,2,65
90.52,1,15,2,65
89.21,1,15,2,65
85.04,1,14,2,65
77.57,1,15,2,65
91.64,1,15,2,65
92.63,1,15,2,65
99.09,1,15,2,65
77.13,1,15,2,65
94.36,1,15,2,65
84.26,1,16,2,65
84.02,1,16,2,65
43.11,1,16,2,65
74.78,1,16,2,65
86.71,1,17,2,65
94.5,1,2,3,65
96.93,1,16,2,65
72.84,1,16,2,65
93.9,1,6,3,65
81.03,1,17,2,65
68.44,1,6,3,65
95.24,1,2,3,65
82.48,1,17,2,65
89.06,1,17,2,65
83.05,1,1,3,65
83.87,1,2,3,65
89.35,1,17,2,65
91.26,1,10,3,65
65.35,1,16,2,65
70.78,1,1,3,65
94.46,1,17,2,65
80.08,1,17,2,65
90.61,1,16,2,65
75.26,1,16,2,65
77.53,1,9,3,65
92.96,1,6,3,65
55.42,1,10,3,65
74.18,1,10,3,65
89.94,1,6,3,65
75.87,1,16,2,65
83.79,1,2,3,65
76.82,1,2,3,65
84.28,1,17,2,65
79.24,1,16,2,65
89.45,1,15,2,65
97.05,1,9,3,65
69.36,1,2,3,65
84.28,1,17,2,65
83.69,1,17,2,65
93.53,1,10,3,65
88.53,1,14,3,65
77.93,1,3,3,65
71.23,1,3,3,65
75.98,1,14,3,65
89.15,1,14,3,65
98.35,1,18,3,65
81.67,1,15,3,65
57.0,1,6,3,65
98.83,1,10,3,65
88.42,1,6,3,65
78.11,1,17,3,65
88.42,1,6,3,65
95.43,1,18,3,65
69.96,1,15,3,65
98.17,1,15,3,65
59.51,1,4,3,65
87.39,1,3,3,65
78.34,1,14,3,65
76.87,1,1,2,65
84.39,1,10,2,65
94.9,1,9,2,65
75.43,1,10,2,65
74.61,1,1,2,65
74.61,1,1,2,65
73.78,1,10,2,65
80.3,1,1,2,65
88.47,1,10,2,65
86.42,1,1,2,65
52.97,1,10,2,65
83.2,1,1,2,65
91.35,1,9,2,65
74.56,1,1,2,65
82.6,1,9,2,65
80.21,1,10,2,65
85.07,1,1,2,65
97.65,1,9,2,65
74.61,1,1,2,65
86.71,1,10,2,65
90.75,1,1,2,65
91.91,1,1,2,65
95.93,1,1,2,65
74.61,1,1,2,65
74.61,1,1,2,65
71.94,1,10,2,65
62.02,1,1,2,65
95.08,1,1,2,65
90.69,1,1,2,65
79.19,1,1,2,65
91.97,1,1,2,65
66.59,1,9,2,65
66.67,1,1,2,65
74.67,1,1,2,65
48.13,1,1,2,65
91.67,1,1,2,65
68.79,1,1,2,65
85.75,1,1,2,65
82.85,1,10,2,65
87.1,1,9,2,65
95.75,1,1,2,65
93.55,1,9,2,65
66.3,1,10,2,65
92.98,1,1,2,65
92.98,1,1,2,65
92.98,1,1,2,65
68.29,1,1,2,65
73.83,1,1,2,65
93.72,1,1,2,65
90.69,1,9,2,65
63.17,1,1,2,65
94.02,1,1,2,65
79.3,1,1,2,65
89.51,1,1,2,65
95.65,1,1,2,65
82.62,1,9,2,65
88.75,1,1,2,65
80.07,1,1,2,65
70.21,1,10,2,65
70.72,1,1,2,65
79.81,1,10,2,65
58.74,0,1,2,65
69.98,1,1,2,65
71.88,1,10,2,65
92.94,1,9,2,65
84.38,1,10,2,65
96.22,1,1,2,65
94.19,1,1,2,65
70.72,1,1,2,65
80.12,1,9,2,65
90.24,1,1,2,65
73.17,1,10,2,65
95.06,1,1,2,65
92.67,1,9,2,65
99.89,1,1,2,65
84.38,1,10,2,65
90.07,1,1,2,65
93.51,1,1,2,65
69.16,1,1,2,65
93.79,1,9,2,65
67.07,1,1,2,65
99.92,1,9,2,65
89.34,1,10,2,65
71.99,1,10,2,65
80.91,1,16,3,66
80.91,1,16,3,66
50.5,1,6,3,66
36.51,1,1,3,66
41.53,1,1,3,66
36.51,1,1,3,66
57.44,1,4,3,66
66.27,1,4,3,66
57.0,1,6,3,66
62.8,1,4,3,66
78.48,1,6,3,66
83.53,1,5,3,66
81.73,1,16,3,67
70.64,1,16,3,67
66.13,1,16,3,67
59.65,1,16,3,67
91.25,1,16,3,67
68.87,1,16,3,67
93.86,1,16,3,67
70.64,1,16,3,67
57.36,1,16,3,67
92.61,1,16,3,67
70.64,1,16,3,67
74.17,1,16,3,67
74.17,1,16,3,67
28.77,1,16,3,67
66.13,1,16,3,67
59.65,1,16,3,67
88.71,1,16,3,67
78.1,1,16,3,67
76.8,1,16,3,67
71.39,1,16,3,67
47.59,1,16,3,67
85.1,1,16,3,67
78.1,1,16,3,67
47.59,1,16,3,67
91.28,1,9,2,67
90.46,1,6,2,67
95.81,1,6,2,67
94.93,1,9,2,67
76.68,1,8,2,67
96.02,1,9,2,67
96.55,1,9,2,67
83.63,1,6,2,67
90.46,1,6,2,67
85.42,1,16,2,67
85.42,1,16,2,67
69.38,1,14,2,67
71.68,1,14,2,67
55.62,1,16,2,67
55.04,1,11,2,67
70.84,1,16,2,67
84.52,0,10,2,67
58.31,1,10,2,67
64.2,1,10,2,67
76.05,1,6,2,67
80.03,1,6,2,67
61.61,1,6,2,67
85.58,1,4,2,67
57.27,1,4,2,67
98.53,1,15,2,67
60.9,1,15,2,67
64.43,1,18,2,67
97.62,1,15,2,67
46.83,1,1,3,67
61.96,1,6,3,67
91.25,1,9,3,67
50.04,1,2,3,67
63.65,1,2,3,67
87.32,1,9,3,67
59.68,1,1,3,67
46.83,1,1,3,67
91.25,1,9,3,67
67.86,1,2,3,67
53.19,1,2,3,67
53.19,1,2,3,67
91.25,1,9,3,67
70.66,1,1,3,67
67.86,1,2,3,67
78.55,1,1,3,67
72.51,1,1,3,67
77.57,1,1,3,67
67.78,1,1,3,67
69.18,1,1,3,67
80.09,1,2,3,67
50.5,1,6,3,67
80.09,1,2,3,67
81.03,1,1,3,67
74.22,1,1,3,67
70.96,1,1,3,67
78.98,1,1,3,67
66.96,1,1,3,67
71.31,1,1,3,67
77.86,1,1,3,67
50.04,1,2,3,67
74.93,1,1,3,67
75.89,1,16,2,67
62.56,1,1,3,67
67.86,1,2,3,67
61.96,1,6,3,67
87.32,1,9,3,67
47.65,1,2,3,67
81.3,1,6,3,67
53.44,1,4,3,67
83.53,1,5,3,67
77.81,1,18,3,67
79.84,1,18,3,67
69.86,1,4,3,67
69.22,1,18,3,67
69.22,1,18,3,67
69.86,1,4,3,67
62.8,1,4,3,67
62.8,1,4,3,67
54.02,1,15,3,67
69.22,1,18,3,67
43.48,1,4,3,67
64.69,1,6,3,67
43.48,1,4,3,67
63.27,1,15,3,67
71.58,1,18,3,67
77.81,1,18,3,67
43.48,1,4,3,67
71.58,1,18,3,67
54.02,1,15,3,67
66.27,1,4,3,67
83.53,1,5,3,67
53.44,1,4,3,67
86.91,1,6,3,67
57.44,1,4,3,67
73.75,1,6,3,67
65.47,1,18,3,67
65.47,1,18,3,67
72.4,1,6,3,67
61.16,1,6,3,67
65.49,1,18,3,67
57.0,1,6,3,67
74.0,1,6,3,67
54.02,1,15,3,67
86.91,1,6,3,67
63.04,1,3,3,67
78.73,1,6,3,67
78.73,1,6,3,67
79.84,1,18,3,67
88.03,1,10,2,67
91.98,1,9,2,67
83.63,1,9,2,67
57.28,1,10,2,67
70.22,1,16,3,68
40.79,1,1,2,68
62.34,1,6,2,68
80.44,1,9,2,68
95.2,1,6,2,68
84.78,1,1,2,68
82.88,1,6,2,68
87.69,1,9,2,68
94.72,1,6,2,68
74.56,1,1,2,68
96.33,1,9,2,68
82.06,1,14,2,68
98.91,1,16,2,68
94.14,1,16,2,68
50.53,1,14,2,68
84.97,1,16,2,68
76.6,1,14,2,68
96.55,1,14,2,68
55.72,1,16,2,68
61.96,1,15,2,68
56.83,1,11,2,68
68.79,1,16,2,68
72.89,1,14,2,68
75.74,1,10,2,68
75.56,1,3,2,68
98.82,1,10,2,68
86.87,1,2,2,68
65.69,1,2,2,68
46.65,1,2,2,68
91.16,0,10,2,68
51.5,1,10,2,68
85.6,1,6,2,68
71.9,1,17,2,68
95.35,1,18,2,68
66.86,1,4,2,68
83.58,1,4,2,68
69.87,1,4,2,68
86.83,0,15,2,68
61.13,1,15,2,68
82.45,1,15,2,68
80.48,1,15,2,68
63.7,1,10,2,68
96.59,1,15,2,68
85.61,1,15,2,68
97.17,1,15,2,68
71.86,1,18,2,68
82.45,1,15,2,68
91.89,1,17,2,68
79.01,1,1,3,68
64.1,1,16,2,68
42.77,1,16,2,68
77.08,1,1,2,68
90.64,1,1,2,68
62.55,1,10,2,68
88.66,1,10,2,68
74.5,1,1,2,68
90.7,1,10,2,68
78.47,1,15,3,69
98.44,1,16,3,69
89.91,0,16,3,69
92.28,1,18,2,69
91.54,1,18,2,69
88.13,1,6,2,69
88.85,1,6,2,69
61.34,1,1,2,69
87.6,1,18,2,69
87.26,1,9,2,69
99.08,1,18,2,69
87.58,1,9,2,69
97.12,1,18,2,69
92.44,1,18,2,69
95.14,1,18,2,69
99.39,1,6,2,69
87.6,1,18,2,69
69.66,0,6,2,69
64.24,1,1,2,69
98.51,1,6,2,69
99.39,1,6,2,69
85.18,1,8,2,69
89.7,1,6,2,69
78.73,1,1,2,69
66.41,1,1,2,69
97.27,1,18,2,69
80.21,1,6,2,69
88.38,1,8,2,69
89.95,1,6,2,69
96.63,1,6,2,69
93.07,1,9,2,69
92.19,1,9,2,69
98.07,1,18,2,69
81.56,1,9,2,69
98.07,1,18,2,69
77.81,1,9,2,69
78.73,1,1,2,69
69.51,1,6,2,69
89.0,1,9,2,69
97.89,1,6,2,69
99.57,1,9,2,69
78.73,1,1,2,69
79.54,1,6,2,69
99.13,1,9,2,69
99.25,1,6,2,69
97.15,1,9,2,69
48.16,1,9,2,69
48.16,1,9,2,69
85.85,1,6,2,69
48.16,1,9,2,69
84.31,1,16,2,69
79.19,1,16,2,69
94.8,1,14,2,69
96.54,1,16,2,69
80.51,1,16,2,69
92.27,1,11,2,69
90.32,1,14,2,69
95.35,1,16,2,69
67.29,1,16,2,69
93.97,1,16,2,69
87.62,1,14,2,69
90.74,1,10,2,69
86.34,1,14,2,69
82.47,1,10,2,69
82.52,1,16,2,69
86.84,1,10,2,69
83.27,1,14,2,69
72.05,1,10,2,69
94.47,1,10,2,69
75.59,1,16,2,69
95.16,1,16,2,69
96.53,1,16,2,69
86.04,1,14,2,69
67.31,1,10,2,69
93.05,1,14,2,69
88.17,1,16,2,69
72.53,1,14,2,69
98.03,1,16,2,69
87.94,1,16,2,69
84.84,1,10,2,69
67.64,1,10,2,69
78.4,1,14,2,69
89.05,1,13,2,69
92.49,1,10,2,69
87.23,0,15,2,69
92.66,1,14,2,69
85.72,1,12,2,69
71.77,1,16,2,69
98.44,1,10,2,69
85.43,1,11,2,69
95.95,1,16,2,69
94.93,1,11,2,69
97.86,1,15,2,69
87.53,1,16,2,69
80.85,1,14,2,69
73.98,1,10,2,69
71.77,1,16,2,69
97.38,1,16,2,69
86.28,1,10,2,69
81.08,1,16,2,69
93.38,1,10,2,69
84.77,1,16,2,69
78.3,1,10,2,69
73.83,1,10,2,69
96.15,1,10,2,69
92.39,1,16,2,69
91.27,1,10,2,69
91.98,1,16,2,69
74.06,1,10,2,69
86.62,1,10,2,69
80.08,1,14,2,69
90.7,1,10,2,69
83.75,1,10,2,69
76.54,1,3,2,69
96.4,1,3,2,69
89.85,1,9,2,69
77.19,1,10,2,69
94.22,1,2,2,69
97.44,1,10,2,69
97.61,1,2,2,69
90.34,1,2,2,69
78.5,1,2,2,69
89.27,1,1,2,69
99.71,1,2,2,69
91.43,1,1,2,69
89.23,1,2,2,69
96.25,1,2,2,69
83.5,1,3,2,69
73.09,1,2,2,69
100.0,1,10,2,69
87.3,1,3,2,69
86.46,1,1,2,69
53.11,1,10,2,69
86.69,1,3,2,69
98.69,1,2,2,69
82.92,1,10,2,69
83.4,1,3,2,69
96.4,1,3,2,69
95.6,1,2,2,69
94.84,1,3,2,69
68.63,1,10,2,69
84.01,1,3,2,69
95.83,1,2,2,69
68.77,1,3,2,69
98.04,1,1,2,69
99.76,1,2,2,69
92.66,1,1,2,69
85.42,1,3,2,69
96.12,1,2,2,69
65.26,1,3,2,69
89.23,1,2,2,69
91.84,1,2,2,69
87.57,1,10,2,69
87.5,1,9,2,69
88.77,1,4,2,69
69.11,1,6,2,69
82.29,1,6,2,69
91.11,1,6,2,69
86.99,1,6,2,69
96.12,1,17,2,69
94.12,1,4,2,69
90.04,1,6,2,69
85.52,1,17,2,69
80.23,1,17,2,69
85.07,0,18,2,69
81.45,1,6,2,69
92.26,1,4,2,69
85.69,1,6,2,69
45.34,1,4,2,69
95.91,1,18,2,69
75.4,1,17,2,69
91.25,1,3,2,69
87.11,1,6,2,69
89.24,1,17,2,69
76.1,1,4,2,69
84.39,1,3,2,69
90.34,1,17,2,69
89.98,1,17,2,69
89.64,1,3,2,69
95.55,1,6,2,69
87.62,1,17,2,69
68.83,1,3,2,69
77.4,1,17,2,69
96.39,1,4,2,69
86.68,1,17,2,69
76.33,1,4,2,69
84.72,1,4,2,69
75.97,1,5,2,69
78.23,1,17,2,69
96.13,1,18,2,69
95.55,1,6,2,69
87.7,1,5,2,69
87.7,1,5,2,69
87.7,1,5,2,69
95.2,1,18,2,69
95.91,1,18,2,69
92.54,1,17,2,69
94.77,1,6,2,69
97.0,1,6,2,69
85.07,1,14,2,69
86.91,1,15,2,69
90.54,1,18,2,69
97.49,1,15,2,69
94.79,0,10,2,69
93.75,1,18,2,69
90.19,1,10,2,69
90.79,1,17,2,69
91.63,1,18,2,69
99.93,1,18,2,69
87.87,1,18,2,69
55.49,1,15,2,69
89.81,1,14,2,69
78.91,1,15,2,69
96.05,1,15,2,69
98.53,1,15,2,69
91.11,1,15,2,69
87.0,1,14,2,69
93.19,1,15,2,69
88.18,1,15,2,69
99.09,1,15,2,69
87.42,1,15,2,69
78.25,1,15,2,69
82.56,1,15,2,69
89.72,1,15,2,69
78.09,1,15,2,69
85.87,1,15,2,69
86.78,1,15,2,69
91.94,1,18,2,69
91.84,1,18,2,69
89.84,1,10,2,69
99.04,1,18,2,69
99.77,1,15,2,69
87.86,1,10,2,69
83.02,1,15,2,69
99.87,1,15,2,69
95.74,1,14,2,69
93.61,1,10,2,69
97.46,1,15,2,69
97.34,1,15,2,69
94.84,1,15,2,69
92.45,1,14,2,69
97.16,1,18,2,69
75.1,1,15,2,69
95.71,1,15,2,69
90.02,1,15,2,69
93.43,1,15,2,69
88.06,1,15,2,69
74.96,1,2,3,69
87.73,1,16,2,69
92.16,1,9,3,69
71.3,1,9,3,69
85.7,1,9,3,69
91.54,1,16,2,69
76.68,1,10,3,69
96.25,1,10,3,69
93.21,1,16,2,69
89.56,1,17,2,69
89.73,1,9,3,69
87.32,1,2,3,69
69.67,1,9,3,69
91.26,1,6,3,69
81.84,1,16,2,69
94.16,1,16,2,69
97.57,1,16,2,69
95.05,1,15,2,69
86.52,1,16,2,69
37.99,0,16,2,69
89.21,1,16,2,69
84.99,1,17,2,69
73.08,1,6,3,69
89.31,1,16,2,69
87.46,1,18,3,69
71.13,1,17,3,69
93.22,1,15,3,69
84.76,1,15,3,69
86.85,1,6,3,69
94.7,1,15,3,69
78.87,1,15,3,69
72.91,1,14,3,69
93.99,1,15,3,69
95.47,1,18,3,69
91.72,1,14,3,69
88.42,1,6,3,69
80.57,1,17,3,69
73.96,1,14,3,69
100.0,1,4,3,69
90.31,1,18,3,69
78.4,1,15,3,69
79.42,1,1,2,69
99.42,1,10,2,69
53.63,1,10,2,69
74.67,1,1,2,69
91.8,1,1,2,69
92.97,1,1,2,69
90.8,1,9,2,69
98.76,1,10,2,69
92.97,1,1,2,69
96.87,1,1,2,69
88.84,1,1,2,69
66.18,1,1,2,69
91.7,1,9,2,69
89.77,1,1,2,69
79.3,1,1,2,69
95.56,1,10,2,69
66.26,1,1,2,69
84.95,1,1,2,69
83.74,1,1,2,69
67.82,1,1,2,69
63.45,1,1,2,69
82.32,1,9,2,69
92.95,1,9,2,69
69.61,1,1,2,69
66.59,1,9,2,69
94.17,1,9,2,69
94.46,1,9,2,69
84.95,1,9,2,69
97.43,1,1,2,69
76.47,1,1,2,69
71.1,1,1,2,69
94.53,1,1,2,69
90.87,1,1,2,69
91.54,1,9,2,69
96.87,1,1,2,69
95.42,1,10,2,69
80.24,1,1,2,69
95.53,1,10,2,69
83.2,1,1,2,69
86.71,1,10,2,69
78.54,1,1,2,69
97.54,1,10,2,69
74.29,1,1,2,69
79.14,1,9,2,69
96.43,1,9,2,69
66.81,1,1,2,69
85.25,1,10,2,69
90.87,1,1,2,69
63.23,1,1,1,70
96.08,1,6,2,70
96.08,1,6,2,70
75.26,0,9,2,70
73.42,1,16,2,70
74.72,1,14,2,70
74.72,1,14,2,70
43.24,0,16,2,70
48.97,0,2,2,70
89.33,1,2,2,70
56.07,1,3,2,70
71.9,0,9,2,70
71.62,1,3,2,70
77.85,1,3,2,70
58.52,0,2,2,70
85.52,1,6,2,70
71.92,1,6,2,70
69.95,1,6,2,70
92.06,1,15,2,70
54.16,0,15,2,70
55.02,1,1,2,70
73.58,0,9,2,70
68.84,1,1,2,70
80.65,1,15,3,71
83.85,1,16,3,71
51.82,1,16,3,71
81.58,1,16,3,71
75.41,1,15,3,71
92.36,1,16,3,71
85.94,1,18,2,71
92.35,1,18,2,71
92.35,1,18,2,71
88.1,1,18,2,71
96.45,1,9,2,71
84.78,1,1,2,71
98.24,1,6,2,71
60.29,1,7,2,71
95.17,1,9,2,71
96.14,1,9,2,71
85.79,1,18,2,71
98.04,1,9,2,71
80.07,1,9,2,71
85.79,1,18,2,71
95.36,1,9,2,71
97.38,1,9,2,71
88.35,1,9,2,71
67.95,1,9,2,71
84.27,1,9,2,71
83.19,1,9,2,71
86.08,1,9,2,71
95.09,1,9,2,71
83.14,1,9,2,71
95.49,1,9,2,71
96.72,1,9,2,71
85.79,1,18,2,71
84.0,1,7,2,71
93.62,1,9,2,71
45.74,1,7,2,71
98.18,1,9,2,71
99.9,1,9,2,71
85.44,0,9,2,71
82.21,1,9,2,71
86.03,1,7,2,71
96.74,1,9,2,71
96.45,1,9,2,71
84.65,1,7,2,71
67.29,1,7,2,71
82.24,1,18,2,71
86.62,1,18,2,71
92.78,1,9,2,71
95.72,1,9,2,71
95.43,1,9,2,71
97.32,1,9,2,71
64.71,1,9,2,71
98.14,1,9,2,71
91.4,1,18,2,71
93.0,1,9,2,71
87.88,1,1,2,71
83.81,1,7,2,71
77.69,1,7,2,71
70.02,1,7,2,71
79.27,1,1,2,71
58.63,1,6,2,71
89.89,1,9,2,71
88.89,1,18,2,71
62.62,1,1,2,71
83.25,1,18,2,71
96.63,1,9,2,71
90.8,1,9,2,71
84.58,1,18,2,71
90.19,1,9,2,71
84.11,1,9,2,71
91.66,1,18,2,71
65.6,1,9,2,71
67.97,1,9,2,71
94.83,1,9,2,71
94.83,1,9,2,71
82.97,1,9,2,71
86.35,1,9,2,71
72.4,1,7,2,71
98.43,1,9,2,71
77.87,1,7,2,71
81.31,1,7,2,71
99.42,1,9,2,71
97.53,1,9,2,71
81.52,1,6,2,71
85.79,1,18,2,71
98.44,1,9,2,71
90.18,1,9,2,71
69.8,1,6,2,71
86.14,1,9,2,71
99.44,1,6,2,71
72.22,1,6,2,71
92.11,1,9,2,71
85.07,1,9,2,71
79.26,1,9,2,71
93.73,1,18,2,71
92.11,1,9,2,71
96.16,1,6,2,71
81.52,1,6,2,71
80.75,1,6,2,71
93.44,1,6,2,71
90.7,1,6,2,71
87.61,1,6,2,71
92.6,1,6,2,71
95.91,1,9,2,71
83.91,1,1,2,71
84.27,1,1,2,71
85.04,1,9,2,71
90.2,1,1,2,71
83.2,1,6,2,71
93.05,1,6,2,71
64.76,1,6,2,71
86.66,1,1,2,71
90.68,1,9,2,71
77.69,1,6,2,71
86.4,1,1,2,71
81.98,1,1,2,71
79.08,1,6,2,71
81.93,1,1,2,71
81.98,1,1,2,71
87.88,1,1,2,71
78.84,1,1,2,71
89.68,1,6,2,71
90.39,1,1,2,71
96.23,1,9,2,71
97.83,1,6,2,71
86.37,1,1,2,71
80.71,1,1,2,71
88.71,1,1,2,71
97.53,1,1,2,71
79.76,1,1,2,71
79.67,1,1,2,71
78.75,1,6,2,71
86.96,1,1,2,71
70.15,1,9,2,71
87.45,1,7,2,71
86.96,1,1,2,71
71.84,1,6,2,71
99.46,1,6,2,71
74.78,1,9,2,71
83.02,1,6,2,71
83.02,1,6,2,71
85.41,1,6,2,71
72.87,1,9,2,71
81.09,1,9,2,71
82.07,1,6,2,71
92.11,1,9,2,71
78.0,1,8,2,71
88.63,1,6,2,71
85.68,1,9,2,71
83.84,1,8,2,71
85.07,1,8,2,71
93.08,1,8,2,71
90.5,1,6,2,71
86.02,1,9,2,71
90.63,1,6,2,71
75.97,1,9,2,71
78.61,1,6,2,71
82.03,1,6,2,71
91.66,1,6,2,71
71.25,1,6,2,71
98.58,1,9,2,71
80.7,1,9,2,71
89.81,1,16,2,71
88.01,1,13,2,71
61.51,1,14,2,71
89.89,1,16,2,71
87.79,1,16,2,71
98.49,1,16,2,71
57.64,1,16,2,71
68.98,1,16,2,71
87.52,1,10,2,71
87.62,1,16,2,71
83.65,1,14,2,71
93.58,1,16,2,71
93.58,1,16,2,71
61.32,1,10,2,71
98.41,0,10,2,71
74.02,1,16,2,71
94.7,1,16,2,71
93.71,1,16,2,71
92.87,1,16,2,71
82.73,1,16,2,71
82.73,1,16,2,71
87.13,0,15,2,71
92.23,1,16,2,71
97.61,1,16,2,71
72.29,1,10,2,71
92.36,1,16,2,71
95.77,1,16,2,71
96.15,1,16,2,71
97.34,1,16,2,71
84.59,1,10,2,71
95.08,1,16,2,71
83.4,1,16,2,71
79.7,1,16,2,71
89.59,1,10,2,71
93.4,1,10,2,71
89.84,1,16,2,71
77.36,1,16,2,71
95.36,1,10,2,71
94.93,1,10,2,71
76.28,1,15,2,71
99.32,1,10,2,71
93.02,1,10,2,71
76.15,1,10,2,71
81.79,1,16,2,71
67.21,1,14,2,71
66.65,1,14,2,71
47.79,1,16,2,71
77.19,1,14,2,71
47.79,1,16,2,71
98.05,1,16,2,71
88.25,1,16,2,71
74.28,1,15,2,71
64.71,1,14,2,71
67.27,1,10,2,71
58.02,1,10,2,71
96.85,1,10,2,71
93.05,1,14,2,71
57.26,1,10,2,71
95.33,1,10,2,71
74.53,1,16,2,71
86.62,1,10,2,71
59.92,1,10,2,71
65.19,1,10,2,71
89.89,1,16,2,71
74.94,1,14,2,71
67.57,1,16,2,71
89.36,1,14,2,71
89.89,1,16,2,71
85.82,1,10,2,71
89.89,1,16,2,71
88.83,1,11,2,71
74.77,1,16,2,71
84.21,1,11,2,71
86.62,1,10,2,71
87.79,1,16,2,71
98.32,1,10,2,71
69.4,1,14,2,71
90.49,1,11,2,71
93.16,1,11,2,71
77.89,1,14,2,71
59.2,1,14,2,71
83.77,1,15,2,71
54.98,1,10,2,71
82.51,1,10,2,71
74.54,1,14,2,71
96.77,1,14,2,71
70.31,1,15,2,71
90.26,1,14,2,71
65.37,1,10,2,71
94.32,1,14,2,71
99.28,1,10,2,71
99.74,1,15,2,71
94.69,1,16,2,71
78.64,1,10,2,71
87.69,1,14,2,71
84.13,1,14,2,71
89.76,1,14,2,71
89.43,1,14,2,71
76.56,1,14,2,71
69.49,1,16,2,71
79.23,1,11,2,71
89.26,1,10,2,71
90.4,0,12,2,71
88.47,1,14,2,71
98.81,1,16,2,71
90.28,1,11,2,71
67.11,0,11,2,71
80.03,1,14,2,71
83.51,1,16,2,71
69.49,1,16,2,71
97.83,1,11,2,71
82.64,1,16,2,71
67.5,1,12,2,71
99.58,1,16,2,71
90.89,1,16,2,71
73.72,1,10,2,71
93.68,1,13,2,71
96.75,1,12,2,71
88.17,1,16,2,71
94.09,1,16,2,71
95.57,1,14,2,71
89.68,1,10,2,71
84.63,1,2,2,71
99.65,1,9,2,71
82.25,1,10,2,71
69.72,1,3,2,71
94.29,1,1,2,71
81.63,1,3,2,71
82.23,1,2,2,71
94.29,1,1,2,71
82.77,1,10,2,71
84.64,1,10,2,71
84.07,1,1,2,71
86.17,1,3,2,71
47.23,1,3,2,71
93.39,1,2,2,71
84.06,1,1,2,71
78.57,1,2,2,71
83.94,1,10,2,71
83.59,1,9,2,71
81.82,1,3,2,71
86.07,1,10,2,71
80.32,1,10,2,71
95.41,1,10,2,71
82.16,1,10,2,71
85.33,1,10,2,71
94.67,1,9,2,71
97.3,1,2,2,71
84.06,1,1,2,71
97.57,1,2,2,71
80.42,1,2,2,71
81.63,1,2,2,71
52.34,1,1,2,71
68.86,1,10,2,71
79.49,1,10,2,71
68.86,1,10,2,71
85.57,0,3,2,71
89.86,1,1,2,71
93.99,1,10,2,71
88.21,1,10,2,71
90.24,1,3,2,71
74.42,1,1,2,71
89.72,1,10,2,71
99.0,1,3,2,71
82.13,1,10,2,71
92.27,1,9,2,71
93.57,1,2,2,71
86.92,1,10,2,71
88.92,1,10,2,71
87.3,1,10,2,71
84.06,1,1,2,71
71.46,1,10,2,71
90.01,0,3,2,71
79.27,1,10,2,71
81.03,1,1,2,71
86.05,1,9,2,71
84.06,1,1,2,71
84.06,1,1,2,71
93.89,1,10,2,71
89.41,1,2,2,71
93.89,1,3,2,71
78.85,1,2,2,71
88.37,1,5,2,71
76.32,1,6,2,71
46.74,1,6,2,71
81.48,1,17,2,71
70.52,1,17,2,71
85.99,1,6,2,71
52.13,1,6,2,71
81.31,1,6,2,71
71.6,1,17,2,71
89.49,1,17,2,71
96.3,1,6,2,71
83.73,1,6,2,71
70.23,1,17,2,71
80.57,1,17,2,71
72.86,1,17,2,71
84.68,1,6,2,71
74.63,1,17,2,71
73.99,1,3,2,71
78.24,1,17,2,71
78.24,1,17,2,71
81.59,1,6,2,71
73.99,1,3,2,71
84.87,1,3,2,71
89.14,1,4,2,71
70.78,1,17,2,71
70.78,1,17,2,71
70.78,1,17,2,71
95.96,1,17,2,71
96.53,1,6,2,71
93.29,1,18,2,71
95.75,1,18,2,71
58.61,1,6,2,71
77.59,1,6,2,71
92.27,1,17,2,71
53.54,1,6,2,71
98.86,1,4,2,71
94.91,1,18,2,71
88.44,1,17,2,71
60.04,1,6,2,71
96.61,1,6,2,71
98.22,1,6,2,71
94.91,1,18,2,71
92.4,1,18,2,71
92.53,1,6,2,71
97.93,1,6,2,71
69.6,1,6,2,71
77.77,1,6,2,71
94.8,1,18,2,71
80.55,1,18,2,71
89.63,1,18,2,71
88.06,1,6,2,71
79.82,1,5,2,71
96.38,1,6,2,71
77.44,1,3,2,71
67.09,1,6,2,71
96.42,1,6,2,71
96.4,1,6,2,71
94.42,1,6,2,71
91.75,1,18,2,71
98.02,1,18,2,71
97.47,1,18,2,71
97.9,1,18,2,71
97.47,1,18,2,71
97.66,1,6,2,71
82.31,1,17,2,71
82.69,1,3,2,71
92.47,1,18,2,71
95.25,1,6,2,71
98.49,1,18,2,71
98.32,1,6,2,71
83.61,1,3,2,71
79.43,1,3,2,71
88.47,1,5,2,71
86.67,1,6,2,71
82.87,1,17,2,71
95.4,1,18,2,71
77.29,1,4,2,71
53.76,1,4,2,71
80.32,1,6,2,71
96.72,1,4,2,71
96.72,1,4,2,71
95.1,1,5,2,71
83.41,1,5,2,71
96.72,1,4,2,71
65.37,1,6,2,71
80.8,1,5,2,71
86.3,1,18,2,71
78.5,1,17,2,71
98.88,1,18,2,71
68.41,1,15,2,71
93.27,1,15,2,71
89.41,1,15,2,71
75.26,1,18,2,71
84.18,1,15,2,71
63.87,1,15,2,71
98.67,1,15,2,71
81.88,1,15,2,71
94.08,1,15,2,71
75.27,1,15,2,71
73.68,1,14,2,71
95.38,1,15,2,71
76.3,1,15,2,71
90.53,1,15,2,71
66.35,1,15,2,71
87.45,1,18,2,71
76.37,0,14,2,71
78.09,1,15,2,71
84.99,1,15,2,71
96.11,1,15,2,71
89.73,1,17,2,71
97.37,1,15,2,71
91.58,1,10,2,71
95.63,1,15,2,71
87.23,1,15,2,71
85.92,1,15,2,71
71.07,1,15,2,71
95.57,1,15,2,71
88.17,1,15,2,71
59.13,1,15,2,71
81.09,1,15,2,71
96.05,1,15,2,71
99.93,1,15,2,71
92.03,1,15,2,71
99.56,1,15,2,71
89.76,1,15,2,71
90.59,1,10,2,71
61.09,1,10,2,71
71.9,1,10,2,71
92.61,1,18,2,71
66.76,1,15,2,71
89.56,1,15,2,71
85.96,1,18,2,71
85.75,1,15,2,71
89.13,1,10,2,71
92.66,1,10,2,71
83.98,1,15,2,71
79.14,1,10,2,71
100.0,1,10,2,71
86.26,1,18,2,71
72.11,1,15,2,71
91.67,1,15,2,71
62.01,1,10,2,71
80.82,1,10,2,71
79.75,1,15,2,71
65.3,1,15,2,71
82.16,1,10,2,71
95.88,1,15,2,71
95.78,1,15,2,71
99.12,1,15,2,71
79.58,1,15,2,71
77.67,1,15,2,71
97.31,1,15,2,71
73.5,1,15,2,71
69.57,1,15,2,71
91.08,1,15,2,71
97.41,1,15,2,71
66.73,1,10,2,71
90.56,1,15,2,71
85.23,1,18,2,71
81.2,1,15,2,71
92.95,1,15,2,71
87.42,1,15,2,71
71.83,1,15,2,71
68.64,1,15,2,71
83.92,1,15,2,71
82.92,1,18,2,71
87.61,0,14,2,71
82.27,1,14,2,71
89.3,1,15,2,71
81.34,1,10,2,71
95.0,1,15,2,71
88.7,1,15,2,71
91.92,1,15,2,71
67.62,1,15,2,71
81.5,1,15,2,71
89.41,1,15,2,71
99.38,1,15,2,71
84.41,1,15,2,71
74.02,1,15,2,71
76.45,1,15,2,71
80.83,1,15,2,71
54.08,1,15,2,71
74.58,1,18,2,71
99.86,1,15,2,71
78.23,1,15,2,71
92.46,1,15,2,71
93.02,1,15,2,71
95.29,1,15,2,71
78.81,1,15,2,71
87.81,1,15,2,71
88.35,1,17,2,71
80.78,1,18,2,71
87.7,1,18,2,71
93.57,1,14,2,71
95.86,1,17,2,71
82.91,1,15,2,71
89.21,0,17,2,71
78.74,1,15,2,71
90.04,1,17,2,71
73.68,1,14,2,71
89.48,1,15,2,71
89.42,1,14,2,71
91.74,1,15,2,71
94.04,1,15,2,71
96.71,1,15,2,71
69.4,1,15,2,71
89.65,1,15,2,71
78.82,1,15,2,71
90.85,1,15,2,71
84.39,1,17,2,71
85.0,1,18,2,71
96.41,1,18,2,71
76.3,1,14,2,71
93.49,1,15,2,71
85.96,1,18,2,71
83.97,1,14,2,71
75.64,1,17,2,71
90.85,1,15,2,71
89.84,1,15,2,71
97.77,1,6,3,71
86.58,1,16,2,71
77.45,1,16,2,71
93.8,1,2,3,71
60.12,1,1,3,71
86.38,1,17,2,71
98.43,1,6,3,71
88.44,1,16,2,71
66.21,1,9,3,71
66.21,1,9,3,71
99.26,1,6,3,71
99.26,1,6,3,71
99.26,1,6,3,71
73.6,1,16,2,71
90.1,1,16,2,71
97.23,1,17,2,71
68.85,1,15,2,71
66.21,1,9,3,71
84.29,1,10,3,71
83.85,1,16,2,71
89.28,1,17,2,71
56.3,1,16,2,71
79.29,1,17,2,71
57.77,1,16,2,71
91.31,1,9,3,71
99.41,1,9,3,71
87.7,1,10,3,71
100.0,1,1,3,71
83.07,1,16,2,71
63.52,1,16,2,71
89.28,1,17,2,71
90.1,1,16,2,71
79.07,1,9,3,71
83.16,1,15,2,71
73.11,1,15,2,71
72.47,1,9,3,71
89.28,1,17,2,71
80.95,1,17,2,71
80.68,1,10,3,71
84.44,1,9,3,71
87.61,1,3,3,71
86.58,1,16,2,71
98.46,1,6,3,71
66.59,1,10,3,71
85.5,1,17,2,71
99.35,1,10,3,71
90.1,1,16,2,71
85.86,1,17,2,71
94.98,1,17,2,71
66.98,1,16,2,71
73.88,1,16,2,71
66.21,1,9,3,71
84.38,1,15,3,71
89.74,1,14,3,71
81.02,1,14,3,71
79.77,1,3,3,71
86.12,1,15,3,71
95.11,1,15,3,71
79.88,1,15,3,71
74.03,1,6,3,71
87.59,1,6,3,71
80.14,1,15,3,71
80.06,1,6,3,71
77.33,1,3,3,71
89.55,1,3,3,71
97.13,1,10,3,71
85.53,1,15,3,71
100.0,1,10,3,71
75.89,1,6,3,71
89.55,1,3,3,71
83.26,1,15,3,71
67.4,1,15,3,71
82.35,1,18,3,71
99.84,1,3,3,71
99.71,1,14,3,71
87.09,1,17,3,71
96.38,1,18,3,71
98.38,1,1,2,71
96.0,1,9,2,71
69.55,1,10,2,71
81.5,1,1,2,71
87.55,1,9,2,71
89.83,1,9,2,71
99.0,1,1,2,71
89.31,1,9,2,71
86.48,1,1,2,71
60.72,1,1,2,71
77.14,1,1,2,71
98.13,1,1,2,71
92.21,1,9,2,71
74.92,1,10,2,71
92.36,1,9,2,71
97.45,1,9,2,71
92.88,1,1,2,71
77.14,1,1,2,71
95.4,1,9,2,71
63.72,1,1,2,71
98.53,1,9,2,71
80.36,1,10,2,71
70.11,1,9,2,71
87.67,1,1,2,71
84.09,1,9,2,71
92.25,1,9,2,71
92.25,1,9,2,71
86.36,1,1,2,71
99.0,1,1,2,71
61.35,1,1,2,71
93.59,1,9,2,71
89.83,1,9,2,71
77.34,1,1,2,71
89.27,1,9,2,71
90.02,1,10,2,71
54.07,1,10,2,71
95.82,1,10,2,71
100.0,1,10,2,71
69.42,1,1,2,71
68.39,1,9,2,71
69.48,1,1,2,71
86.65,1,9,2,71
98.38,1,1,2,71
95.28,1,9,2,71
66.63,1,10,2,71
88.62,1,1,2,71
98.64,1,9,2,71
93.89,1,9,2,71
77.89,1,1,2,71
86.52,1,1,2,71
90.95,1,10,2,71
79.17,1,1,2,71
98.28,1,1,2,71
88.63,1,9,2,71
82.21,1,10,2,71
92.41,1,10,2,71
86.56,1,1,2,71
81.17,1,1,2,71
96.79,1,10,2,71
94.76,1,10,2,71
77.85,1,10,2,71
87.43,1,1,2,71
62.03,1,10,2,71
89.38,1,10,2,71
81.8,1,10,2,71
83.57,1,10,2,71
93.91,1,10,2,71
72.48,1,1,2,71
66.72,1,10,2,71
90.32,1,10,2,71
77.59,1,1,2,71
91.78,1,1,2,71
69.12,1,1,2,71
80.86,1,9,2,71
67.34,1,1,2,71
100.0,1,10,2,71
90.83,1,10,2,71
84.32,1,10,2,71
91.6,1,10,2,71
93.94,1,10,2,71
95.58,1,10,2,71
90.34,1,1,2,71
93.64,1,10,2,71
79.04,1,10,2,71
97.31,1,10,2,71
84.95,1,10,2,71
88.93,1,1,2,71
68.39,1,9,2,71
91.06,1,10,2,71
90.28,1,10,2,71
68.39,1,9,2,71
95.33,1,9,2,71
82.86,1,1,2,71
66.0,1,1,2,71
79.68,1,10,2,71
99.66,1,10,2,71
79.37,1,10,2,71
98.05,1,1,2,71
72.78,1,1,2,71
94.03,1,10,2,71
98.2,1,10,2,71
96.3,1,1,2,71
77.06,1,1,2,71
92.58,1,1,2,71
89.3,1,9,2,71
84.69,1,1,2,71
68.15,1,10,2,71
95.72,1,1,2,71
94.79,1,1,2,71
89.4,1,1,2,71
66.99,1,1,2,71
61.9,1,1,2,71
97.85,1,10,2,71
95.57,1,9,2,71
88.05,1,9,2,71
89.9,1,10,2,71
75.08,1,9,2,71
96.27,1,10,2,71
55.12,1,1,2,71
93.33,1,1,2,71
94.79,1,1,2,71
87.67,1,1,2,71
74.08,1,10,2,71
94.79,1,1,2,71
93.33,1,1,2,71
92.54,1,10,2,71
92.62,1,1,2,71
64.6,1,1,2,71
94.12,1,10,2,71
58.07,1,10,2,71
63.22,1,10,2,71
90.93,1,16,3,72
75.57,1,16,3,72
99.94,1,16,3,72
45.53,1,16,3,72
97.94,1,16,3,72
85.77,1,7,1,72
85.03,1,6,1,72
99.78,1,4,1,72
96.53,1,10,1,72
99.9,1,10,1,72
91.04,1,9,2,72
54.94,1,18,2,72
97.52,1,6,2,72
89.17,1,18,2,72
86.61,1,6,2,72
77.89,0,7,2,72
82.2,1,6,2,72
88.0,1,6,2,72
86.13,1,6,2,72
81.78,1,7,2,72
97.27,1,9,2,72
82.2,1,6,2,72
47.49,0,7,2,72
54.94,1,18,2,72
46.9,0,7,2,72
68.41,0,6,2,72
97.34,1,6,2,72
92.9,1,6,2,72
96.14,1,6,2,72
78.28,1,6,2,72
50.04,1,7,2,72
80.44,1,16,2,72
94.55,1,14,2,72
87.99,1,10,2,72
70.97,1,16,2,72
70.92,0,15,2,72
61.41,1,16,2,72
62.86,0,10,2,72
73.05,1,2,2,72
55.37,1,1,2,72
66.25,1,1,2,72
64.05,1,1,2,72
75.5,0,2,2,72
75.43,1,10,2,72
47.49,1,3,2,72
94.0,0,4,2,72
92.99,1,17,2,72
91.06,1,17,2,72
57.52,1,6,2,72
92.56,1,17,2,72
83.12,1,6,2,72
92.9,1,17,2,72
81.27,1,6,2,72
91.15,1,17,2,72
90.46,1,17,2,72
68.75,1,4,2,72
73.16,1,4,2,72
64.64,1,6,2,72
82.37,1,6,2,72
71.59,1,6,2,72
93.0,1,17,2,72
69.15,0,6,2,72
78.07,1,6,2,72
72.52,1,17,2,72
93.72,1,17,2,72
85.65,1,6,2,72
85.81,1,15,2,72
61.57,1,15,2,72
95.13,1,15,2,72
89.38,1,14,2,72
87.67,1,15,2,72
44.6,0,15,2,72
98.91,1,15,2,72
88.26,1,2,3,72
53.63,1,6,3,72
86.57,1,2,3,72
79.48,1,6,3,72
88.7,1,1,3,72
76.14,1,1,3,72
74.29,1,6,3,72
91.64,1,6,3,72
80.43,1,6,3,72
85.92,1,1,3,72
46.26,1,9,3,72
52.11,1,1,3,72
52.4,1,1,3,72
94.9,1,1,3,72
95.07,0,16,2,72
96.99,1,1,3,72
99.79,1,1,3,72
84.1,1,1,3,72
84.1,1,1,3,72
87.48,1,10,3,72
94.4,0,9,3,72
90.86,1,1,3,72
69.38,1,15,2,72
93.99,1,6,3,72
40.85,1,1,3,72
59.03,1,1,3,72
89.24,1,2,3,72
66.41,1,2,3,72
83.38,1,1,3,72
90.86,1,6,3,72
82.39,1,2,3,72
92.03,1,18,3,72
95.11,1,18,3,72
99.39,1,18,3,72
94.82,1,2,3,72
91.22,0,16,2,72
89.57,0,6,3,72
86.35,1,6,3,72
87.07,1,6,3,72
76.73,1,1,3,72
90.17,1,2,3,72
88.59,1,6,3,72
85.31,1,16,2,72
88.65,1,16,2,72
71.04,1,1,3,72
82.45,1,1,3,72
74.28,1,1,3,72
91.2,1,2,3,72
96.39,1,6,3,72
69.49,1,1,3,72
92.03,1,2,3,72
85.53,1,1,3,72
94.87,1,10,3,72
94.16,1,6,3,72
85.07,1,6,3,72
87.33,1,6,3,72
89.07,1,2,3,72
52.71,1,17,3,72
88.21,1,6,3,72
62.1,1,6,3,72
70.26,1,15,3,72
97.01,1,4,3,72
82.55,1,15,3,72
99.93,1,15,3,72
97.95,1,14,3,72
95.44,1,6,3,72
81.74,1,6,3,72
86.69,1,4,3,72
74.24,1,6,3,72
72.0,1,18,3,72
75.06,1,6,3,72
94.71,1,14,3,72
79.81,1,18,3,72
95.18,1,18,3,72
68.43,1,6,3,72
73.22,1,6,3,72
79.55,1,6,3,72
72.38,1,6,3,72
99.93,1,4,3,72
84.24,1,18,3,72
97.63,1,18,3,72
73.89,1,18,3,72
84.13,1,6,3,72
61.95,1,17,3,72
87.02,1,15,3,72
76.13,1,11,3,72
83.27,1,4,3,72
71.36,1,18,3,72
96.17,1,18,3,72
72.6,1,6,3,72
81.93,1,4,3,72
89.44,1,6,3,72
80.77,1,10,3,72
86.71,1,17,3,72
85.83,1,3,3,72
95.13,0,17,3,72
68.65,1,1,2,72
91.46,1,1,2,72
91.95,1,9,2,72
63.8,1,1,2,72
46.34,1,1,2,72
91.95,1,9,2,72
64.05,1,1,2,72
72.01,1,1,2,72
93.81,1,1,2,72
95.57,1,1,2,72
66.25,1,1,2,72
91.95,1,9,2,72
91.95,1,9,2,72
90.15,1,16,1,73
76.92,1,6,2,73
75.22,1,1,2,73
84.7,1,6,2,73
71.2,1,6,2,73
87.4,1,9,2,73
90.13,1,6,2,73
90.02,1,9,2,73
78.24,1,9,2,73
93.81,1,1,2,73
78.24,1,9,2,73
78.24,1,9,2,73
44.52,1,1,2,73
66.41,1,6,2,73
68.29,1,16,2,73
91.35,1,16,2,73
91.95,1,10,2,73
66.55,1,16,2,73
75.18,1,16,2,73
89.54,1,16,2,73
82.81,1,16,2,73
54.55,1,10,2,73
96.74,1,14,2,73
60.46,1,16,2,73
82.28,1,16,2,73
82.47,1,14,2,73
77.74,1,16,2,73
69.63,1,16,2,73
99.77,1,16,2,73
95.57,1,14,2,73
95.48,1,14,2,73
92.13,1,14,2,73
68.79,1,16,2,73
87.3,1,14,2,73
74.75,1,2,2,73
72.96,1,2,2,73
79.52,1,2,2,73
70.14,1,2,2,73
83.65,1,9,2,73
89.06,1,4,2,73
46.13,1,2,2,73
88.13,1,3,2,73
76.28,1,10,2,73
66.29,1,2,2,73
72.2,1,2,2,73
89.26,1,2,2,73
95.77,1,3,2,73
86.76,1,3,2,73
73.12,1,2,2,73
62.39,1,6,2,73
76.12,1,6,2,73
94.71,1,18,2,73
79.97,1,3,2,73
94.69,1,18,2,73
93.02,1,18,2,73
80.18,1,6,2,73
87.95,1,4,2,73
67.02,1,6,2,73
72.18,1,4,2,73
92.1,1,3,2,73
95.8,0,5,2,73
83.9,1,17,2,73
67.89,1,18,2,73
95.63,1,5,2,73
87.44,1,15,2,73
85.83,1,15,2,73
89.82,1,15,2,73
94.32,1,15,2,73
91.19,1,15,2,73
88.83,1,15,2,73
67.31,1,15,2,73
96.11,1,15,2,73
85.78,1,18,2,73
72.81,1,15,2,73
58.24,1,14,2,73
67.67,1,10,2,73
80.7,1,15,2,73
64.35,1,15,2,73
81.59,1,14,2,73
94.47,1,18,2,73
89.85,1,15,2,73
97.35,1,15,2,73
86.29,1,15,2,73
83.68,1,16,2,73
81.92,1,16,2,73
82.38,1,15,2,73
81.28,1,17,2,73
96.97,1,16,2,73
89.99,1,17,2,73
84.26,1,17,2,73
72.71,1,17,2,73
89.09,1,10,3,73
96.55,1,10,3,73
87.81,1,10,3,73
75.8,1,1,2,73
95.7,1,1,2,73
67.62,1,9,2,73
48.93,1,1,2,73
74.24,1,1,2,73
74.52,1,1,2,73
92.76,1,9,2,73
97.64,1,9,2,73
75.8,1,1,2,73
52.19,1,1,2,73
86.95,1,1,2,73
74.52,1,1,2,73
74.99,1,16,3,74
93.26,1,16,1,74
80.43,1,1,2,74
80.14,1,6,2,74
44.2,1,1,2,74
80.43,1,6,2,74
84.92,1,9,2,74
76.58,0,9,2,74
70.6,1,6,2,74
79.92,1,6,2,74
78.22,1,6,2,74
89.7,1,1,2,74
75.84,0,1,2,74
70.05,0,1,2,74
69.86,1,6,2,74
93.85,0,6,2,74
76.64,0,9,2,74
86.11,1,9,2,74
81.09,1,9,2,74
85.82,1,6,2,74
78.37,0,1,2,74
96.73,0,6,2,74
66.14,0,6,2,74
70.16,1,6,2,74
82.74,0,9,2,74
77.18,1,9,2,74
66.67,0,9,2,74
77.18,1,9,2,74
77.18,1,9,2,74
86.11,0,6,2,74
96.22,1,6,2,74
81.52,1,1,2,74
90.86,1,1,2,74
88.98,0,6,2,74
90.21,1,6,2,74
85.27,0,9,2,74
67.0,1,7,2,74
74.84,1,7,2,74
91.48,1,6,2,74
93.85,1,14,2,74
92.92,1,16,2,74
81.41,1,16,2,74
87.64,1,16,2,74
93.88,1,14,2,74
100.0,0,16,2,74
56.67,0,14,2,74
71.19,0,16,2,74
86.8,0,16,2,74
83.68,1,16,2,74
86.73,0,16,2,74
57.62,1,10,2,74
93.29,1,14,2,74
81.39,0,16,2,74
96.15,1,14,2,74
90.53,1,16,2,74
92.33,1,16,2,74
93.2,1,16,2,74
91.04,1,15,2,74
82.63,0,14,2,74
53.49,1,10,2,74
84.06,1,16,2,74
92.34,1,10,2,74
95.26,1,14,2,74
69.06,1,10,2,74
61.41,1,10,2,74
65.56,1,16,2,74
84.67,0,10,2,74
83.53,1,16,2,74
61.88,1,16,2,74
87.64,1,16,2,74
99.77,1,16,2,74
75.68,0,16,2,74
81.45,1,16,2,74
90.9,0,16,2,74
95.73,1,16,2,74
88.59,1,14,2,74
81.74,1,10,2,74
91.0,1,14,2,74
85.25,1,10,2,74
68.94,1,16,2,74
76.81,1,16,2,74
99.62,1,10,2,74
48.94,0,10,2,74
93.44,0,10,2,74
78.09,0,14,2,74
82.81,1,16,2,74
86.24,0,16,2,74
96.79,1,16,2,74
89.47,1,16,2,74
82.27,1,2,2,74
61.85,1,2,2,74
91.63,1,4,2,74
50.35,0,1,2,74
85.8,0,3,2,74
88.47,1,1,2,74
84.82,0,1,2,74
86.76,1,3,2,74
77.21,1,2,2,74
85.76,1,2,2,74
73.49,1,2,2,74
93.7,1,3,2,74
82.88,1,1,2,74
79.03,1,2,2,74
93.37,1,2,2,74
77.78,1,9,2,74
73.38,0,9,2,74
71.37,1,2,2,74
72.86,0,2,2,74
67.57,1,2,2,74
73.5,1,2,2,74
56.43,1,2,2,74
88.01,0,1,2,74
73.14,0,2,2,74
99.67,1,2,2,74
88.47,1,1,2,74
83.52,1,4,2,74
89.12,1,3,2,74
97.06,1,2,2,74
99.88,1,2,2,74
99.06,1,2,2,74
83.77,1,1,2,74
81.17,0,3,2,74
99.76,1,2,2,74
54.29,1,2,2,74
99.78,1,2,2,74
82.57,1,3,2,74
93.0,0,18,2,74
81.92,1,4,2,74
83.02,1,17,2,74
92.76,1,3,2,74
77.92,1,18,2,74
89.28,1,18,2,74
84.45,1,3,2,74
92.21,1,6,2,74
89.9,1,6,2,74
89.24,1,6,2,74
79.15,0,18,2,74
95.01,1,18,2,74
95.98,0,4,2,74
82.94,1,3,2,74
96.01,1,6,2,74
68.61,1,17,2,74
87.32,1,6,2,74
57.92,1,6,2,74
97.05,1,5,2,74
85.39,0,4,2,74
91.32,1,4,2,74
66.96,0,5,2,74
90.42,1,6,2,74
71.19,1,4,2,74
78.41,1,6,2,74
85.8,0,6,2,74
79.58,1,4,2,74
84.4,1,4,2,74
60.17,1,3,2,74
73.54,1,6,2,74
90.35,0,18,2,74
67.64,1,6,2,74
75.56,1,6,2,74
94.8,1,18,2,74
61.35,0,18,2,74
45.33,0,4,2,74
87.16,0,18,2,74
56.45,0,17,2,74
83.85,1,18,2,74
82.16,0,4,2,74
96.47,0,18,2,74
83.98,0,4,2,74
65.43,1,4,2,74
96.38,1,18,2,74
64.56,0,14,2,74
75.91,1,14,2,74
96.69,1,15,2,74
86.18,1,15,2,74
84.34,1,15,2,74
68.72,0,15,2,74
96.62,1,15,2,74
92.18,1,18,2,74
84.16,0,15,2,74
87.83,1,15,2,74
80.32,0,15,2,74
81.77,1,15,2,74
96.91,1,15,2,74
71.34,0,17,2,74
97.0,0,15,2,74
87.44,1,15,2,74
75.27,0,18,2,74
80.75,1,15,2,74
85.19,1,15,2,74
93.41,0,18,2,74
77.49,1,18,2,74
79.0,1,14,2,74
64.87,1,15,2,74
73.75,1,15,2,74
88.06,0,15,2,74
96.23,1,15,2,74
89.05,1,18,2,74
73.78,1,15,2,74
83.3,1,18,2,74
86.84,0,15,2,74
92.94,1,15,2,74
74.7,1,17,2,74
83.17,1,15,2,74
66.01,0,15,2,74
87.69,1,15,2,74
83.47,1,15,2,74
90.11,1,15,2,74
82.96,0,17,2,74
94.06,1,15,2,74
85.52,1,15,2,74
67.15,1,18,2,74
64.21,0,17,2,74
91.3,1,15,2,74
62.95,1,14,2,74
95.47,1,15,2,74
95.06,0,15,2,74
67.47,1,15,2,74
81.75,1,15,2,74
64.73,1,15,2,74
88.81,1,17,2,74
83.68,1,16,2,74
76.33,1,16,2,74
77.56,0,10,3,74
71.17,1,17,2,74
81.48,1,15,2,74
79.71,1,17,2,74
52.78,0,6,3,74
86.84,1,9,3,74
92.71,1,6,3,74
90.49,1,17,2,74
96.32,0,17,2,74
91.58,0,16,2,74
92.9,1,16,2,74
85.06,1,16,2,74
93.39,1,17,2,74
84.72,1,16,2,74
77.16,1,1,3,74
66.85,1,16,2,74
74.1,1,3,3,74
66.58,1,16,2,74
49.57,0,10,3,74
84.09,1,10,3,74
70.44,0,15,3,74
94.5,1,15,3,74
77.94,1,6,3,74
83.54,0,10,3,74
74.38,0,10,3,74
82.64,0,10,3,74
95.62,1,10,3,74
80.13,0,10,3,74
86.02,1,10,3,74
76.1,1,6,3,74
77.04,0,10,3,74
71.63,0,10,3,74
74.35,1,1,2,74
88.96,1,9,2,74
93.35,1,1,2,74
90.47,1,1,2,74
77.88,0,9,2,74
93.69,1,1,2,74
92.37,0,1,2,74
94.87,0,1,2,74
81.09,1,1,2,74
78.31,0,1,2,74
72.32,1,1,2,74
82.62,1,1,2,74
93.67,1,9,2,74
83.54,1,1,2,74
88.51,0,1,2,74
74.38,0,1,2,74
33.9,1,1,2,74
97.87,1,1,2,74
87.21,0,1,2,74
84.49,0,1,2,74
50.46,0,1,2,74
85.31,1,9,2,74
67.92,1,1,2,74
60.57,0,1,2,74
95.58,0,1,2,74
91.21,0,9,2,74
78.58,1,9,2,74
97.52,1,9,2,74
68.21,0,1,2,74
69.54,1,1,2,74
81.1,0,1,2,74
84.31,1,6,2,75
89.34,1,9,2,75
69.58,1,6,2,75
69.93,1,1,2,75
80.54,1,18,2,75
89.82,1,9,2,75
74.56,1,1,2,75
63.73,1,18,2,75
79.46,1,6,2,75
86.27,1,6,2,75
90.58,1,9,2,75
69.04,1,9,2,75
60.84,1,6,2,75
90.23,1,6,2,75
90.23,1,6,2,75
95.8,1,6,2,75
71.04,1,1,2,75
76.82,1,6,2,75
75.21,1,1,2,75
72.51,1,9,2,75
57.78,1,9,2,75
70.75,1,1,2,75
63.58,1,1,2,75
54.11,1,14,2,75
76.52,1,14,2,75
80.41,1,10,2,75
95.4,1,16,2,75
93.27,1,14,2,75
64.99,1,14,2,75
76.8,1,14,2,75
56.52,1,10,2,75
74.18,1,14,2,75
69.33,1,11,2,75
78.2,1,14,2,75
81.25,1,16,2,75
73.07,1,14,2,75
83.12,1,10,2,75
71.58,1,14,2,75
70.84,1,16,2,75
59.03,1,12,2,75
82.04,1,14,2,75
85.04,1,13,2,75
74.6,1,10,2,75
79.66,1,10,2,75
72.62,1,10,2,75
88.5,1,9,2,75
61.19,1,10,2,75
69.93,1,3,2,75
75.72,1,3,2,75
85.44,1,1,2,75
84.81,1,2,2,75
72.87,1,10,2,75
94.92,1,1,2,75
76.02,1,3,2,75
85.49,1,10,2,75
55.08,1,10,2,75
83.44,1,1,2,75
86.58,1,10,2,75
87.11,1,9,2,75
97.15,1,3,2,75
75.46,1,2,2,75
75.15,1,10,2,75
68.45,1,10,2,75
59.83,1,2,2,75
94.61,1,1,2,75
80.4,1,10,2,75
65.37,1,2,2,75
47.85,1,2,2,75
95.74,1,3,2,75
90.7,1,1,2,75
93.95,1,4,2,75
95.66,1,4,2,75
87.39,1,18,2,75
84.87,1,6,2,75
91.91,1,6,2,75
85.04,1,17,2,75
53.83,0,6,2,75
68.75,1,18,2,75
90.13,1,18,2,75
77.73,1,4,2,75
90.42,1,18,2,75
89.48,1,18,2,75
84.14,1,17,2,75
81.4,1,6,2,75
77.51,1,4,2,75
71.04,1,4,2,75
73.0,1,4,2,75
91.91,1,6,2,75
64.75,1,6,2,75
97.15,1,3,2,75
78.53,1,4,2,75
69.46,1,4,2,75
85.82,1,3,2,75
83.3,1,6,2,75
79.41,1,4,2,75
84.5,1,17,2,75
96.66,1,15,2,75
70.9,1,15,2,75
61.25,1,18,2,75
97.64,1,15,2,75
97.72,1,18,2,75
92.09,1,15,2,75
56.85,1,15,2,75
78.27,1,15,2,75
61.92,1,15,2,75
81.06,1,15,2,75
78.62,1,10,2,75
66.49,1,10,2,75
67.31,1,10,2,75
54.96,1,10,2,75
70.29,1,15,2,75
39.65,1,18,2,75
69.25,1,15,2,75
51.44,1,15,2,75
76.75,1,15,2,75
81.86,1,9,3,75
83.67,1,17,2,75
43.71,1,16,2,75
91.93,1,16,2,75
40.85,1,16,2,75
74.56,1,9,3,75
72.29,1,17,2,75
81.69,1,16,2,75
81.55,1,17,2,75
78.88,1,16,2,75
95.66,1,18,3,75
52.98,1,1,2,75
88.43,1,10,2,75
82.14,1,10,2,75
73.45,1,1,2,75
55.51,1,1,2,75
47.06,1,1,2,75
84.4,1,9,2,75
96.27,1,1,2,75
93.79,1,9,2,75
86.98,1,1,2,75
83.45,1,9,2,75
86.35,1,10,2,75
83.88,1,10,2,75
89.62,1,1,2,75
97.8,1,1,2,75
71.96,0,1,2,75
79.35,1,1,2,75
96.52,1,10,2,75
81.96,1,9,2,75
99.3,1,9,2,75
88.62,1,10,2,75
80.2,1,1,2,75
75.27,1,1,2,75
57.97,1,1,2,75
57.34,1,10,2,75
95.63,1,1,2,75
86.99,1,1,2,75
83.68,1,1,2,75
97.36,1,18,2,76
94.94,1,6,2,76
77.88,1,7,2,76
84.16,1,1,2,76
62.41,1,9,2,76
88.55,1,14,2,76
78.71,1,3,2,76
94.46,1,10,2,76
88.44,1,5,2,76
88.28,1,6,2,76
93.79,1,18,2,76
94.89,1,17,2,76
99.09,1,15,2,76
91.71,1,15,2,76
92.1,1,15,2,76
93.19,1,15,3,76
82.99,1,1,2,76
92.21,1,1,2,76
88.39,1,9,2,76
94.28,1,10,2,76
92.73,1,6,2,77
96.75,1,9,2,77
96.91,1,9,2,77
98.11,1,9,2,77
72.44,1,9,2,77
75.62,1,14,2,77
96.41,1,2,2,77
73.45,1,4,2,77
98.2,1,10,2,77
83.41,1,4,2,77
74.47,1,6,2,77
91.98,1,6,2,77
89.47,1,6,2,77
96.54,1,18,2,77
98.27,1,18,2,77
74.6,1,4,2,77
73.49,1,4,2,77
93.58,1,18,2,77
95.89,1,18,2,77
96.72,1,17,2,77
85.0,1,15,2,77
97.62,1,15,2,77
57.2,1,15,2,77
58.3,1,10,2,77
89.23,1,15,2,77
57.89,1,10,2,77
93.84,1,9,2,77
